time_s,x_m,y_m,z_m,vx_mps,vy_mps,vz_mps,altitude_km,speed_mps,density_kgm3,sunlight,q_norm,q0,q1,q2,q3,wx_rads,wy_rads,wz_rads,control_x_Nm,control_y_Nm,control_z_Nm,disturbance_x_Nm,disturbance_y_Nm,disturbance_z_Nm
0.0,6858137.0,0.0,0.0,0.0,4742.3242,5983.3241,480.0,7634.776100420132,9.53106325513816e-13,1.0,0.9999999706642047,0.9961934,0.0453225,-0.0230466,0.0708052,0.0008727,-0.0005236,0.0006981,0.0,0.0,0.0,2.257517585600829e-06,5.034815016586834e-06,-1.142407272407342e-05
10.0,6857712.673184705,47422.26393098634,59832.00352121582,-84.86448055242795,4742.030781317054,5982.952859039785,480.00063697695174,7634.77457588043,9.530968130614909e-13,1.0,0.9999999475898366,0.9959545279598255,0.0475542773721837,-0.02459853098832948,0.07216631064993158,3.044765360809511e-05,-0.0001471483357631974,-0.00011614515152580234,-0.0019511457161277225,0.0013855813968344846,-0.0024875995518438727,2.2812049965941735e-06,4.8905358765754455e-06,-1.1198531347223324e-05
20.0,6856439.68365318,94838.65288984598,119656.57387738094,-169.71831170747149,4741.150523056571,5981.8391339428035,480.00248540915453,7634.769938379153,9.530692095810301e-13,1.0,0.9999999158740754,0.9961738038338493,0.04625735787234086,-0.02457938441837549,0.06995494984374784,-0.0005298660611871135,0.00013710863737735675,-0.0007245540071901717,-0.0012239124457478483,0.001000063160478067,-0.001767585127122715,2.3204477537924266e-06,4.724337420755755e-06,-1.056608584176817e-05
30.0,6854318.181480165,142243.30327717756,179466.2922973128,-254.5508652467735,4739.683531800589,5979.983059939375,480.00553572843876,7634.76217846905,9.530236595212154e-13,1.0,0.9999998596359515,0.9966818700685883,0.04273585772912744,-0.023395853641766003,0.0652016076874889,-0.0008645261625489142,0.0003372968185889507,-0.0011418673959315787,-0.0006789743774259121,0.0006721418120839549,-0.0011566399804641546,2.3648962849121644e-06,4.5312104424132575e-06,-9.64483818155665e-06
40.0,6851348.44016495,189630.35299242355,239253.74191125762,-339.35151556137095,4737.630001346558,5977.384882859525,480.0097957710894,7634.751306926137,9.529600484475704e-13,1.0,0.9999998341624426,0.9973187822165347,0.0379657809032895,-0.02140354709247541,0.05878267274720146,-0.0010329310483791414,0.0004670048372741797,-0.001399004615310821,-0.00028406412109795544,0.0004005760776065855,-0.0006539743704859738,2.405447859224777e-06,4.30918089883209e-06,-8.534303791134979e-06
50.0,6847530.754237218,236993.91853643718,299011.478783104,-424.10960114247104,4734.99014185242,5974.04486948976,480.0151864195932,7634.737238431834,9.528795612218943e-13,1.0,0.9999997531594852,0.99796361760135,0.03265703963292734,-0.018907384080914975,0.051421326827378495,-0.0010832581097467877,0.0005390358470007879,-0.001526447479039696,-9.716642403632435e-06,0.0001827392077546849,-0.00025367741723385934,2.4352026022717306e-06,4.0601990669428005e-06,-7.31751215794731e-06
60.0,6842865.648475358,284328.14931025833,358732.10061295476,-508.81451940919175,4731.7643245207655,5969.963490622937,480.02175432936195,7634.720028746297,9.527815056146913e-13,1.0,0.9999997057339748,0.9985409488328835,0.027302307441388497,-0.016158768354793983,0.04369053885674609,-0.001053481185463591,0.0005652999466492746,-0.0015525094920440102,0.0001699832631514135,1.463906444196277e-05,5.3317221335306e-05,2.4498882688006814e-06,3.7893239000609133e-06,-6.061357926969464e-06
70.0,6837353.744786518,331627.1981005622,418408.2093970793,-593.4556728998164,4727.952989598002,5965.141304658858,480.0295377531564,7634.699725077132,9.526653160553509e-13,1.0,0.9999996624555008,0.9990138434322907,0.022227433228112062,-0.01335791688061942,0.03603016528491488,-0.0009730167234470499,0.0005567104479240877,-0.0015026091439426536,0.00027735571983100477,-0.00010883265116313023,0.00027784573998727776,2.4477735423971293e-06,3.503389547322295e-06,-4.817793983425554e-06
80.0,6830995.755833942,378885.1871256694,478032.3684714124,-678.0224080382192,4723.556642064946,5959.578952163438,480.0385552443378,7634.676353563867,9.525307222754173e-13,1.0,0.9999996733739788,0.9993736089209909,0.01763044385878763,-0.010656912489326816,0.028763417839948617,-0.0008641282312617167,0.0005230474801780739,-0.0013989568870737088,0.0003312485735783248,-0.00019357088749491345,0.0004315879133772818,2.429230256978909e-06,3.2096744072194603e-06,-3.6249529330827105e-06
90.0,6823792.594160527,426096.2891148674,537597.205097002,-762.5041598190711,4718.575927071699,5953.277251289087,480.04892418181896,7634.650051181002,9.523759805056105e-13,1.0,0.999999716295094,0.9996292760537144,0.013612019675304194,-0.008162212066297334,0.02210959658472227,-0.0007429130284964101,0.0004726941576620769,-0.0012601657019910607,0.00034699998671755176,-0.00024578068673969795,0.0005261962713051455,2.3960910104754587e-06,2.914783040881253e-06,-2.5082165854672224e-06
100.0,6815745.093805115,473254.66445126495,597095.3309344595,-846.8903436253079,4713.011437262916,5946.236954011104,480.0605762861418,7634.620748612475,9.522021192771317e-13,1.0,0.9999997550832271,0.9997987187801513,0.010204916163466147,-0.005942031555301549,0.016204445043714277,-0.0006206641277701099,0.00041265170905614956,-0.0011015324100996074,0.00033689505888449155,-0.00027164216290584913,0.0005728557634262797,2.351004880887066e-06,2.624091696067515e-06,-1.482522973457256e-06
110.0,6806854.241281019,520354.4860817184,656519.3735629185,-931.1703993789276,4706.863872471243,5938.458948169699,480.07349116270615,7634.588430672034,9.520094532894763e-13,1.0,0.9999997556244846,0.9999025009780609,0.007395016426941198,-0.004032489903766779,0.011115419203485041,-0.0005048451462645548,0.000348536359587642,-0.0009352244861697618,0.0003104929425862893,-0.00027701022713355443,0.000581928155454374,2.2968699406694967e-06,2.34147269010213e-06,-5.543351617128698e-07
120.0,6797121.156278095,567389.8975189547,715861.9233469279,-1015.333714477827,4700.134026564619,5929.944240849132,480.08766839836073,7634.553105389055,9.517980001322807e-13,1.0,0.9999998067476116,0.9999601155441457,0.005137868791312038,-0.002444173123179777,0.006856321041665995,-0.00039998736442222176,0.0002846772254851943,-0.0007706215618191653,0.00027504176782363823,-0.000267230465264171,0.0005627822338972844,2.236424730772656e-06,2.0693222378192256e-06,2.763467559619026e-07
130.0,6786547.055620361,614355.093904207,775115.635999518,-1099.3697711823875,4692.82276219299,5920.693926389046,480.10310725247024,7634.514780988141,9.515677833848785e-13,1.0,0.9999998554081934,0.9999877042934308,0.003372384557332092,-0.0011683943038153463,0.003400581642883996,-0.0003083858200998042,0.0002241844702058391,-0.0006145264616256839,0.00023576570819854625,-0.0002469293289560989,0.0005235355993538869,2.1719967718378193e-06,1.8087536825765902e-06,1.0141464960302775e-06
140.0,6775133.254845953,661244.2595651621,834273.1535829033,-1183.2680335678938,4684.931012072302,5910.709188036435,480.119796483824,7634.473454841452,9.513189842456777e-13,1.0,0.9999999027609622,0.9999975855761442,0.0020298899460100286,-0.0001830460963823352,0.0006931123644870784,-0.00023077470190892638,0.00016915612379163388,-0.0004716256954940328,0.00019631411025290495,-0.00022001153514239263,0.0004711106608823395,2.105389093186644e-06,1.55988330503064e-06,1.6667191282744514e-06
150.0,6762881.284824986,708051.6052477463,893327.1516167495,-1267.0180113063138,4676.45985984831,5899.991400241381,480.1378376064412,7634.429250747519,9.510501045978567e-13,1.0,0.9999999429208355,0.9999983562306706,0.0010409116100078687,0.0005425791598793712,-0.0013399583973450597,-0.0001668110452711564,0.00012083321502652736,-0.0003448060469923956,0.00015907093871254024,-0.0001896373404926006,0.0004112156645991051,2.037859123757491e-06,1.322107454402393e-06,2.2435036682664985e-06
160.0,6749792.412043935,754771.329214079,952270.2898608819,-1350.609201768649,4667.41020716336,5888.541707425716,480.15696206091343,7634.381880540626,9.507651622643862e-13,1.0,0.9999999629811337,0.9999954891418482,0.0003398052264123803,0.0010435952926396907,-0.002782642538606387,-0.00011548021164910614,7.977869911438084e-05,-0.00023550939079114745,0.0001254568502774796,-0.00015826222528483383,0.0003484054758573087,1.970189345177075e-06,1.0944057435307841e-06,2.7546750221612834e-06
170.0,6735868.392207242,801397.6591071497,1011095.265286469,-1434.0311537513305,4657.783295921591,5876.3616847663925,480.17728564218805,7634.331485591,9.50462447263938e-13,1.0,0.9999999730786809,0.9999921104454239,-0.00013328386697069594,0.0013568707139418785,-0.0037237536902954556,-7.537230836393252e-05,4.603262674191674e-05,-0.00014403347182209827,9.618322129706432e-05,-0.0001277188674973131,0.00028620497471373635,1.9027303896614718e-06,8.754856467991122e-07,3.2105667921994844e-06
180.0,6721111.13514449,847924.8611867368,1069794.8237623859,-1517.2734814864843,4647.580476817782,5863.4530453152975,480.19898084335586,7634.278271109664,9.501394086627718e-13,1.0,0.9999999757202991,0.999989694372797,-0.0004305100232360832,0.001518383549366496,-0.004251089426927803,-4.4912778285350005e-05,1.9256090004455745e-05,-6.981321774685385e-05,7.145300128245329e-05,-9.928428293990324e-05,0.00022719462352220086,1.8355129550171968e-06,6.639827820170705e-07,3.621062581388083e-06
190.0,6705522.112831623,894347.118130794,1128361.6054535503,-1600.3256614949723,4636.802798235447,5849.817119920415,480.22165831209253,7634.221816863679,9.498018615919784e-13,1.0,0.9999999765050284,0.9999886858582074,-0.0005961883652961242,0.0015618008231557978,-0.004448202249714909,-2.2508264295209533e-05,-1.1440810237247179e-06,-1.1673177679657794e-05,5.113083974441927e-05,-7.377998273188002e-05,0.00017315926740896976,1.7683558105928044e-06,4.5861239385090574e-07,3.995274340477952e-06
200.0,6689103.6781474,940658.7358122685,1186788.406436543,-1683.1773826610731,4625.451920513112,5835.456013892521,480.2457245143726,7634.162590654892,9.494437748105888e-13,1.0,0.9999999762910171,0.9999889588587603,-0.0006668319910874916,0.0015173806006605836,-0.004391768870957454,-6.645480453196325e-06,-1.5920873170470085e-05,3.198325713370917e-05,3.4863699778318674e-05,-5.164679363267822e-05,0.00012519205939825082,1.700896806175914e-06,2.5815486421888203e-07,4.3413745192241334e-06
210.0,6671857.41975668,986853.9242919097,1245067.9016140332,-1765.8181772250605,4613.528975294081,5820.37116390459,480.2706998296166,7634.100073126403,9.49072303868315e-13,1.0,0.9999999755167968,0.9999901447176401,-0.0006716148234367093,0.0014112593385004618,-0.004149551999391075,4.036049320303595e-06,-2.589316442198384e-05,6.296642368115779e-05,2.218713257421422e-05,-3.30375624626559e-05,8.383896606563071e-05,1.6327253272301883e-06,6.162116241015295e-08,4.666381127684714e-06
220.0,6653785.7468814785,1032927.0082628037,1303192.9109713754,-1848.237779493081,4601.035663785016,5804.564727455836,480.2968396610571,7634.034565299766,9.486836681272718e-13,1.0,0.9999999746740434,0.9999918286134343,-0.0006333945550818976,0.001265446516074153,-0.00378014694157399,1.0727368559973218e-05,-3.189492659592651e-05,8.318848976494955e-05,1.2586495974435342e-05,-1.788562969305849e-05,4.920731650860458e-05,1.5633691299726292e-06,-1.318472018703457e-07,4.976239425233906e-06
230.0,6634890.946094724,1078872.2942315068,1361156.231537215,-1930.4258912515304,4587.9736041411525,5788.038757222438,480.3241670900853,7633.9661100255935,9.482775458484947e-13,1.0,0.9999999739407407,0.9999936560366969,-0.0005695333056358499,0.001097824096553329,-0.003332593871035021,1.443512347229104e-05,-3.472524188252625e-05,9.454188469785622e-05,5.548032362320622e-06,-5.972434503176564e-06,2.107966915913761e-05,1.4923701730803076e-06,-3.229070834171112e-07,5.2757918976531785e-06
240.0,6615175.404497424,1124684.1080125626,1418950.6848234613,-2012.372250414189,4574.344485546388,5770.795395983703,480.35270408534166,7633.894749666937,9.478536333609125e-13,1.0,0.9999999733794097,0.9999953747469027,-0.0004928067014782816,0.0009224046664453284,-0.0028466743417609524,1.5987133869168637e-05,-3.5118527748267964e-05,9.88217865083651e-05,5.887639995985369e-07,3.0197441027353336e-06,-9.939238491141092e-07,1.4193032850194062e-06,-5.120398339655086e-07,5.5688541166726375e-06
250.0,6594641.934083,1170356.82495474,1476569.1550716087,-2094.0666751605168,4560.15029430973,5752.8371626857515,480.38279702566655,7633.820889115043,9.474068128409425e-13,1.0,0.9999999731032635,0.9999968372277303,-0.00041229323213229634,0.0007497431415306184,-0.002353644105729827,1.6049209582180276e-05,-3.372901060313645e-05,9.767968992803565e-05,-2.727955764614135e-06,9.466918107880007e-06,-1.762057056040543e-05,1.3437808802857862e-06,-6.995922531236497e-07,5.858329168758609e-06
260.0,6573292.466663148,1215884.7068103938,1534004.3828603064,-2175.4988004449547,4545.392406293166,5734.165804200682,480.41378855442537,7633.743814668493,9.469468702232375e-13,1.0,0.9999999729483421,0.9999979834662988,-0.0003340760996837577,0.0005873038205182947,-0.0018768130975201185,1.513613474819689e-05,-3.111286510783344e-05,9.256599221963406e-05,-4.777415343938875e-06,1.3761518784309654e-05,-2.9483165605226894e-05,1.2655137491221718e-06,-8.857049071794597e-07,6.146248616832709e-06
270.0,6551129.979393686,1261262.17725954,1591249.3137001982,-2256.658548451754,4530.072922441752,5714.783984965131,480.44599250271824,7633.663896305252,9.464691707545056e-13,1.0,0.9999999729781777,0.9999988153867915,-0.00026200333132888134,0.0004400156475642672,-0.0014328020987084034,1.364163204578815e-05,-2.7736012844793392e-05,8.474008597754554e-05,-5.879040936615689e-06,1.6296162519324005e-05,-3.730556349827917e-05,1.1842416662442049e-06,-1.070473147245794e-06,6.433982816937816e-06
280.0,6528157.239044477,1306483.6276462008,1648296.8522557737,-2337.535784353697,4514.193799765644,5694.6941875648245,480.47939983988925,7633.581144840293,9.459738753902425e-13,1.0,0.9999999731231569,0.9999993722255444,-0.00019822304736181955,0.0003107092366149005,-0.0010324544666220968,1.185481983236169e-05,-2.3972548983678077e-05,7.525341680524794e-05,-6.2946721806655565e-06,1.744044207208682e-05,-4.1801784200929625e-05,1.099780750614999e-06,-1.253880598077928e-06,6.722305070773974e-06
290.0,6504377.180590277,1351543.483809167,1705139.9469006648,-2418.1204363063407,4497.7571130824845,5673.89904386115,480.51407251614984,7633.495650925264,9.454600942796094e-13,1.0,0.9999999733302369,0.9999997104367231,-0.00014365540998939423,0.0002005569752613756,-0.0006818555326297289,9.980523763025803e-06,-2.0112334680938304e-05,6.495839099379207e-05,-6.234031987200467e-06,1.7529969958071515e-05,-4.364851934666231e-05,1.0120063233492562e-06,-1.435847548932117e-06,7.011519000104059e-06
300.0,6479792.78804375,1396436.1826877887,1761771.5601223852,-2498.4024543298856,4480.764972461056,5652.401230551307,480.5500185451312,7633.407445785496,9.44927739182219e-13,1.0,0.9999999735482715,0.999999889256229,-9.837041268125512e-05,0.00010947600761413656,-0.00038330449948320805,8.156948719921142e-06,-1.6370077283767328e-05,5.452206673919375e-05,-5.860807336071645e-06,1.685922579334897e-05,-4.346438859970791e-05,9.208517606416239e-07,-1.6162418793828852e-06,7.301560768860156e-06
310.0,6454407.135574581,1441156.1804115067,1818184.6787593688,-2578.3718256535167,4463.21955145503,5630.203504884448,480.5872351744734,7633.316549326866,9.443768825197211e-13,1.0,0.9999999737441944,0.9999999618899686,-6.188088492320252e-05,3.647760592362216e-05,-0.00013619321243355114,6.471023692721426e-06,-1.289558378865427e-05,4.444466044810284e-05,-5.2993401974283745e-06,1.5678576991559404e-05,-4.179762930539976e-05,8.263002152532604e-07,-1.7948986212142095e-06,7.5920948560559725e-06
320.0,6428223.398083638,1485697.9552173638,1874372.317694436,-2658.0185800954027,4445.12309434635,5607.308713823075,480.6257204289716,7633.222982996097,9.4380758621424e-13,1.0,0.9999999739022584,0.999999971209702,-3.336532351595912e-05,-2.0035245119613718e-05,6.221299595426975e-05,4.971320279056471e-06,-9.784320482400468e-06,3.508056072447849e-05,-4.641220460767607e-06,1.4194211701282195e-05,-3.911996565150219e-05,7.283766794966672e-07,-1.9716345732378065e-06,7.8825966099531e-06
330.0,6401245.315606289,1530056.1198145612,1930327.66201465,-2737.3329781223756,4426.478240261965,5583.720204050086,480.6659715900421,7633.12732513654,9.43212534756162e-13,1.0,0.9999999740388236,0.9999999486901413,-1.1828827013751072e-05,-6.202947145102832e-05,0.00021612446885977747,3.6785389444250554e-06,-7.087464587740439e-06,2.6659740033205746e-05,-3.951440621062177e-06,1.2570240111629442e-05,-3.582559769520159e-05,6.271236982538539e-07,-2.146292596062469e-06,8.17243403617934e-06
340.0,6373475.331585144,1574224.9788857028,1986043.5071877134,-2816.3047539494373,4407.286727668718,5559.440183152914,480.70699144014065,7633.028489207829,9.426065053957764e-13,1.0,0.9999999741181083,0.9999999152762304,3.766005445730947e-06,-9.161654337352181e-05,0.0003305691687060071,2.594527029695688e-06,-4.822529059397634e-06,1.93121425998185e-05,-3.2739901862781725e-06,1.0932199546259494e-05,-3.2233060762839314e-05,5.226597806863727e-07,-2.3186170744127947e-06,8.460875174449672e-06
350.0,6344917.849870167,1618199.308467146,2041513.2450941852,-2894.9244710168146,4387.551655787031,5534.472580293069,480.7497794576986,7632.927614428642,9.419747679573287e-13,1.0,0.9999999741734281,0.9999998834128244,1.4444622830630462e-05,-0.00011095371254210684,0.0004110983106867726,1.7080346699794594e-06,-2.980257999206072e-06,1.308401070570133e-05,-2.6365989109621646e-06,9.371618674771006e-06,-2.859175539636819e-05,4.150566690925494e-07,-2.4884928057938524e-06,8.747219328901686e-06
360.0,6315575.514625883,1661973.448250098,2096729.7156611274,-2973.1819322792935,4367.274903624722,5508.819781332773,480.7933338178536,7632.823610530092,9.41332150798367e-13,1.0,0.9999999742002998,0.999999859219812,2.11456228985878e-05,-0.0001220824704708917,0.0004632598507958622,1.000714366686173e-06,-1.5340984208609322e-06,7.961915763156347e-06,-2.054948653091078e-06,7.95104173395801e-06,-2.5088188788739278e-05,3.0446502865161524e-07,-2.655682679381947e-06,9.030731848096378e-06
370.0,6285452.461083842,1705542.113209983,2151686.233688749,-3051.0676113778586,4346.459383068117,5482.48547892014,480.838155861361,7632.717063040531,9.406712874869331e-13,1.0,0.9999999742123498,0.9999998445960186,2.471179860910216e-05,-0.00012689337126599906,0.0004924632352342794,4.5003199115867705e-07,-4.4485656557260413e-07,3.884989947407759e-06,-1.5358207666604434e-06,6.7086303209813574e-06,-2.1853951258773546e-05,1.9099330036430694e-07,-2.820063313174896e-06,9.310755015099444e-06
380.0,6254552.456402546,1748899.929092012,2206376.0011772285,-3128.57182122399,4325.107753357411,5455.473046349748,480.88424580759556,7632.607999770313,9.399922138454405e-13,1.0,0.9999999742155282,0.9999998389448617,2.5867220813505933e-05,-0.0001270578141235055,0.0005037147074715366,3.236596803656546e-08,3.331386792127537e-07,7.620868939659787e-07,-1.0799068066790745e-06,5.663212318283502e-06,-1.8974197890543516e-05,7.476914539150273e-08,-2.9814926189655865e-06,9.58667427632287e-06
390.0,6222879.364260532,1792041.5485671032,2260792.254282465,-3205.684926288655,4303.222741189265,5427.785942475999,480.93160375036206,7632.496449017374,9.392949686106867e-13,1.0,0.9999999742141855,0.9999998404490058,2.5218773093835366e-05,-0.00012401090818534003,0.0005015133525288694,-2.7532210813227984e-07,8.482036017999166e-07,-1.5167911099383415e-06,-6.838831097892311e-07,4.81863987887889e-06,-1.6495910847223045e-05,-4.40807759350129e-08,-3.1398431168498863e-06,9.857939694734297e-06
400.0,6190437.144304477,1834961.651893572,2314928.264155371,-3282.397343840519,4280.807140276934,5399.4277111543515,480.98022962145785,7632.382439519051,9.385795939593405e-13,1.0,0.9999999742111898,0.9999998469231633,2.326210067221618e-05,-0.00011894634822583912,0.0004897822688645122,-4.943594413096617e-07,1.1482116720873658e-06,-3.0706993030029017e-06,-3.4200928207805643e-07,4.167720070031556e-06,-1.4435713733278186e-05,-1.6543358226846454e-07,-3.295001151076723e-06,1.0124069574188011e-05
410.0,6157229.8516134815,1877654.9475800984,2368777.3377827704,-3358.699545183772,4257.863810920642,5370.401980695513,481.03012318379245,7632.266000436805,9.37846135595957e-13,1.0,0.9999999742082036,0.9999998563175615,2.039191420133407e-05,-0.00011282449063066742,0.000471843266870517,-6.437268833935502e-07,1.2783769957352938e-06,-4.020096358247821e-06,-4.7308208236673336e-08,3.6956032084105107e-06,-1.2787008966324477e-05,-2.891721113699129e-07,-3.4468656276710906e-06,1.0384649951844565e-05
420.0,6123261.636168001,1920116.1730487677,2422332.818828354,-3434.5820568926806,4234.3956795805025,5340.712463322757,481.0812840425186,7632.147161360963,9.37094642575249e-13,1.0,0.9999999742060092,0.9999998669622737,1.6914531518126405e-05,-0.00010638960332697013,0.0004504249158658296,-7.397811870938116e-07,1.2797776149933212e-06,-4.4811152613922435e-06,2.075944222469736e-07,3.3826127312830087e-06,-1.1526296015748317e-05,-4.1518611868114245e-07,-3.595346484899063e-06,1.0639331102572501e-05
430.0,6088536.745872961,1962340.0919431485,2475588.0842303303,-3510.0354559761445,4210.405740957587,5310.362957809265,481.1337123334873,7632.025953137937,9.363251571874115e-13,1.0,0.999999974204834,0.9999998776382617,1.3061259025403495e-05,-0.00010019316669250867,0.00042769599362441665,-7.962333146776679e-07,1.18850756176867e-06,-4.561579419972862e-06,4.299052682083688e-07,3.206516276247244e-06,-1.0618572247115291e-05,-5.433728335549104e-07,-3.740363093242627e-06,1.0887821952365287e-05
440.0,6053059.515382862,2004321.504941734,2528536.55788052,-3585.050389437262,4185.897050059151,5279.357339416518,481.1874067092473,7631.902405413031,9.355377445077223e-13,1.0,0.9999999742045977,0.9999998875493565,9.000979674471868e-06,-9.461909731764473e-05,0.00040531059595034336,-8.24257657788653e-07,1.0352230935335372e-06,-4.358164546759413e-06,6.262881400654766e-07,3.1443562061881905e-06,-1.0021950036093004e-05,-6.736370631297004e-07,-3.881842567700215e-06,1.1129883694336876e-05
450.0,6016834.376119085,2046055.2401626324,2581171.6984903766,-3659.617556990443,4160.872729204861,5247.699568775993,481.24236642470584,7631.776549153227,9.347324617524448e-13,1.0,0.9999999742050113,0.9999998962418748,4.852675273541586e-06,-8.991201055868541e-05,0.00038447177355334703,-8.327543807409563e-07,8.452042361205853e-07,-3.955176586915298e-06,8.026759286298228e-07,3.173729544600187e-06,-9.691243772375554e-06,-8.058907883660673e-07,-4.019718362525607e-06,1.136532219791807e-05
460.0,5979865.852181028,2087536.15726245,2633487.0047775735,-3733.727718471545,4135.335965093441,5215.39368816878,481.29859065111077,7631.648415805643,9.33909368347894e-13,1.0,0.9999999742057699,0.9999999035143821,6.959536973325256e-07,-8.620319613263607e-05,0.00036599356749776016,-8.28622263270651e-07,6.385789770251002e-07,-3.4239488548057832e-06,9.641754948800548e-07,3.2737375430981296e-06,-9.58084751001193e-06,-9.400525613113257e-07,-4.153928932895929e-06,1.1593980898246184e-05
470.0,5942159.010136256,2128759.277869246,2685476.180482658,-3807.3719154626638,4109.290324118647,5182.444220374463,481.35657320185936,7631.518588579972,9.330612931255618e-13,1.0,0.9999999742075015,0.9999999093350384,-3.4196576806717927e-06,-8.353452843284036e-05,0.00035036439205810813,-8.170806979527683e-07,4.3079071651608146e-07,-2.823237247919149e-06,1.1150813548264708e-06,3.4255063762664985e-06,-9.646611296431501e-06,-1.0760616899660858e-06,-4.284448148020754e-06,1.181574350360981e-05
480.0,5903717.654715584,2169719.2702462627,2737132.4824030697,-3880.540580406521,4082.73849285239,5148.854575479902,481.415323913306,7631.38599709389,9.322027679862086e-13,1.0,0.9999999742082704,0.999999913768966,-7.467191609968379e-06,-8.188385102963836e-05,0.00033781337733451667,-8.018747090883317e-07,2.329881113137938e-07,-2.1990425346453573e-06,1.2588203084950502e-06,3.6128847083190487e-06,-9.848427488276162e-06,-1.2138171754937589e-06,-4.41115817227148e-06,1.2030488863886172e-05
490.0,5864547.037059725,2210411.219162063,2788449.6943827467,-3953.224891341261,4055.6841599865306,5114.629431370472,481.47533640697503,7631.25122554138,9.313266199701907e-13,1.0,0.9999999742088602,0.9999999169370423,-1.143537036939954e-05,-8.117989197077962e-05,0.0003283636504934354,-7.85686245892652e-07,5.289991754371306e-08,-1.5871242244866818e-06,1.3981697474458539e-06,3.82197858417134e-06,-1.0149512650912282e-05,-1.3532671366213834e-06,-4.5340383152108725e-06,1.2238143942887837e-05
500.0,5824652.045873728,2250830.11681736,2839421.4832683685,-4025.4158602770262,4028.1307648975144,5079.773150777494,481.53660957640597,7631.114307271486,9.304329163981518e-13,1.0,0.9999999742092371,0.9999999189799786,-1.5324030158357363e-05,-8.132129356435627e-05,0.00032188589964612496,-7.702815309220751e-07,-1.0477321758062539e-07,-1.013223414674867e-06,1.5352513661558934e-06,4.041539858319845e-06,-1.0518110352573882e-05,-1.4943474962435486e-06,-4.6530380370972275e-06,1.2438639740386e-05
510.0,5784037.659415501,2290970.9901179844,2890041.5599287874,-4097.104565124083,4000.0818088702895,5044.290174942658,481.599142244434,7630.975276086186,9.29521726550372e-13,1.0,0.9999999742094117,0.9999999200410209,-1.9140052280738085e-05,-8.21893773938819e-05,0.0003181435847144031,-7.567452704883799e-07,-2.3770876649423618e-07,-4.947295234275649e-07,1.6716494201313565e-06,4.26270235027946e-06,-1.0927372643581903e-05,-1.6369962204446745e-06,-4.7681082810221186e-06,1.2631917203009413e-05
520.0,5742708.944830814,2330828.901291515,2940303.6800369895,-4168.282150808871,3971.5408545761793,5008.185022954574,481.66293315947337,7630.834166227572,9.28593121707601e-13,1.0,0.9999999742094207,0.9999999202569538,-2.2894408693959153e-05,-8.365865671909258e-05,0.00031683119034705464,-7.456563856478407e-07,-3.4542139590300955e-07,-4.207332532441335e-08,1.808503498135352e-06,4.4787570633591445e-06,-1.1355277896426669e-05,-1.7811525260744025e-06,-4.879201286702515e-06,1.2817924055078872e-05
530.0,5700671.05747688,2370398.9484984335,2990201.6448451392,-4238.939830377118,3942.511525542833,4971.462291075261,481.7279809913626,7630.691012364408,9.276471751975663e-13,1.0,0.9999999742093099,0.9999999197547709,-2.6600004732443756e-05,-8.560478894448941e-05,0.0003176056236211917,-7.372315009732957e-07,-4.287812079998088e-07,3.3993184902005285e-07,1.9465945433094583e-06,4.6848839761466165e-06,-1.1784355269777089e-05,-1.9267561946511786e-06,-4.98627051816483e-06,1.29966123629046e-05
540.0,5657929.240234911,2409676.2664378625,3039729.301952724,-4309.068886084079,3912.9975056166027,4934.126652056998,481.79428432706,7630.545849578445,9.26683962442911e-13,1.0,0.9999999742091258,0.9999999186513019,-3.027016475987814e-05,-8.791028440796202e-05,0.0003201111383542821,-7.314391467115929e-07,-4.895984058069772e-07,6.508470141587145e-07,2.0864214748465576e-06,4.877865480432233e-06,-1.2201278277001444e-05,-2.0737470007669544e-06,-5.089270678529862e-06,1.3167936751425746e-05
550.0,5614488.822811964,2448656.0269478797,3088880.546067793,-4378.660670471913,3883.0025384175988,4896.1828544498685,481.8618416664265,7630.398713350694,9.257035610070812e-13,1.0,0.9999999742089082,0.9999999170539772,-3.391762318135625e-05,-9.04683103516435e-05,0.00032399835697442694,-7.280883017850079e-07,-5.302763940198158e-07,8.934924156947715e-07,2.2282672418479846e-06,5.055800531366606e-06,-1.2596379545957428e-05,-2.2220642557486224e-06,-5.188157787379053e-06,1.3331853182002444e-05
560.0,5570355.221032254,2487333.4396003503,3137649.3197612585,-4447.7066074340955,3852.530426787654,4857.635721900281,481.9306514181476,7630.249639547794,9.247060506374137e-13,1.0,0.9999999742086865,0.9999999150616912,-3.755390210144799e-05,-9.318492874669445e-05,0.0003289380754873913,-7.268951301218194e-07,-5.535314265850161e-07,1.0729768254699286e-06,2.3722541712102527e-06,5.2178332897148655e-06,-1.2963128840403959e-05,-2.371646461670936e-06,-5.282889299253463e-06,1.3488318197383522e-05
570.0,5525533.936118084,2525703.752290255,3186029.6142141833,-4516.1981932668195,3821.585032231293,4818.490152440603,482.00071189583747,7630.098664408463,9.23691513304785e-13,1.0,0.9999999742084816,0.999999912765307,-4.118897608332206e-05,-9.598008994142484e-05,0.0003346305913860262,-7.27531683782589e-07,-5.621741785192666e-07,1.1958769747729804e-06,2.5183891479742505e-06,5.363905532048699e-06,-1.3297607125749085e-05,-2.5224310667720155e-06,-5.373424245319293e-06,1.3637288542514809e-05
580.0,5480030.553960483,2563762.251819428,3234015.4699579678,-4584.1269977072625,3790.1702743498904,4778.751117770114,482.07202131430057,7629.94582453003,9.22660033240188e-13,1.0,0.9999999742083039,0.9999999102477103,-4.483114271547267e-05,-9.87876762531673e-05,0.0003408113016040714,-7.296600741839005e-07,-5.589468646792464e-07,1.2695646804038861e-06,2.6665995735234444e-06,5.494538387317282e-06,-1.3598001124163563e-05,-2.6743543106945457e-06,-5.459723383798023e-06,1.3778721076303316e-05
590.0,5433850.744379627,2601504.2644746345,3281600.977607347,-4651.484664958586,3758.2901302691034,4738.423662527423,482.14457778587376,7629.791156855005,9.21611696969357e-13,1.0,0.9999999742081586,0.9999999075835404,-4.848703427996506e-05,-0.00010155485506173655,0.0003472532897166495,-7.329552310039725e-07,-5.464085686323276e-07,1.3016732759617222e-06,2.8167612549482234e-06,5.610645992957708e-06,-1.3864135544385098e-05,-2.827351146547396e-06,-5.541749348178667e-06,1.3912572898352222e-05
600.0,5387000.260375165,2638925.15659992,3328780.278586109,-4718.262914701576,3725.948634059707,4697.512903554478,482.2183793168627,7629.6346986576245,9.205465933452187e-13,1.0,0.999999974208045,0.9999999048387825,-5.216172035212563e-05,-0.00010424096322662761,0.0003537675689054938,-7.371189379194558e-07,-5.268611083669355e-07,1.2996909350178225e-06,2.9687194455831413e-06,5.713381388441183e-06,-1.4097054030070788e-05,-2.9813552263321512e-06,-5.619466785353567e-06,1.4038801624918704e-05
610.0,5339484.937366509,2676020.3351631537,3375547.565845429,-4784.453543092794,3693.1498761519683,4656.02402915235,482.29342380400095,7629.476487530357,9.19464813579215e-13,1.0,0.9999999742079593,0.9999999020704196,-5.5858863515233195e-05,-0.00010681610646153534,0.0003602015785212987,-7.41887397581495e-07,-5.023078971019698e-07,1.270666045317041e-06,3.1223042279053803e-06,5.804013300147923e-06,-1.4298654833835977e-05,-3.1362989365803064e-06,-5.692842478531536e-06,1.4157365759044812e-05
620.0,5291310.692423217,2712785.2483166875,3421897.084574729,-4850.048423749143,3659.898002743669,4613.962298328968,482.3697090308955,7629.316561370341,9.183664512720075e-13,1.0,0.9999999742078967,0.9999998993262801,-5.9580900588661414e-05,-0.00010925962065109855,0.00036643645460259904,-7.470341631297008e-07,-4.744387215945168e-07,1.2210086570774656e-06,3.27734134113545e-06,5.883831331650885e-06,-1.4471383226423447e-05,-3.2921134719068674e-06,-5.761845452054725e-06,1.4268225110314258e-05
630.0,5242483.5234856205,2749215.3859520573,3467823.1329049757,-4915.03950871873,3626.1972152019566,4571.333040038972,482.4472326644901,7629.1549583657315,9.172516024430853e-13,1.0,0.9999999742078518,0.9999998966451599,-6.332922999795325e-05,-0.00011155850835438661,0.0003723835141830775,-7.523698968740324e-07,-4.446340427495353e-07,1.1563718989697085e-06,3.4336594334234826e-06,5.954076369415288e-06,-1.4617979602547614e-05,-3.4487289354233345e-06,-5.826447057064457e-06,1.4371341229524695e-05
640.0,5193009.508575748,2785306.2802486885,3513320.0626043393,-4979.4188294379965,3592.0517694591167,4528.141652415837,482.5259922514828,7628.991716981954,9.161203655601993e-13,1.0,0.9999999742078196,0.999999894057236,-6.710439237713432e-05,-0.00011370593375657852,0.0003779803140168453,-7.577400872110264e-07,-4.139832305077712e-07,1.081597876866862e-06,3.591094581603253e-06,6.015892659675475e-06,-1.4741280034228203e-05,-3.606074456409625e-06,-5.886621038334631e-06,1.4466677832424008e-05
650.0,5142894.804998768,2821053.5062165107,3558382.279766127,-5043.178497674968,3557.4659754024588,4484.393601996515,482.6059852147475,7628.826875947873,9.149728415678718e-13,1.0,0.999999974207796,0.9999998915847439,-7.090623643160052e-05,-0.00011569983353579797,0.00038318656965732954,-7.630215751750743e-07,-3.8331200306385307e-07,1.0007137201985596e-06,3.7494927833623637e-06,6.070297929072465e-06,-1.4844064531146649e-05,-3.7640783172040834e-06,-5.9423435835813976e-06,1.4554201194368484e-05
660.0,5092145.648535035,2856452.6822324316,3603004.2454889086,-5106.310706458612,3522.444196258444,4440.09442293875,482.68720884970946,7628.660474241886,9.13809133915706e-13,1.0,0.9999999742077776,0.9999998892428589,-7.473406575201128e-05,-0.00011754167961373686,0.00038798015279576303,-7.681185111313647e-07,-3.5321519346042e-07,9.169649303629459e-07,3.908710995932432e-06,6.118168038713174e-06,-1.4928947374127657e-05,-3.9226680828231235e-06,-5.993593357190088e-06,1.4633880504244554e-05
670.0,5040768.352622893,2891499.4705706397,3647180.4765487993,-5168.807730994223,3486.9908479712,4395.249716231243,482.769660320743,7628.492551077924,9.126293485854944e-13,1.0,0.9999999742077619,0.9999998870407085,-7.858676489136313e-05,-0.00011923541242430381,0.0003923533246988578,-7.729581763702368e-07,-3.2409177418863383e-07,8.328748604758197e-07,4.068617177162369e-06,6.160232917796591e-06,-1.4998303477957898e-05,-4.081770728303811e-06,-6.040351520657779e-06,1.4705688171268359e-05
680.0,4988769.307532398,2926189.5779266353,3690905.546063771,-5230.661929564766,3451.110398575601,4349.865148896907,482.8533366575325,7628.323145891419,9.114335941179511e-13,1.0,0.9999999742077467,0.9999998849824443,-8.246290481242506e-05,-0.00012078654986459378,0.0003963093120891898,-7.77486958753986e-07,-2.9617980561459983e-07,7.503208931122662e-07,4.229089681672238e-06,6.197080867959245e-06,-1.5054224704939892e-05,-4.241312760108912e-06,-6.082601742162594e-06,1.4769600082402032e-05
690.0,4936154.979530085,2960518.7559349807,3734174.0841499767,-5291.865744418161,3414.8073675650344,4303.946453189344,482.93823475145825,7628.152298325194,9.102219816381984e-13,1.0,0.9999999742077312,0.9999998830683036,-8.636082896781123e-05,-0.00012220146708104702,0.0003998592889535347,-7.816666604794495e-07,-2.695896208387677e-07,6.706195889420299e-07,4.390016277449433e-06,6.229168721586618e-06,-1.5098500295934865e-05,-4.4012203291253505e-06,-6.120330197623261e-06,1.4825595811214249e-05
700.0,4882931.910034921,2994482.801680685,3776980.778570003,-5352.411702640431,3378.0863252540194,4257.499425782794,483.0243513519671,7627.980048215338,9.08994624880553e-13,1.0,0.9999999742077145,0.9999998812956078,-9.027872194862442e-05,-0.0001234868352274501,0.0004030197932092708,-7.854712337836596e-07,-2.443341106907077e-07,5.94614686388908e-07,4.551292976284073e-06,6.256835744590433e-06,-1.5132616026792806e-05,-4.561419333793488e-06,-6.153525565427438e-06,1.4873658781190924e-05
710.0,4829106.71476561,3028077.558204206,3819320.3753729756,-5412.292417014708,3340.9518921358163,4210.529926955688,483.1116830629762,7627.806435577025,9.077516402119154e-13,1.0,0.9999999742076963,0.9999998796596625,-9.421466296056254e-05,-0.00012464920282830768,0.00040581058028933887,-7.888839816682292e-07,-2.2035542739368474e-07,5.227632947832987e-07,4.712822813661085e-06,6.2803195722467425e-06,-1.515776726475042e-05,-4.7218355127333225e-06,-6.182179016752294e-06,1.4913776387914463e-05
720.0,4774686.082879367,3061298.91499998,3861187.6795264874,-5471.500586866032,3303.4087382351872,4163.043879768031,483.2002263392732,7627.631500590336,9.064931466543009e-13,1.0,0.9999999742076766,0.9999998781545298,-9.816666646379315e-05,-0.00012569470091886842,0.00040825289572261626,-7.918952205900935e-07,-1.975477882627748e-07,4.5521691341370354e-07,4.874514668489928e-06,6.299772838838002e-06,-1.5174881733834452e-05,-4.882394526881234e-06,-6.206284203092071e-06,1.4945940085315001e-05
730.0,4719676.776102329,3094142.8085084697,3902577.5555402455,-5530.02899889192,3265.461582456437,4115.0472692327885,483.28997748295126,7627.455283586048,9.052192659059225e-13,1.0,0.9999999742076555,0.9999998767736666,-0.00010213271222714745,-0.00012662885226980366,0.0004103681347903743,-7.945003763324258e-07,-1.7577633924751262e-07,3.918950137548348e-07,5.0362821785964636e-06,6.315279496909976e-06,-1.5184648454487008e-05,-5.043022031638289e-06,-6.225837242292631e-06,1.4970145441490786e-05
740.0,4664085.627851706,3126605.2226016736,3943484.9280814244,-5587.87052797871,3227.1151919268787,4066.5461414814313,483.3809326398522,7627.277825031408,9.039301223612478e-13,1.0,0.999999974207633,0.9999998755104256,-0.00010611076686106065,-0.00012745646534185565,0.00041217684839888185,-7.966984693364041e-07,-1.5489224181356986e-07,3.3254984081496216e-07,5.1980427824144545e-06,6.326870113802864e-06,-1.5187549965774002e-05,-5.203643739869061e-06,-6.240836704077963e-06,1.4986392169518124e-05
750.0,4607919.542349879,3158682.18906203,3983904.7825816283,-5645.018138003602,3188.374381335897,4017.546602923875,483.47308779603986,7627.099165515936,9.026258431296687e-13,1.0,0.9999999742076088,0.9999998743584297,-0.00011009879865365879,-0.00012818159480637023,0.0004136980495082728,-7.984909386959831e-07,-1.3474428622885743e-07,2.7682182945484884e-07,5.3597168991207176e-06,6.334535679360014e-06,-1.5183895543377499e-05,-5.364185476804485e-06,-6.2512835957686185e-06,1.499468413833312e-05
760.0,4551185.49373051,3190369.788054706,4023832.1658354397,-5701.4648826224475,3149.244012269692,3968.05481940294,483.5664387743091,7626.919345737204,9.013065580527445e-13,1.0,0.9999999742075836,0.9999998733118307,-0.00011409478727362235,-0.00012880755221816647,0.00041494877293677876,-7.998807524177013e-07,-1.1518742060795667e-07,2.2428560616654473e-07,5.521227247032486e-06,6.338239659899791e-06,-1.517385367608552e-05,-5.52457322801113e-06,-6.257181348636806e-06,1.4995029368257576e-05
770.0,4493890.525136881,3221664.148593202,4063262.1865904746,-5757.203906043211,3109.7289925419154,3918.07701534355,483.660981230706,7626.738406486641,8.999723997203329e-13,1.0,0.9999999742075572,0.9999998723654668,-0.00011809672964454517,-0.00012933695249776704,0.0004159438423334441,-8.00871753579135e-07,-9.608862854422021e-08,1.744869734995943e-07,5.68249829210704e-06,6.337928192239403e-06,-1.5157482547664542e-05,-5.684733181614121e-06,-6.25853580512713e-06,1.49874400151362e-05
780.0,4436041.7478125505,3252561.4489982463,4102190.016128902,-5812.228443785137,3069.834275520272,3867.619472896814,483.75671065109407,7626.556388635352,8.986235034851379e-13,1.0,0.9999999742075297,0.9999998715149409,-0.00012210264305295075,-0.00012977178408117885,0.0004166958008901068,-8.014681962689919e-07,-7.733059849182755e-08,1.2697157251791254e-07,5.843455813740051e-06,6.3335384316746674e-06,-1.513475768507246e-05,-5.8445917659242625e-06,-6.255355207001752e-06,1.497193234640914e-05
790.0,4377646.340184493,3283057.917349938,4140610.8888403955,-5866.531823423607,3029.5648594492727,3816.6885310791886,483.85362234774885,7626.373333119958,8.972600074759239e-13,1.0,0.9999999742075012,0.9999998707566311,-0.0001261105663342666,-0.0001301134927835521,0.0004172149663526275,-8.016744306211535e-07,-5.8813613874198014e-08,8.130610844947983e-08,6.004026572828041e-06,6.325005154211907e-06,-1.510559627803573e-05,-6.004075683535038e-06,-6.247650184333894e-06,1.4948526711808151e-05
800.0,4318711.54693887,3313149.831933091,4178520.1027864283,-5920.107465320697,2988.9257867692427,3765.2905849068893,483.9517114559878,7626.18928092848,8.958820526092849e-13,1.0,0.9999999742074716,0.9999998700876556,-0.00013011855979185155,-0.0001303630714947359,0.0004175095755998074,-8.014947021232605e-07,-4.0456061646679544e-08,3.7093125788338484e-08,6.1641380665143224e-06,6.312265770961441e-06,-1.506987795143581e-05,-6.163111942841667e-06,-6.235433745179947e-06,1.4917247510768111e-05
810.0,4259244.678089552,3342833.5216757595,4215913.020255909,-5972.948883341409,2947.922143431738,3713.4320845257052,484.0509729308374,7626.004273086233,8.944897825999696e-13,1.0,0.9999999742074406,0.9999998695057998,-0.0001341247043444395,-0.00013052114971080114,0.00041758598908977443,-8.009330361877014e-07,-2.2193914960355668e-08,-6.019649973839862e-09,6.323718354603657e-06,6.2952639466525245e-06,-1.5027461986697179e-05,-6.321627887803448e-06,-6.218721265698971e-06,1.4878123158107848e-05
820.0,4199253.108039577,3372105.3665808914,4252785.068312076,-6025.049685555632,2906.5590582114987,3661.11953433642,484.1514015437476,7625.818350641789,8.930833439696128e-13,1.0,0.9999999742074085,0.9999998690094244,-0.00013812710026592774,-0.0001305880785649398,0.0004174489305199684,-7.999931843949645e-07,-3.9794976971986456e-09,-4.833440918110257e-08,6.482695943872735e-06,6.273952029503972e-06,-1.4978201147078993e-05,-6.479551226632975e-06,-6.197530480455482e-06,1.4831186049068454e-05
830.0,4138744.2746356316,3400961.7981510763,4289131.739330635,-6076.403574925812,2864.8417020150728,3608.3594921159647,484.2529918793356,7625.631554652978,8.91662886054129e-13,1.0,0.999999974207375,0.9999998685973583,-0.00014212386577585625,-0.00013056400843512373,0.000417101741879751,-7.986786136783071e-07,1.422021107662275e-08,-9.010185944667875e-08,6.6409997181077244e-06,6.248292500592414e-06,-1.4921952372564739e-05,-6.636810059960019e-06,-6.171881472630134e-06,1.4776472524406839e-05
840.0,4077725.6782157416,3429399.299806387,4324948.591529085,-6127.004349980368,2822.7752871862226,3555.1585681344964,484.3557383321859,7625.443926172937,8.902285610094113e-13,1.0,0.9999999742073398,0.999999868268791,-0.00014611313565611345,-0.0001304489573730202,0.00041654663853443416,-7.969925239276658e-07,3.24255233291956e-08,-1.3152248435716623e-07,6.798558903437243e-06,6.218258641359665e-06,-1.4858584680541428e-05,-6.7933329088904326e-06,-6.141796663872626e-06,1.4714022835927836e-05
850.0,4016204.8806503057,3457414.407295232,4360231.249487179,-6176.845905472857,2780.365066808277,3501.5234242685674,484.45963510369046,7625.255506236238,8.887805238155629e-13,1.0,0.9999999742073029,0.9999998680231651,-0.00015009306000600585,-0.00013024286952987581,0.0004157849529644993,-7.949378830352132e-07,5.064607501226825e-08,-1.727497139125592e-07,6.955303060248165e-06,6.183834601308972e-06,-1.4787984644834383e-05,-6.9490487432638145e-06,-6.1073008035497045e-06,1.4643881112593752e-05
860.0,3954189.504376604,3485003.709098231,4394975.4046585215,-6225.92223302692,2737.6163340035214,3447.4607731105257,484.5646761989491,7625.066335845061,8.873189322793926e-13,1.0,0.9999999742072638,0.9999998678600773,-0.00015406180320061131,-0.00012994566346990165,0.00041481735924010527,-7.925174713151126e-07,6.88828227498173e-08,-2.1389436975012122e-07,7.11116209457737e-06,6.145015027005071e-06,-1.4710059837065593e-05,-7.103887010312967e-06,-6.068420957171963e-06,1.4566095327170303e-05
870.0,3891687.231426916,3512163.846825065,4429176.815873219,-6274.227421767068,2694.5344212297655,3392.9773770743104,484.6708554236935,7624.876455955462,8.858439470357012e-13,1.0,0.9999999742072228,0.9999998677791895,-0.00015801754308321378,-0.00012955727078481336,0.0004136440732219752,-7.897339295625889e-07,8.712991694983862e-08,-2.550298568900813e-07,7.266066283308907e-06,6.101804390461958e-06,-1.4624740604777877e-05,-7.2577776638411945e-06,-6.025186493814496e-06,1.4480717263243288e-05
880.0,3828705.8024504227,3538891.515604274,4462831.30983158,-6321.755658935266,2651.1246995742154,3338.0800474978146,484.7781663813032,7624.6859074637005,8.843557315464111e-13,1.0,0.9999999742071796,0.9999998677801504,-0.00016195847039885254,-0.00012907766578187439,0.00041226502585764706,-7.865898068430001e-07,1.0537639413131387e-07,-2.9619767772866947e-07,7.419946308749968e-06,6.054216131570918e-06,-1.4531980537624935e-05,-7.410651193965086e-06,-5.977629072387353e-06,1.438780248236123e-05
890.0,3765253.015729013,3565183.464465984,4495934.781588812,-6368.50123049343,2607.392578044768,3282.7756437419575,484.8866024698429,7624.4947311926635,8.828544520985456e-13,1.0,0.9999999742071338,0.9999998678625308,-0.00016588278846029164,-0.00012850688723984758,0.00041068000881944124,-7.83087605495758e-07,1.2360765586458662e-07,-3.3741293984806947e-07,7.572733299205402e-06,6.00227170664026e-06,-1.4431755939841732e-05,-7.5624386574132095e-06,-5.925782626640555e-06,1.4287410291019318e-05
900.0,3701336.7261871174,3591036.496717531,4528483.195030704,-6414.458521711832,2563.343502858831,3227.0710722866074,484.9961568791801,7624.302967878385,8.813402778002518e-13,1.0,0.9999999742070853,0.999999868025772,-0.00016978871302801506,-0.0001278450533394969,0.00040888879315386213,-7.792298218759479e-07,1.4180672113814016e-07,-3.7866961478265576e-07,7.724358873030413e-06,5.945999614266148e-06,-1.4324064588737001e-05,-7.713071708331866e-06,-5.8696833488276385e-06,1.4179603707186626e-05
910.0,3636964.844395749,3616447.470311953,4560472.583340238,-6459.622017743455,2518.9829567298107,3170.9732858235207,485.10682258814296,7624.110658156642,8.798133805754427e-13,1.0,0.999999974207034,0.9999998682691456,-0.00017367447238058142,-0.00012709237090248845,0.0004068912226360726,-7.750189821046826e-07,1.5995525367149212e-07,-4.199453790270144e-07,7.874755184331386e-06,5.885434451164102e-06,-1.4208924017939825e-05,-7.862482629518556e-06,-5.80936967197712e-06,1.406444942608904e-05
920.0,3572145.3355708653,3641413.2982093464,4591899.049455117,-6503.9863041843555,2474.316458151368,3114.489282346439,485.21859236175476,7623.917842549671,8.782739351565633e-13,1.0,0.9999999742069797,0.9999998685917244,-0.0001775383075495287,-0.0001262491400368322,0.0004046872842057763,-7.704576726206529e-07,1.7803437627221525e-07,-4.6120593096525153e-07,8.02385496902614e-06,5.820616034565262e-06,-1.4086369523190554e-05,-8.010604363986358e-06,-5.744882250750236e-06,1.3942017784983433e-05
930.0,3506886.218566195,3665930.948731041,4622758.766516183,-6547.546067620068,2429.349560679557,3057.6261042384785,485.3314587485213,7623.7245614529875,8.767221190758449e-13,1.0,0.9999999742069221,0.9999998689923634,-0.00018137847269300656,-0.00012531575520747655,0.00040227715826055726,-7.655485656703728e-07,1.9602529140486852e-07,-5.02408728318982e-07,8.171591590389962e-06,5.75158861437242e-06,-1.3956452049357351e-05,-8.157370546751875e-06,-5.676263940882054e-06,1.3812382726692438e-05
940.0,3441195.564860678,3689997.445906591,4653047.978306685,-6590.296096158118,2384.087852212957,3000.3908373569666,485.4454140777895,7623.530855122314,8.751581126548027e-13,1.0,0.9999999742068612,0.9999998694696896,-0.00018519323558366147,-0.00012429270364329312,0.0003996612517551896,-7.602944400899543e-07,2.1390973132082754e-07,-5.435061308672856e-07,8.31789908352833e-06,5.678400187439029e-06,-1.3819236081338953e-05,-8.302715536736754e-06,-5.6035597772218795e-06,1.3675621761706676e-05
950.0,3375081.497540638,3713609.8698135493,4682762.999682388,-6632.231279946669,2338.536954270901,2942.790610115844,485.56045045716314,7623.336763660624,8.735820989922016e-13,1.0,0.9999999742067966,0.999999870022098,-0.0001889808781884451,-0.0001231805618693964,0.0003968402170519933,-7.546981978474983e-07,2.3167026298879331e-07,-5.844479635968824e-07,8.462712198442797e-06,5.601101917878266e-06,-1.367479762941781e-05,-8.446574448674953e-06,-5.526816950400124e-06,1.3531815928700932e-05
960.0,3308552.1902768645,3736765.3569100155,4711900.216992483,-6673.346611679372,2292.702521269931,2884.832592565804,485.67655976999646,7623.142327005313,8.719942639502215e-13,1.0,0.9999999742067287,0.999999870647755,-0.0001927396973205535,-0.00012197999102662378,0.00039381495933381956,-7.487628768670599e-07,2.49290473196689e-07,-6.25183537271976e-07,8.605966441521682e-06,5.519747660997447e-06,-1.3523222371818495e-05,-8.588883184924259e-06,-5.446084782159412e-06,1.338104975334837e-05
970.0,3241615.8662966923,3759461.100359937,4740456.08849128,-6713.637187086491,2246.590239798552,2826.5239954722565,485.7937336729476,7622.947584915509,8.703947961391026e-13,1.0,0.9999999742066569,0.9999998713446036,-0.00019646800534635968,-0.00012069173151560779,0.0003905866351674204,-7.424916606584099e-07,2.667550580528553e-07,-6.656631779305544e-07,8.747598115397521e-06,5.434393584002264e-06,-1.3364603993874187e-05,-8.729578467088762e-06,-5.361414699391738e-06,1.3223411205352172e-05
980.0,3174280.7973512546,3781694.350351141,4768427.144740678,-6753.098205412329,2200.205827890405,2767.872069391281,485.91196359360123,7622.752576959487,8.68783886900168e-13,1.0,0.9999999742065814,0.9999998721103749,-0.00020016413093277899,-0.0001193165973865319,0.00038715664452421285,-7.358878852518077e-07,2.840498391021083e-07,-7.058393252673752e-07,8.887544357187415e-06,5.345097873725042e-06,-1.319904274414101e-05,-8.868597867369387e-06,-5.2728602069276245e-06,1.305899165364484e-05
990.0,3106555.3026780277,3803462.414406094,4795809.989003383,-6791.724969879023,2153.5550342959586,2708.884103743677,486.0312407281827,7622.557342502244,8.671617302869351e-13,1.0,0.9999999742065016,0.9999998729425996,-0.00020382641982290474,-0.00011785547079083968,0.0003835266182550618,-7.289550438950828e-07,3.011617257276839e-07,-7.456672634558643e-07,9.025743175177574e-06,5.251920520018096e-06,-1.3026644212813044e-05,-9.005879839570438e-06,-5.180476859124706e-06,1.2887885819731415e-05
1000.0,3038447.7479588096,3824762.65768536,4822601.2976268185,-6829.512888136802,2106.643637752816,2649.5674258872486,486.1515560393082,7622.36192069321,8.655285230451181e-13,1.0,0.9999999742064182,0.9999998738386233,-0.0002074532356299071,-0.00011630929671981801,0.000379698402697176,-7.216967899191509e-07,3.1807864070664114e-07,-7.851055477930653e-07,9.162133484039248e-06,5.1549231628402215e-06,-1.2847518326435737e-05,-9.141363749699623e-06,-5.084322230298806e-06,1.2710191729175476e-05
1010.0,2969966.5442732703,3845592.5032837526,4848797.820417782,-6866.457472700717,2059.4774462547325,2589.929400187449,486.2729002538407,7622.166350454098,8.638844645905881e-13,1.0,0.9999999742063305,0.9999998747956186,-0.00021104296064107013,-0.00011467907817784296,0.0003756740427808316,-7.141169381239966e-07,3.3478942293161413e-07,-8.241161876084934e-07,9.296655138673289e-06,5.054168991205509e-06,-1.266177854479669e-05,-9.274989906110773e-06,-4.9844558840440465e-06,1.2526010661242344e-05
1020.0,2901120.147048202,3865949.4325191644,4874396.381007779,-6902.554341373958,2012.0622963194248,2529.977427086475,486.39526386080684,7621.970670466908,8.622297569859406e-13,1.0,0.9999999742062387,0.9999998758106029,-0.00021459399662545847,-0.00011296587187501632,0.000371455764713076,-7.062194649859301e-07,3.5128371855811323e-07,-8.626646410108533e-07,9.429248966783723e-06,4.9497226828491845e-06,-1.2469541240477279e-05,-9.406699589146197e-06,-4.88093934148078e-06,1.2335447096728197e-05
1030.0,2831917.055002601,3885830.985214062,4899393.877209026,-6937.799217657797,1964.4040522552912,2469.718942170962,486.5186371093802,7621.774919162085,8.605646049156163e-13,1.0,0.9999999742061427,0.9999998768804513,-0.00021810476564006477,-0.00011117078447413194,0.00036704595905262213,-6.980085079370566e-07,3.6755186929423196e-07,-9.007196709724187e-07,9.559856800276027e-06,4.841650374501409e-06,-1.2270925238438e-05,-9.536435080244266e-06,-4.773836048468975e-06,1.21386086640124e-05
1040.0,2762365.8090887354,3905234.7599696373,4923787.281361114,-6972.187931148224,1916.5086054271037,2409.161415238379,486.6430100069521,7621.579134706829,8.588892156593391e-13,1.0,0.9999999742060423,0.9999998780019117,-0.00022157371083041474,-0.00010929496938916374,0.00036244716475930826,-6.894883639245486e-07,3.835848042802153e-07,-9.382531055535027e-07,9.688421505568167e-06,4.730019653910535e-06,-1.2066051491701022e-05,-9.664139690484907e-06,-4.663211341822121e-06,1.1935606083376381e-05
1050.0,2692474.9914293187,3924158.4144325918,4947573.640668322,-7005.716417919344,1868.3818735207835,2348.3123493622397,486.7683723172629,7621.383354993559,8.572037990642485e-13,1.0,0.9999999742059377,0.9999998791716187,-0.0002249992972225283,-0.00010733962410529378,0.00035766205460472647,-6.806634874186957e-07,3.993739400482523e-07,-9.752395382076568e-07,9.814887012893232e-06,4.614899566095396e-06,-1.1855042869302432e-05,-9.789757788551099e-06,-4.549132414551409e-06,1.1726553109636523e-05
1060.0,2622253.2242508833,3942599.6655545747,4970750.07752758,-7038.380720893638,1820.0297998073065,2287.1792799562068,486.89471355862264,7621.187617628559,8.555085675153946e-13,1.0,0.9999999742058289,0.9999998803861063,-0.0002283800125038816,-0.00010530598797229907,0.00035269342216778576,-6.715384880052638e-07,4.1491109141564514e-07,-1.0116559974314093e-06,9.939198344662515e-06,4.4963606276410645e-06,-1.16380240338176e-05,-9.913234828089428e-06,-4.431668280169108e-06,1.1511566473139603e-05
1070.0,2551709.168813573,3960556.2898442233,4993313.789847022,-7070.176990199088,1771.4583524058755,2225.769773837254,487.02202300218585,7620.991959920751,8.538037359050816e-13,1.0,0.9999999742057154,0.9999998816418203,-0.00023171436779159866,-0.00010319534041231801,0.00034754417050853576,-6.621181276698133e-07,4.301883948388797e-07,-1.0474816087776725e-06,1.0061301642946927e-05,4.374474844127721e-06,-1.141512138761911e-05,-1.0034517374455705e-05,-4.3108897360751874e-06,1.1290765819170543e-05
1080.0,2479014.928643014,3978470.3169990373,5015820.055464786,-7101.8876433876385,1721.4090551172653,2162.49278335516,487.15191660650447,7620.789478289299,8.520678006014683e-13,1.0,0.9999999742055217,0.999999882969119,-0.00023508512088738406,-0.00010095130975161438,0.0003420769084132517,-6.521499485129865e-07,4.4559108594435934e-07,-1.0835910766871548e-06,1.0184205193550703e-05,4.24601775821858e-06,-1.118047240702911e-05,-1.0156587877920496e-05,-4.1835591812107775e-06,1.1058369172639703e-05
1090.0,2407844.6833434496,3995438.5851500677,5037134.195854424,-7131.914061685058,1672.4115550372596,2100.5465426711316,487.28115287730935,7620.594095647061,8.50344152822839e-13,1.0,0.9999999742053994,0.9999998842971429,-0.0002383210780523159,-9.868866361009079e-05,0.0003365711091841077,-6.421450232861591e-07,4.603270362871083e-07,-1.118155601318382e-06,1.0301672639172692e-05,4.117564545415032e-06,-1.0946054262165717e-05,-1.0273266345504269e-05,-4.056291217372253e-06,1.0826169290798032e-05
1100.0,2336378.584114102,4011915.863476281,5057827.595709069,-7161.061453152457,1623.212883626687,2038.3469429090321,487.41132273692637,7620.398904326744,8.48611578222061e-13,1.0,0.9999999742052731,0.9999998856552126,-0.00024150631579704528,-9.635307576787673e-05,0.00033089408075795813,-6.318609705955144e-07,4.747774735502373e-07,-1.1520780043725664e-06,1.041677710381848e-05,3.985994415455201e-06,-1.0706144103250268e-05,-1.038759566374873e-05,-3.9259335251698855e-06,1.0588534532676449e-05
1110.0,2264625.4384666737,4027900.1706525446,5077897.759964317,-7189.326402863613,1573.819101566796,1975.901667809052,487.5424144457253,7620.203940329876,8.468703013998599e-13,1.0,0.9999999742051422,0.9999998870395309,-0.00024463945089191067,-9.394598955713966e-05,0.0003250490740575325,-6.21302837584209e-07,4.889359665985976e-07,-1.1853424006370937e-06,1.0529469295992182e-05,3.851385308667725e-06,-1.0460875613523763e-05,-1.0499527131924106e-05,-3.792563696338792e-06,1.0345595636231767e-05
1120.0,2192594.0875172825,4043389.5860654074,5097342.270525559,-7216.705604696313,1524.2362906749213,1913.2184277948343,487.67441600937025,7620.0092393066925,8.451205492897279e-13,1.0,0.9999999742050071,0.9999998884462655,-0.00024771912585783547,-9.146888027568676e-05,0.00031903941748561793,-6.104758754207606e-07,5.027961492977937e-07,-1.2179336592512518e-06,1.0639701198635188e-05,3.713816611729878e-06,-1.0210384472633938e-05,-1.0609013285805901e-05,-3.6562609093930233e-06,1.00974859273371e-05
1130.0,2120293.404897094,4058382.250020532,5116158.786529825,-7243.195861612061,1474.470553164666,1850.3049590328073,487.8073151774947,7619.814836545912,8.433625511201979e-13,1.0,0.9999999742048677,0.9999998898715567,-0.00025074400995195355,-8.892325493244851e-05,0.0003128685135493955,-5.993855256388638e-07,5.163516949498267e-07,-1.2498372504164813e-06,1.0747426092249663e-05,3.5733691799834388e-06,-9.954808396320817e-06,-1.0716007920523722e-05,-3.517105887929799e-06,9.844341250601157e-06
1140.0,2047732.295660233,4072876.3639426725,5134345.044598156,-7268.79408592315,1424.5280109058494,1787.1690224912174,487.9410994423926,7619.620766964649,8.415965383767235e-13,1.0,0.999999974204724,0.999999891311526,-0.00025371280008540034,-8.631065208511504e-05,0.000306539836174552,-5.880374067310238e-07,5.295963044107906e-07,-1.2810391224251626e-06,1.0852598575553034e-05,3.4301253458859443e-06,-9.694287168975245e-06,-1.0820466112739797e-05,-3.3751808581562735e-06,9.586299898912882e-06
1150.0,1974919.6951891063,4086870.190568233,5151898.85907853,-7293.497299547204,1374.414804684273,1723.8184029989247,488.0757560377652,7619.427065098493,8.398227447626905e-13,1.0,0.9999999742045761,0.9999998927622855,-0.00025662422167587227,-8.363264170924783e-05,0.0003000569285625076,-5.764373014896652e-07,5.425237048602655e-07,-1.3115256069098195e-06,1.0955174584411258e-05,3.2841689145719767e-06,-9.428962666155145e-06,-1.0922344242150064e-05,-3.230569505659393e-06,9.323502541748399e-06
1160.0,1901864.5680971951,4100362.054130378,5168818.122279317,-7317.30263424923,1324.137093461333,1660.2609083040104,488.21127193748674,7619.233765091698,8.380414061600628e-13,1.0,0.999999974204424,0.9999998942199453,-0.00025947702943944793,-8.089082505258988e-05,0.00029342340145650385,-5.645911453706526e-07,5.551276565011909e-07,-1.3412833494976473e-06,1.1055111409562875e-05,3.1355851479756376e-06,-9.158978865165673e-06,-1.1021600012300185e-05,-3.0833569314372555e-06,9.056092152278122e-06
1170.0,1828575.907129523,4113350.3405366815,5185100.804693254,-7340.207331871245,1273.7010536335888,1596.5043681323184,488.3476338543873,7619.040900687518,8.362527605897287e-13,1.0,0.999999974204268,0.9999998956806223,-0.0002622700081271182,-7.808683444101506e-05,0.00028664293169751236,-5.525050159970273e-07,5.674019648276116e-07,-1.3702992626480513e-06,1.1152367713495594e-05,2.9844607390901484e-06,-8.884481842788046e-06,-1.1118192470708375e-05,-2.93362960721252e-06,8.784213933311898e-06
1180.0,1755062.7320608501,4125833.4975393163,5200744.955211937,-7362.20874454956,1223.112878292297,1532.5566332459578,488.48482823903765,7618.848505218663,8.344570481717736e-13,1.0,0.9999999742041077,0.9999998971404477,-0.00026500197321177517,-7.522233301342516e-05,0.00027971926096749853,-5.40185123810743e-07,5.793404964720533e-07,-1.398560497292753e-06,1.1246903546715363e-05,2.8308837779615863e-06,-8.605619760008145e-06,-1.121208202828683e-05,-2.781475330048325e-06,8.508015242120226e-06
1190.0,1681334.088591677,4137810.03489779,5215748.70133084,-7383.304334919776,1172.3787764829356,1468.425574501789,488.62284127853343,7618.656611597854,8.326545110857306e-13,1.0,0.9999999742039437,0.9999998985955763,-0.0002676717715312521,-7.229901437191115e-05,0.00027265619463445203,-5.276378038084998e-07,5.909371970123275e-07,-1.426054429930767e-06,1.1338680363557399e-05,2.674943710947357e-06,-8.322542834171174e-06,-1.1303230478053306e-05,-2.6269831762886387e-06,8.227645514169992e-06
1200.0,1607399.0472422254,4149278.5245342012,5230110.249344802,-7403.491676309521,1121.5049724648136,1404.1190819100254,488.7616588952569,7618.465252308467,8.308453935311394e-13,1.0,0.999999974203776,0.9999999000421933,-0.0002702782818925714,-6.931860214071236e-05,0.00026545760062995325,-5.14869508254856e-07,6.021861094641418e-07,-1.452768662003134e-06,1.1427661037617052e-05,2.516731294651281e-06,-8.035403299398697e-06,-1.1391601013124098e-05,-2.4702434548451593e-06,7.943256185814424e-06
1210.0,1533266.7022443672,4160237.6006810344,5243827.884534051,-7422.768452919066,1070.4977049706974,1339.6450636928505,488.90126674560366,7618.274459395293,8.290299416885831e-13,1.0,0.9999999742036044,0.9999999014765228,-0.00027282041564196736,-6.628284943306596e-05,0.00025812740830524273,-5.018868002438163e-07,6.130813924976425e-07,-1.4786910286410413e-06,1.1513809876829895e-05,2.3563385457923605e-06,-7.744355356372264e-06,-1.1477158243979969e-05,-2.3113476598537427e-06,7.655000615977008e-06
1220.0,1458946.1704316041,4170685.960021488,5256899.971340731,-7441.132459989814,1019.3632264665052,1275.0114453431295,489.0416502187038,7618.084264455352,8.272084036808467e-13,1.0,0.9999999742034292,0.9999999028948359,-0.0002752971172045856,-6.319353822913965e-05,0.0002506696072254914,-4.886963479735293e-07,6.236173376901426e-07,-1.5038096142084436e-06,1.1597092638194946e-05,2.19385868809181e-06,-7.449555112737926e-06,-1.1559868214996505e-05,-2.1503884227256103e-06,7.363034006869378e-06
1230.0,1384446.5924492627,4180622.368213429,5269324.961614259,-7458.581615316608,968.1078041752194,1210.2261708985377,489.18280499247925,7617.894710323292,8.253808930009237e-13,1.0,0.9999999742032516,0.9999999042934588,-0.0002777073654077454,-6.005247943995203e-05,0.00024308824733515884,-4.7530491707513216e-07,6.33788343536545e-07,-1.528112836149731e-06,1.1677476571621739e-05,2.0293861893238865e-06,-7.151160502179614e-06,-1.1639698433725207e-05,-1.9874597556959035e-06,7.067513107795815e-06
1240.0,1309777.1270944595,4190045.64852864,5281101.380249918,-7475.11393890705,916.7377161457266,1145.2971979929916,489.32471797784416,7617.705829944942,8.235476358656919e-13,1.0,0.9999999742030716,0.99999990566878,-0.00028005017250077804,-5.686151099979276e-05,0.0002353874343605159,-4.617193627235992e-07,6.435889684855801e-07,-1.5515894023638305e-06,1.1754930371095136e-05,1.863016600476625e-06,-6.8493311617608716e-06,-1.171661784837834e-05,-1.8226564561517412e-06,6.768596512875566e-06
1250.0,1234946.9520373824,4198954.686156328,5292227.830627851,-7490.727560621642,865.2592516965822,1080.2324984026911,489.467374307869,7617.517654112034,8.217088799603853e-13,1.0,0.9999999742028893,0.9999999070172585,-0.0002823245851173468,-5.362249745952336e-05,0.00022757132950078224,-4.4794662924960095e-07,6.530139622966124e-07,-1.5742283212540968e-06,1.1829424212741869e-05,1.6948464929086757e-06,-6.544228411065252e-06,-1.179059688233032e-05,-1.6560742668151637e-06,6.466444445822824e-06
1260.0,1159965.254146411,4207348.432335783,5302702.999821982,-7505.420727353252,813.6787048083346,1015.040049658589,489.6107622744972,7617.330216792055,8.198648307497709e-13,1.0,0.999999974202708,0.9999999083354347,-0.0002845296860143695,-5.03373272678672e-05,0.00021964414417349103,-4.339937384434597e-07,6.620582681155293e-07,-1.5960189324559685e-06,1.1900929810473197e-05,1.5249733240319416e-06,-6.236015029898757e-06,-1.1861607460088523e-05,-1.487809936053809e-06,6.161218535107687e-06
1270.0,1084841.2549244785,4215225.8951570615,5312525.647011333,-7519.191786886413,762.0023916458453,949.7278572721085,489.7548632824989,7617.143544382812,8.180157806821915e-13,1.0,0.9999999742025251,0.9999999096199275,-0.0002866645908748955,-4.7007917323204294e-05,0.00021161014998632863,-4.19867804800013e-07,6.70717019926647e-07,-1.6169509092674217e-06,1.196942030614873e-05,1.3534956618684899e-06,-5.924855619159885e-06,-1.1929622988718737e-05,-1.3179609679678168e-06,5.853082058674668e-06
1280.0,1009584.1923621747,4222586.146035378,5321694.611637482,-7532.039199167186,710.2366379986917,884.3039387997741,489.8996584409624,7616.957662736714,8.161620238845659e-13,1.0,0.999999974202338,0.9999999108674485,-0.00028872845125016167,-4.363620838806996e-05,0.00020347366960100626,-4.055760379381067e-07,6.789855988036807e-07,-1.6370143103070268e-06,1.2034870390158656e-05,1.1805128868794905e-06,-5.610916212541737e-06,-1.1994618397874899e-05,-1.1466257122531248e-06,5.542199651495453e-06
1290.0,934203.3008287846,4229428.325820575,5330208.821095364,-7543.961546908031,658.3877655700175,818.7763064492044,490.045135544722,7616.772604658871,8.143037670268984e-13,1.0,0.9999999742021497,0.999999912074816,-0.00029072045725152024,-4.022415983294895e-05,0.0001952390660939718,-3.9112570250131646e-07,6.868596166087513e-07,-1.6561996183758277e-06,1.2097256361550162e-05,1.0061249602944368e-06,-5.294363852423142e-06,-1.2056570160162303e-05,-9.739034347656052e-07,5.228736981445567e-06
1300.0,858707.8373547303,4235751.635644746,5338067.279205807,-7554.957519490754,606.4621101319466,753.1529901069598,490.1912788557261,7616.588398938375,8.124412603631944e-13,1.0,0.9999999742019605,0.9999999132389514,-0.0002926398343285204,-3.677375441474618e-05,0.0001869107531654363,-3.765241383030576e-07,6.943348637040274e-07,-1.674497713257693e-06,1.2156556022823665e-05,8.30432726717297e-07,-4.975366991254856e-06,-1.2115456276087205e-05,-7.998940717122617e-07,4.912861003955418e-06
1310.0,783107.071405503,4241555.340137591,5345269.070264411,-7565.0259185419345,554.4660144901745,687.442028411862,490.33807255143023,7616.405074040041,8.105747534077865e-13,1.0,0.9999999742017713,0.9999999143568903,-0.0002944858448243718,-3.328699536071556e-05,0.0001784931889875441,-3.617787535559095e-07,7.014073475520437e-07,-1.691899910760351e-06,1.2212748734140046e-05,6.535377210099575e-07,-4.654095225139076e-06,-1.2171256292790434e-05,-6.246982440024891e-07,4.594739762360158e-06
1320.0,707410.2836922408,4246838.767533683,5351813.3591755675,-7574.165658057665,502.40582770620506,621.6514677661845,490.4855007894132,7616.222658167833,8.087044940919853e-13,1.0,0.9999999742015824,0.9999999154257874,-0.0002962577883170226,-2.9765905265867883e-05,0.00016999087395458594,-3.4689702078775955e-07,7.080732937742869e-07,-1.7083979777939977e-06,1.2265815422108125e-05,4.7554211397035806e-07,-4.330719197947967e-06,-1.222395131236444e-05,-4.484172054939363e-07,4.274542299344608e-06
1330.0,631626.7649445765,4251601.309788361,5357699.391597302,-7582.375764545229,450.2879042964488,555.7893613174911,490.6335477989698,7616.0411793577,8.06830727591761e-13,1.0,0.9999999742013937,0.9999999164429233,-0.0002979550019429907,-2.6212524978320858e-05,0.00016140834834595385,-3.3188647256176226e-07,7.143291466429278e-07,-1.7239841451932695e-06,1.2315738587617518e-05,2.96548658154943e-07,-4.005410503722733e-06,-1.2273523999162943e-05,-2.711527912144801e-07,3.952438567036543e-06
1340.0,555765.8062224789,4255842.399353895,5362926.464583846,-7589.655335519534,398.1185972869813,489.86376022788426,490.7821598124253,7615.860623269736,8.049541764681693e-13,1.0,0.9999999742012035,0.9999999174057104,-0.00029957685766635647,-2.2628909855669174e-05,0.00015275018427825439,-3.1675472532378217e-07,7.201716367406596e-07,-1.7386509556721889e-06,1.2362502223739356e-05,1.1666042036469582e-07,-3.6783415528578224e-06,-1.2319958697925595e-05,-9.300653768158769e-08,3.628600220603458e-06
1350.0,479836.72279799444,4259561.579224264,5367494.015121941,-7596.003664535544,345.9042747992679,423.8827344688316,490.9313596917922,7615.681060256043,8.03074592710875e-13,1.0,0.9999999742010155,0.9999999183117004,-0.00030112277197343295,-1.9017135710503867e-05,0.00014402100126696986,-3.0150945094184385e-07,7.255976963546e-07,-1.7523915343545508e-06,1.2406092174184878e-05,-6.40188304149673e-08,-3.349685859216294e-06,-1.2363241131503267e-05,8.591784549421762e-08,3.303197889407322e-06
1360.0,403848.82830927824,4262758.432850114,5371401.531541098,-7601.420115847583,293.6513030838877,357.8543515373527,491.0811320732273,7615.502518043662,8.01192210856971e-13,1.0,0.9999999742008304,0.9999999191585869,-0.00030259219658127585,-1.5379291037715845e-05,0.00013522544572404436,-2.8615831709352567e-07,7.306043745537565e-07,-1.76519962869814e-06,1.2446495684816624e-05,-2.453848683086371e-07,-3.019617250277366e-06,-1.2403358685198869e-05,2.655171028554423e-07,2.976403718499929e-06
1370.0,327811.4041627146,4265432.621931146,5374648.60121241,-7605.904191462591,241.36602517199248,291.78664928726334,491.2314830156015,7615.3250473317175,7.993069953150866e-13,1.0,0.9999999742006577,0.9999999199442209,-0.0003039846256141359,-1.171747008989501e-05,0.00012636817603604316,-2.707089955647634e-07,7.351889350919336e-07,-1.777069512791382e-06,1.2483701703843969e-05,-4.273334834873876e-07,-2.6883094327823887e-06,-1.2440300261922047e-05,4.4568729036134413e-07,2.6483897189846424e-06
1380.0,251733.8218919357,4267583.837383139,5377234.848795081,-7609.455445041205,189.05484491257897,225.6877425551228,491.38236785059047,7615.148643433809,7.974195449974525e-13,1.0,0.999999974200486,0.9999999206665833,-0.000305299582285428,-8.033799457944006e-06,0.00011745391857370793,-2.551692521198915e-07,7.393487788228633e-07,-1.7879958466153923e-06,1.2517700453213625e-05,-6.097590902182842e-07,-2.3559381560102488e-06,-1.2474056492924201e-05,6.263249588355639e-07,2.319329986379357e-06
1390.0,175625.40574282524,4269211.854202821,5379160.005336116,-7612.073578195695,136.724132081283,159.56570275863345,491.53377102067975,7614.973332957591,7.955300906437591e-13,1.0,0.9999999742003168,0.9999999213238256,-0.0003065366344776868,-4.330406254519458e-06,0.00010848740101217519,-2.395469179968673e-07,7.430817450601875e-07,-1.7979738232043956e-06,1.2548484021457797e-05,-7.925566740948118e-07,-2.0226786575236185e-06,-1.250461953463268e-05,8.073259279372286e-07,1.9893980726673973e-06
1400.0,99495.49851497383,4270316.510948614,5380423.882450947,-7613.758404564939,84.38026804055262,93.42861580912803,491.6856769512482,7614.799142391732,7.936388613300821e-13,1.0,0.9999999742001495,0.9999999219142581,-0.00030769538861832684,-6.094316271436857e-07,9.947338201147038e-05,-2.2384986006484615e-07,7.463858781070212e-07,-1.8069991220337899e-06,1.257604608200459e-05,-9.756208215841017e-07,-1.6887067833591961e-06,-1.2531983128537983e-05,9.885857798250723e-07,1.6587678921899337e-06
1410.0,23353.40040325138,4270897.947849317,5381026.673059905,-7614.510273514486,32.02961086048946,27.284537171380848,491.8384525351878,7614.626520545717,7.917413395484217e-13,1.0,0.9999999742000321,0.9999999224363942,-0.0003087755259108106,3.1269756939354307e-06,9.041662962405512e-05,-2.0808507601066066e-07,7.492584391702451e-07,-1.815070530357965e-06,1.2600382274159799e-05,-1.1588447270472589e-06,-1.3541954927245008e-06,-1.2556140586944514e-05,1.169993423941269e-06,1.3276036236718298e-06
1420.0,-52791.56045950862,4270955.421238465,5380967.453595531,-7614.327957486286,-20.321482080720276,-38.858475809256475,491.9909388171779,7614.454227844138,7.898519349283951e-13,1.0,0.9999999741998337,0.9999999228887837,-0.000309776624849879,6.876677864414556e-06,8.132188260533867e-05,-1.9226238730639554e-07,7.516999013566247e-07,-1.822178696288161e-06,1.2621487441370223e-05,-1.3421263273811434e-06,-1.019325071251672e-06,-1.2577094923400593e-05,1.3514640954051577e-06,9.961085671920867e-07
1430.0,-128930.0316846926,4270490.120127456,5380247.742617677,-7613.213673525139,-72.66660933758699,-104.99231596096162,492.14498774395605,7614.2843564759,7.879477464856454e-13,1.0,0.999999974199767,0.9999999232703918,-0.0003106985842119664,1.0637478563365776e-05,7.219403784367612e-05,-1.7638695413209486e-07,7.537064041439485e-07,-1.8283293225820838e-06,1.2639363802673114e-05,-1.5253551263627735e-06,-6.842660331156898e-07,-1.2594834215406079e-05,1.5328614544011026e-06,6.644091779046829e-07
1440.0,-205052.67148160038,4269501.119507709,5378866.387926512,-7611.165867511128,-124.99939931008804,-171.10890736919453,492.29894153419974,7614.115114100613,7.86049320419567e-13,1.0,0.9999999741996425,0.9999999235800712,-0.0003115410091109274,1.4407223998937015e-05,6.303783711051146e-05,-1.604683008295123e-07,7.552780533472888e-07,-1.833514739826235e-06,1.2654006873602828e-05,-1.7084277570656643e-06,-3.491969438876749e-07,-1.2609367865916228e-05,1.714108482230033e-06,3.327217776291496e-07
1450.0,-281150.10511194443,4267988.787446597,5376823.871358167,-7608.185289344433,-177.31345880031222,-237.20015075732115,492.4531213055458,7613.946898369338,7.84152691753384e-13,1.0,0.9999999741994974,0.9999999238170088,-0.0003123037363528239,1.8183725893490358e-05,5.385815168374865e-05,-1.4451508872235528e-07,7.564149903952915e-07,-1.8377320871193224e-06,1.266542051906999e-05,-1.8912394008799516e-06,-1.4296223170487398e-08,-1.262069586961573e-05,1.8950945134299774e-06,1.2120312307117152e-09
1460.0,-357213.06024420867,4265953.389991784,5374120.5458961865,-7604.272504272679,-229.60246376929263,-303.2580341711836,492.60758394539357,7613.7798133316,7.822571723040959e-13,1.0,0.9999999741993445,0.9999999239805534,-0.00031298662209634456,2.1964822293653187e-05,4.4659803567401036e-05,-1.28535515861926e-07,7.571170101961464e-07,-1.8409795337601142e-06,1.2673608805308554e-05,-2.0736860157672e-06,3.202606022144444e-07,-1.2628821217927631e-05,2.075713855038345e-06,-3.299483388316875e-07
1470.0,-433232.21471106797,4263395.22178178,5370756.800965455,-7599.42812729078,-281.86005599579994,-369.27450244830766,492.76232862444596,7613.61389953435,7.803627863124693e-13,1.0,0.999999974199186,0.9999999240702221,-0.0003135895562878293,2.5748337360534122e-05,3.5447648088515824e-05,-1.1253760847270751e-07,7.573837261350923e-07,-1.8432559961431823e-06,1.267857693967515e-05,-2.2556626396157683e-06,6.542975930894245e-07,-1.263374879585277e-05,2.2558618386099007e-06,-6.605862242264166e-07
1480.0,-509198.25450809003,4260314.635642666,5366733.099722878,-7593.652875285869,-334.0798833955784,-435.24150839740514,492.9173456391264,7613.44918742215,7.784696661159636e-13,1.0,0.9999999741990229,0.9999999240857109,-0.000314112468031176,2.9532094077737982e-05,2.6226543031961915e-05,-9.652931428121587e-08,7.572148682792142e-07,-1.8445611012251796e-06,1.2680331600849226e-05,-2.4370644093566672e-06,9.876394678352632e-07,-1.2635485111968998e-05,2.435434192989414e-06,-9.905287185666103e-07
1490.0,-585101.8582794381,4256712.056270802,5362049.996374507,-7586.947591593365,-386.25558923353844,-501.1509991756155,493.0726371878441,7613.28572048713,7.765777980305465e-13,1.0,0.9999999741988582,0.9999999240268974,-0.0003145553271377525,3.331391068149401e-05,1.700135458152699e-05,-8.0518505266101e-08,7.566103177737086e-07,-1.8448952340744017e-06,1.2678881005751958e-05,-2.617786436432186e-06,1.3201114345590937e-06,-1.2634038142172829e-05,2.614326763439969e-06,-1.3196036822444046e-06
1500.0,-660933.7498582077,4252587.948765973,5356708.096317406,-7579.3131893395375,-438.38084844294093,-566.9949622108197,493.22817097175215,7613.123503369053,7.746875873209169e-13,1.0,0.9999999741986907,0.9999999238938365,-0.0003149181396016598,3.709161449185233e-05,7.77692537983083e-06,-6.451304820793298e-08,7.55570181006299e-07,-1.8442592118281626e-06,1.26742348093289e-05,-2.7977245720983605e-06,1.6515400103882596e-06,-1.2629417689110662e-05,2.792436302888337e-06,-1.647638812593132e-06
1510.0,-736684.6359469113,4247942.851420899,5350708.097686351,-7570.750710472297,-490.44932500445975,-632.7653713043986,493.3839283261625,7612.962555775256,7.72799270288442e-13,1.0,0.9999999741985212,0.9999999236867655,-0.00031520095206456354,4.086302731307599e-05,-1.4418926065301096e-06,-4.852083211096625e-08,7.540947769442462e-07,-1.8426543385132786e-06,1.2666404320983913e-05,-2.976774686565257e-06,1.9817518799335123e-06,-1.2621635015106504e-05,2.9696597032897977e-06,-1.974462733476484e-06
1520.0,-812345.2797752371,4242777.580806691,5344051.050331538,-7561.261691990841,-542.4547155975413,-698.4542425858268,493.54023938767335,7612.803282774904,7.7090886778533e-13,1.0,0.9999999741983916,0.999999923406132,-0.0003154038808219088,4.462597660675449e-05,-1.0650268723509727e-05,-3.254855375881505e-08,7.521840264470942e-07,-1.8400848834738127e-06,1.2655402227826518e-05,-3.15483240229261e-06,2.310577572956211e-06,-1.2610699824949013e-05,3.1458904109098213e-06,-2.2999144964642586e-06
1530.0,-887906.3447889261,4237092.370512339,5336737.267943379,-7550.846628190967,-594.3906610556817,-764.053519636328,493.69638712647094,7612.644930724259,7.690250574974645e-13,1.0,0.9999999741982192,0.9999999230524693,-0.00031552698267810225,4.837828302653138e-05,-1.9843369677564906e-05,-1.6605583058388482e-08,7.498394095569254e-07,-1.8365499139307385e-06,1.2641241972377629e-05,-3.331795061994685e-06,2.637842177298259e-06,-1.259663259270905e-05,3.3210343227414908e-06,-2.6238051660384545e-06
1540.0,-963358.6157338182,4230888.16300391,5328767.959849925,-7539.507275203289,-646.2508817889512,-829.5552490940679,493.8527002453599,7612.487902542496,7.671438626507418e-13,1.0,0.9999999741980462,0.99999992262658,-0.00031557045730298963,5.211778458681893e-05,-2.9016378279722323e-05,-6.997790081223274e-10,7.470621903654334e-07,-1.8320524868795444e-06,1.2623940977761904e-05,-3.5075606099205345e-06,2.96337542616404e-06,-1.2579446226105626e-05,3.494985760988292e-06,-2.945975486884371e-06
1550.0,-1038692.8569067571,4224165.748114272,5320144.142797931,-7527.24511551834,-698.0290834044429,-894.9514584080789,494.009158128337,7612.332214458319,7.652655337833651e-13,1.0,0.9999999741978733,0.9999999221294105,-0.00031553450989533284,5.5842321992323014e-05,-3.816449001098939e-05,1.5161147606999748e-08,7.438535966843699e-07,-1.8265959857069173e-06,1.2603516681755021e-05,-3.682027047976582e-06,3.287007893008495e-06,-1.2559158161576883e-05,3.667643772485894e-06,-3.266257651445853e-06
1560.0,-1113899.8479972382,4216925.978420072,5310866.913005382,-7514.061741487175,-749.7189825054453,-960.2341891934153,494.16573972979654,7612.177881901224,7.633903241201775e-13,1.0,0.9999999741977005,0.9999999215620806,-0.00031541938418485233,5.954974272029226e-05,-4.728291843713447e-05,3.096948942652313e-08,7.402151058061002e-07,-1.8201842506885908e-06,1.2579988059374377e-05,-3.855093039063193e-06,3.608571280995243e-06,-1.2535787354819437e-05,3.838908066561348e-06,-3.5844849504727685e-06
1570.0,-1188970.385180113,4209169.769160008,5300937.44605548,-7499.958855163784,-801.3143073998373,-1025.3954981314378,494.3224236298744,7612.024919558629,7.615184888590064e-13,1.0,0.9999999741975281,0.999999920925881,-0.0003152253624028829,6.323790226442156e-05,-5.636689746956242e-05,4.671754943266799e-08,7.361484437681315e-07,-1.812821571877022e-06,1.2553375613451665e-05,-4.026657965813223e-06,3.927898496872613e-06,-1.2509354269031615e-05,4.008679065476674e-06,-3.90049185820976e-06
1580.0,-1263895.2822086073,4200898.098137455,5290356.996770852,-7484.9382681217585,-852.808798807886,-1090.4274578692841,494.47918807615156,7611.873341418193,7.596502846302446e-13,1.0,0.9999999741973562,0.9999999202222698,-0.00031495276521561284,6.690466537137014e-05,-6.541168359946825e-05,6.239764841229316e-08,7.316555829576674e-07,-1.8045126847378912e-06,1.2523701363036235e-05,-4.196621986747828e-06,4.244823726795619e-06,-1.2479880862442542e-05,4.176857954749483e-06,-4.214114116547504e-06
1590.0,-1338665.371506503,4192112.00561006,5279126.899071169,-7469.001901249776,-904.1962105689598,-1155.3221579179053,494.63601101581753,7611.723160799802,7.577859690781743e-13,1.0,0.9999999741971856,0.9999999194528707,-0.00031460195161868464,7.054790726269626e-05,-7.441255811641233e-05,7.800213253806748e-08,7.267387385839297e-07,-1.7952627677654716e-06,1.2490988830103883e-05,-4.364886090198293e-06,4.5591825136709855e-06,-1.2447390575121373e-05,4.34334673323793e-06,-4.525188818188556e-06
1600.0,-1413271.5052589488,4182812.5941682816,5267248.565816791,-7452.151784529521,-955.470310346984,-1220.0717055484643,494.79287012152747,7611.574390380812,7.559258005237592e-13,1.0,0.9999999741970163,0.9999999186194669,-0.00031417331879360615,7.416551483750107e-05,-8.336482931922013e-05,9.352338079049851e-08,7.214003644380469e-07,-1.7850774414341028e-06,1.2455263024924656e-05,-4.531352146334937e-06,4.870811835634624e-06,-1.2411908315060463e-05,4.508048262902961e-06,-4.833554488863498e-06
1610.0,-1487704.5565013841,4173001.0286038145,5254723.488639569,-7434.390056797655,-1006.6248803344578,-1284.66822668686,494.94974281242213,7611.427042216129,7.540700376902522e-13,1.0,0.9999999741968485,0.9999999177239995,-0.0003136673019273623,7.775538785296852e-05,-9.226383472425549e-05,1.0895381205024478e-07,7.156431482679095e-07,-1.7739627679486924e-06,1.2416550430350788e-05,-4.695922957611028e-06,5.179550185278856e-06,-1.2373460443538953e-05,4.670866318186853e-06,-5.13905116858782e-06
1620.0,-1561955.4202063638,4162678.5357688926,5241553.2377620675,-7415.718965493608,-1057.6537179550066,-1349.1038668063522,495.1066062718667,7611.281127754873,7.52218939472282e-13,1.0,0.9999999741966823,0.9999999167685614,-0.0003130843739972764,8.131544008147326e-05,-0.00010110494327382252,1.2428589176965814e-07,7.094700070131032e-07,-1.7619252513626851e-06,1.2374878985217473e-05,-4.858502307889181e-06,5.485237649275308e-06,-1.2332074759768915e-05,4.83170563495385e-06,-5.44152049195601e-06
1630.0,-1636015.0171568645,4151846.411154118,5227739.470299697,-7396.140878443032,-1108.5506382806848,-1413.370794013887,495.2634486502493,7611.136670220817,7.503726332033667e-13,1.0,0.9999999741965195,0.9999999157553949,-0.0003124250464258237,8.484360088930282e-05,-0.00010988355863269425,1.3951218238091512e-07,7.028840721655429e-07,-1.748971908735632e-06,1.2330278050959272e-05,-5.018995018828711e-06,5.787716100604045e-06,-1.22877803494069e-05,4.990471900944572e-06,-5.740806095069453e-06
1640.0,-1709874.2898052682,4140506.0051786737,5213283.912946287,-7375.658259406534,-1159.3094712954514,-1477.4611955431733,495.42024664036467,7610.993679811002,7.485313792602511e-13,1.0,0.9999999741963603,0.9999999146868844,-0.00031168986666129614,8.833781543002663e-05,-0.00011859511983199422,1.5462529521315212e-07,6.958886941550619e-07,-1.7351101781833689e-06,1.2282778370541705e-05,-5.17730696425952e-06,6.086829127707539e-06,-1.2240607830290044e-05,5.1470719381956365e-06,-6.036753040979949e-06
1650.0,-1783524.2057049612,4128658.7296811715,5198188.370167209,-7354.273679619379,-1209.9240642643556,-1541.3672807792707,495.5769764649561,7610.852165840907,7.466954408732328e-13,1.0,0.9999999741962046,0.9999999135655517,-0.0003108794189535355,9.179604615398935e-05,-0.0001272351041245378,1.696178897749937e-07,6.884874463519249e-07,-1.720347918564675e-06,1.223241210146937e-05,-5.333345148541629e-06,6.382422135632778e-06,-1.2190589211683892e-05,5.30141367482892e-06,-6.329208213771723e-06
1660.0,-1856955.7586572585,4116306.0579300513,5182454.724209154,-7331.989817815567,-1260.3882824789753,-1605.0812822059345,495.7336141910879,7610.712137090018,7.44865080408456e-13,1.0,0.9999999741960525,0.9999999123940508,-0.0003099943241182343,9.521627391978578e-05,-0.00013579902912017226,1.8448268286584924e-07,6.806841191294043e-07,-1.7046934125913497e-06,1.2179212795460961e-05,-5.487017751923822e-06,6.674342426138656e-06,-1.2137757872588162e-05,5.4534061900285975e-06,-6.6180204035879565e-06
1670.0,-1930159.9697853085,4103449.5244409973,5166084.934866198,-7308.809459910808,-1310.6960099517985,-1668.59545628766,495.8901357369665,7610.573601807495,7.430405592862849e-13,1.0,0.9999999741959043,0.9999999111751628,-0.0003090352392298309,9.859649906461967e-05,-0.00014428245491130586,1.9921245672156123e-07,6.724827142471558e-07,-1.6881553689750049e-06,1.2123215376394047e-05,-5.638234174346772e-06,6.962439276480451e-06,-1.2082148542919646e-05,5.602959760319036e-06,-6.903040381647308e-06
1680.0,-2003127.888604714,4090090.7247872073,5149081.039236779,-7284.735498674689,-1360.8411501088574,-1731.9020843494586,496.0465168784978,7610.436567717699,7.412221379050227e-13,1.0,0.9999999741957598,0.9999999099117883,-0.0003080028572764061,0.00010193474244801465,-0.00015268098620636563,2.1380006608070847e-07,6.638874398081065e-07,-1.6707429234556685e-06,1.2064456118024418e-05,-5.7869050787399295e-06,7.246564017309419e-06,-1.202379728403612e-05,5.7499859051895075e-06,-7.18412097412905e-06
1690.0,-2075850.5940907763,4076231.315402559,5131445.1514716735,-7259.770933392081,-1410.8176264805797,-1794.9934734543435,496.2027332556713,7610.301042025638,7.394100755688695e-13,1.0,0.9999999741956193,0.9999999086069424,-0.0003068979067815907,0.00010522904647163903,-0.00016099027446547787,2.2823844432812625e-07,6.549027057419971e-07,-1.6524656386742411e-06,1.200297262149343e-05,-5.932942433882066e-06,7.5265701094419724e-06,-1.1962741468612677e-05,5.894397432041094e-06,-7.461117134892149e-06
1700.0,-2148319.1957422113,4061873.0133777577,5113179.462513019,-7233.91886951388,-1460.6193833908212,-1857.861957278451,496.3587603787854,7610.167031422403,7.376046304199119e-13,1.0,0.9999999741954824,0.9999999072637472,-0.0003057211513977227,0.00010847747607771922,-0.00016920602003260256,2.425206088669376e-07,6.455331197506985e-07,-1.6333335029016783e-06,1.1938803792611461e-05,-6.076259556857298e-06,7.802313219303178e-06,-1.189901975988335e-05,6.036108480432185e-06,-7.733886016992088e-06
1710.0,-2220524.834641341,4047017.5962494747,5094286.239824491,-7207.182518297045,-1510.2403866440977,-1920.4998969838366,496.5145736346217,7610.034542090619,7.358060593728456e-13,1.0,0.9999999741953499,0.9999999058854262,-0.0003044733894737544,0.00011167811972817427,-0.00017732397425854096,2.5663966585941276e-07,6.357834836411472e-07,-1.6133569276782286e-06,1.1871989818889028e-05,-6.216771155109155e-06,8.073651292899244e-06,-1.1832672090259275e-05,6.175034565599474e-06,-8.002287042963324e-06
1720.0,-2292458.684510516,4031666.9017825597,5074767.827112624,-7179.565196434085,-1559.6746242108943,-1982.8996820887942,496.6701482925294,7609.903579709985,7.340146180528702e-13,1.0,0.9999999741952215,0.9999999044752957,-0.0003031554536007563,0.00011482909036621142,-0.00018533994160954264,2.705888144603878e-07,6.256587899685976e-07,-1.5925467444412747e-06,1.1802572146281587e-05,-6.354393368072072e-06,8.34044462821085e-06,-1.1763739639337574e-05,6.311092621232162e-06,-8.266181973831027e-06
1730.0,-2364111.9527648105,4015822.8277453133,5054626.644039386,-7151.070325671883,-1608.9161069111196,-2045.0537313357663,496.82545951050054,7609.77414946287,7.322305607357928e-13,1.0,0.9999999741950973,0.9999999030367589,-0.0003017682101372785,0.000117928526361751,-0.00019324978175670545,2.843613506498295e-07,6.151642189143387e-07,-1.5709142002363746e-06,1.1730593455609863e-05,-6.489043808343984e-06,8.60255594593343e-06,-1.1692264811313032e-05,6.444201041477747e-06,-8.52543497682114e-06
1740.0,-2435475.8815608053,3999487.3316778955,5033865.185925965,-7121.701432419955,-1657.9588690956118,-2106.9544935567405,496.980482341215,7609.646256040039,7.304541402905615e-13,1.0,0.9999999741949772,0.9999999015732973,-0.00030031255871634875,0.00012097459244167265,-0.00020104941164183598,2.9795067075299454e-07,6.043051353273835e-07,-1.5484709526150515e-06,1.1656097638621341e-05,-6.620641602352357e-06,8.859850458516447e-06,-1.1618291211806894e-05,6.574279722158285e-06,-8.779912691734986e-06
1750.0,-2506541.748841362,3982662.4306538743,5012486.023447907,-7091.462147348125,-1706.7969693256568,-2168.5944485360797,497.13519173809516,7609.5199036464865,7.286856081237563e-13,1.0,0.9999999741948618,0.9999999000884646,-0.00029878943173548486,0.0001239654806055417,-0.00020873480751596596,3.113502747200308e-07,5.930870858666196e-07,-1.525229063823073e-06,1.1579129773661237e-05,-6.749107430459804e-06,9.112195937473898e-06,-1.1541863624126074e-05,6.701250101176653e-06,-9.029484295957598e-06
1760.0,-2577300.6216316745,3965349.8052529236,4990491.302800486,-7060.355500231401,-1755.4243224211675,-2229.965893001095,497.288878853593,7609.394340244417,7.269330015204041e-13,0.0,0.999999974194694,0.9999998985875146,-0.00029719974055513045,0.00012689795005733952,-0.00021629510740229789,3.2455001143211096e-07,5.778628803132669e-07,-1.4836557276061784e-06,1.1499737997908425e-05,-6.869893920134046e-06,9.342779543353201e-06,-1.1463102353302447e-05,6.715455025718347e-06,-8.836003945584539e-06
1770.0,-2647744.3409794252,3947552.3840779997,4967884.745552429,-7028.386732489803,-1803.8353842440397,-2291.0618130784346,497.4428857493466,7609.271081137521,7.251809766892556e-13,0.0,0.9999999741946901,0.9999998971606713,-0.00029554463412162615,0.0001296992271320624,-0.0002233819766102586,3.375296352659584e-07,5.448499647872426e-07,-1.3562076445559573e-06,1.1417993621701626e-05,-6.9597478593491035e-06,9.463857961246675e-06,-1.1381911879158661e-05,6.835967666685588e-06,-9.07536569492845e-06
1780.0,-2717864.0576819796,3929271.963783979,4944668.644791346,-6995.559086142572,-1852.0241117819842,-2351.8745595170826,497.5965032853801,7609.149373092725,7.234375879900502e-13,0.0,0.9999999741946672,0.9999998958397137,-0.0002938250957791858,0.00013235279468998482,-0.00022991182553530574,3.5030639596020504e-07,5.185053367690591e-07,-1.259968194858479e-06,1.1333914597989235e-05,-7.051526133157776e-06,9.597689825991696e-06,-1.1298415118975702e-05,6.953136444411421e-06,-9.309437297148366e-06
1790.0,-2787651.2031902806,3910510.7970584026,4920845.869389718,-6961.876604664683,-1899.9846671949665,-2412.3967444896025,497.74970608005395,7609.02921843368,7.217030804316403e-13,0.0,0.9999999741946296,0.999999894598255,-0.0002920421750614606,0.00013488882896556186,-0.00023602777490665746,3.6287112954555665e-07,4.975908501876012e-07,-1.1897919295345488e-06,1.1247553921132853e-05,-7.144998553246834e-06,9.743997572221217e-06,-1.1212659570507725e-05,7.066893128111263e-06,-9.538103018555027e-06
1800.0,-2857097.249901822,3891271.1948278765,4896419.36192034,-6927.343433620272,-1947.7112402198343,-2472.6210153948105,497.90246868268866,7608.910619029024,7.199776973143009e-13,0.0,0.9999999741945802,0.999999893412362,-0.0002901969612535358,0.0001373314616706215,-0.00024184751202710735,3.752163477218186e-07,4.809306984151155e-07,-1.1406832184508357e-06,1.1158964152149126e-05,-7.239738614961085e-06,9.901782091055842e-06,-1.1124693945663284e-05,7.177170450347151e-06,-9.761248849744493e-06
1810.0,-2926193.7121793632,3871555.5259791994,4871392.138300106,-6891.963820196942,-1995.1980488371664,-2532.5400557042394,498.0547655799994,7608.793576299313,7.182616801819405e-13,0.0,0.9999999741945225,0.9999998922615101,-0.0002882905763640958,0.00013969919902251412,-0.0002474645248801781,3.8733570976639914e-07,4.674517611310797e-07,-1.107979501421219e-06,1.1068197778919948e-05,-7.3351874004254745e-06,1.0069519543492429e-05,-1.103456818074141e-05,7.283902208748219e-06,-9.978762707845086e-06
1820.0,-2994932.1421870175,3851366.219010361,4845767.289886505,-6855.742116210584,-2042.4393363884308,-2592.1465813185364,498.2065717663998,7608.678091879809,7.165552624455058e-13,0.0,0.9999999741944592,0.9999998911290235,-0.00028632417127742466,0.00014200550625036434,-0.00025295012414872607,3.992236116578562e-07,4.56207378327038e-07,-1.0874700444601347e-06,1.097530755581235e-05,-7.43071393530304e-06,1.0245359417806135e-05,-1.0942333425644216e-05,7.38702337803141e-06,-1.0190534651331312e-05
1830.0,-3063304.1465779585,3830705.7559572044,4819547.97575689,-6818.682767233812,-2089.42938296759,-2651.4333549799453,498.3578610311421,7608.56416562809,7.148586886715759e-13,0.0,0.999999974194391,0.9999998900021949,-0.00028429892062938804,0.0001442594535162437,-0.0002583557901633765,4.108748988403419e-07,4.463905120728684e-07,-1.0754732730003249e-06,1.088034664556858e-05,-7.52566414850341e-06,1.0427290755612427e-05,-1.0848042029279349e-05,7.486470247907928e-06,-1.0396457086772505e-05
1840.0,-3131301.3716743556,3809576.6778456685,4792737.4296366805,-6780.790322421087,-2136.162495264375,-2710.393173427017,498.5086077128006,7608.451797663791,7.13172194853498e-13,0.0,0.9999999741943193,0.9999998888720927,-0.00028221602364326547,0.00014646644124739156,-0.00026371601984066063,4.2228462434330503e-07,4.3733336352536613e-07,-1.0688564838718248e-06,1.0783368941552778e-05,-7.619395340415022e-06,1.0613265846701035e-05,-1.075174749450778e-05,7.582180531083527e-06,-1.0596424975564074e-05
1850.0,-3198915.5097899903,3787981.582479427,4765338.957085588,-6742.0694305802745,-2182.633010856086,-2769.0188728264416,498.6587861125888,7608.340987686655,7.114960150622637e-13,0.0,0.9999999741942464,0.9999998877332612,-0.00028007670281185855,0.00014862887534343816,-0.0002690510287759733,4.334479297574001e-07,4.2850242286670587e-07,-1.0650354387092853e-06,1.068442916041435e-05,-7.711302051274844e-06,1.0801297513524908e-05,-1.0653504437221046e-05,7.674093486981885e-06,-1.0790336017380992e-05
1860.0,-3266138.300224234,3765923.12412781,4737355.935099271,-6702.524839653501,-2228.83529886244,-2827.303329604026,498.80837050080856,7608.231734983985,7.098303814081141e-13,0.0,0.999999974194173,0.9999998865833134,-0.0002778822038465335,0.00015074681255163153,-0.0002743694334396851,4.4435996706031444e-07,4.1948784317882874e-07,-1.0619474835851718e-06,1.0583582934029091e-05,-7.800832813040123e-06,1.0989527828626157e-05,-1.0553368535625347e-05,7.762150032234272e-06,-1.0978090815839892e-05
1870.0,-3332961.5302508054,3743404.0132071604,4708791.811702659,-6662.161396187279,-2274.763760597915,-2885.2394612724265,498.95733512332197,7608.124038438202,7.081755240037362e-13,0.0,0.9999999741941009,0.9999998854224803,-0.0002756337959028334,0.0001528185444179658,-0.00027967075596625865,4.5501586475176904e-07,4.099897310313751e-07,-1.0580085232125443e-06,1.0480886859739438e-05,-7.887499766858268e-06,1.1176273430290763e-05,-1.0451396475681667e-05,7.846292841131257e-06,-1.115959302292641e-05
1880.0,-3399377.0361011317,3720427.0159556866,4679650.1055350285,-6620.984044791948,-2320.41283022143,-2942.820227255461,499.1056542080548,7608.017896534527,7.065316709289204e-13,0.0,0.999999974194031,0.999999884253146,-0.00027333277188614267,0.0001548411083499411,-0.0002849476865351379,4.65410725514521e-07,3.998028688229872e-07,-1.052059944344133e-06,1.0376398515852368e-05,-7.97088264324239e-06,1.1360051498382222e-05,-1.0347645894735443e-05,7.926466435011439e-06,-1.1334749462148394e-05
1890.0,-3465376.7039422947,3696994.9541018084,4649934.405426808,-6578.99782759036,-2365.776975383405,-3000.038629709036,499.253301971538,7607.913307368809,7.048990481965779e-13,0.0,0.9999999741939639,0.9999998830793977,-0.000270980448701676,0.00015681072102559455,-0.00029018806594605415,4.7553964466398565e-07,3.8880104322456237e-07,-1.043310447922548e-06,1.027017644985503e-05,-8.050628463901323e-06,1.1539590255456351e-05,-1.0242175324968474e-05,8.00261726034105e-06,-1.1503470231472058e-05
1900.0,-3530952.4708493524,3673110.704526053,4619648.369968227,-6536.207883655879,-2410.850697870054,-3056.8877143385016,499.4002526254719,7607.810268655459,7.032778797202664e-13,0.0,0.9999999741939005,0.9999998819066012,-0.0002685781673632879,0.0001587231344704057,-0.0002953765730941978,4.853977407335902e-07,3.769218500325691e-07,-1.031276689009502e-06,1.0162280146320557e-05,-8.12644815821149e-06,1.1713827542004603e-05,-1.0135044137918528e-05,8.07469375581391e-06,-1.1665668787833882e-05
1910.0,-3596096.325772015,3648777.1989165107,4588795.7270697635,-6492.619448439581,-2455.6285342448946,-3113.360571212439,499.5464803833272,7607.7087777355055,7.016683872830301e-13,0.0,0.9999999741938411,0.9999998807410159,-0.00026612729291539014,0.00016057391879497867,-0.0003004961190993829,4.949801915241282e-07,3.641525830547375e-07,-1.0157256652169333e-06,1.0052769980695571e-05,-8.198111108970045e-06,1.1881900622955628e-05,-1.002631249095274e-05,8.142646409201967e-06,-1.1821262015457796e-05
1920.0,-3660800.310495527,3623997.4234178886,4557380.273514493,-6448.2378531867535,-2500.1050564874113,-3169.450335572753,499.6919594669826,7607.6088315847755,7.000707905075318e-13,0.0,0.999999974193786,0.9999998795894541,-0.00026362921415238314,0.0001623586780530877,-0.000305528962392958,5.042822707301706e-07,3.505175947073419e-07,-9.966209542295204e-07,9.941707164224228e-06,-8.265438463500379e-06,1.2043129952581358e-05,-9.916041276265091e-06,8.206427804939522e-06,-1.1970170280398403e-05
1930.0,-3725056.5205956544,3598774.418274187,4525405.874502349,-6403.068524342609,-2544.2748726287773,-3225.1501886410015,499.83666411338373,7607.510426822188,6.984853068276111e-13,0.0,0.9999999741937349,0.9999998784589903,-0.000261085343141543,0.00016407320715333538,-0.0003104575677272529,5.132993817993227e-07,3.3606733773967225e-07,-9.74074185631542e-07,9.829153684274423e-06,-8.32829587606855e-06,1.219699918556569e-05,-9.804292072699186e-06,8.265992663557613e-06,-1.2112317473735538e-05
1940.0,-3788857.1063876664,3573111.2774650375,4492876.463186324,-6357.116982947234,-2588.132627384596,-3280.4533584208725,499.98056858123186,7607.413559718153,6.969121514611435e-13,0.0,0.9999999741936881,0.9999998773567185,-0.0002584971145695556,0.0001657135984399348,-0.00031526523746928725,5.220270869584123e-07,3.208691581128114e-07,-9.483025409854672e-07,9.715172243366879e-06,-8.386586191901039e-06,1.2343133295123171e-05,-9.691127100478452e-06,8.321297874125631e-06,-1.2247631045713893e-05
1950.0,-3852194.2738692444,3547011.1483357097,4459796.040200661,-6310.388844019744,-2631.6730027845997,-3335.3531204967508,500.1236471577026,7607.31822620308,6.953515373841662e-13,0.0,0.9999999741936455,0.9999998762895588,-0.0002558659849411899,0.0001672763066336226,-0.00031993654628050997,5.30461130356057e-07,3.049998046276305e-07,-9.19592602971357e-07,9.599826199320212e-06,-8.440242445443345e-06,1.248127626039936e-05,-9.576609178756163e-06,8.37230252082804e-06,-1.2376042032896813e-05
1960.0,-3915060.2856571153,3520477.2312208572,4426168.673181103,-6262.889815931693,-2674.8907187991836,-3389.842798828208,500.26587416518015,7607.224421875983,6.938036753063839e-13,0.0,0.9999999741936066,0.9999998752641098,-0.00025319343166224244,0.0001687581804557582,-0.0003244576109349726,5.385974550440524e-07,2.885395468778387e-07,-8.882705097244757e-07,9.483179508141076e-06,-8.489221427613717e-06,1.2611269425257874e-05,-9.460801685774544e-06,8.418967904726064e-06,-1.2497485080123475e-05
1970.0,-3977447.4619174227,3493512.7790619945,4391998.496277183,-6214.625699769655,-2717.7805339627816,-3443.915766540426,500.4072239680225,7607.132142013193,6.922687736478628e-13,0.0,0.9999999741935715,0.999999874286543,-0.0002504809520390635,0.00017015646858720658,-0.00032881622610253936,5.464322140701004e-07,2.7156774472855433e-07,-8.546781023384237e-07,9.365296670633432e-06,-8.533497978968008e-06,1.2733031314964998e-05,-9.343768521338262e-06,8.461257561645215e-06,-1.2611898458756275e-05
1980.0,-4039348.181289644,3466121.0970187588,4357289.709656646,-6165.602388687027,-2760.3372459939487,-3497.565446710391,500.5476709793415,7607.041381577143,6.907470385170398e-13,0.0,0.9999999741935394,0.999999873362533,-0.0002477300622247301,0.00017146880675481555,-0.0003330018948712481,5.53961776320738e-07,2.541596850835781e-07,-8.191545686957501e-07,9.246242683170591e-06,-8.573060087150352e-06,1.2846539428649312e-05,-9.225574071261211e-06,8.499137277002914e-06,-1.2719224082399002e-05
1990.0,-4100754.881803942,3438305.5420740005,4322046.579002033,-6115.825867245062,-2802.5556924120856,-3550.785313148764,500.68718966779767,7606.952135225261,6.892386736900121e-13,0.0,0.9999999741935105,0.9999998724972213,-0.0002449422961381573,0.00017269319178550896,-0.0003370057799869302,5.61182727962101e-07,2.3638449077735703e-07,-7.82022971927215e-07,9.126082992668616e-06,-8.607904806270058e-06,1.2951814303426843e-05,-9.106283173426467e-06,8.532575098258355e-06,-1.2819407520978872e-05
2000.0,-4161660.061791938,3410069.522632694,4286273.434999452,-6065.302210743049,-2844.4307511507827,-3603.568891177406,500.82575456441475,7606.864397318929,6.877438805910143e-13,0.0,0.9999999741934842,0.9999998716952038,-0.00024211920437782538,0.00017382794749342976,-0.00034082059856537774,5.680918704167712e-07,2.1830390799872652e-07,-7.435809938304308e-07,9.004883455507274e-06,-8.63803497095351e-06,1.3048905968611029e-05,-8.985961085103536e-06,8.561541345537013e-06,-1.2912398013825031e-05
2010.0,-4222056.280790662,3381416.4981147596,4249974.672819601,-6014.037584537752,-2885.9573411676256,-3655.909758402356,500.96334026940445,7606.778161932525,6.862628582741432e-13,0.0,0.99999997419346,0.9999998709605398,-0.0002392623531469383,0.00017487168632256643,-0.0003444404796362123,5.746862158124672e-07,1.9997178920605423e-07,-7.040952103325814e-07,8.882710299949242e-06,-8.663456646631082e-06,1.3137882771608952e-05,-8.864673451189124e-06,8.58600862086033e-06,-1.2998148482149944e-05
2020.0,-4281936.160439686,3352349.978541787,4213154.7515910845,-5962.03824335203,-2927.1304230504497,-3707.8015454822407,501.0999214589931,7606.693422862535,6.847958034063782e-13,0.0,0.9999999741934379,0.9999998702967764,-0.00023637332320208403,0.0001758232697930659,-0.000347860800503713,5.809629807714237e-07,1.8143410504357984e-07,-6.637982365359786e-07,8.759630091499696e-06,-8.684177237819475e-06,1.3218822456682475e-05,-8.742486273070876e-06,8.605951816302132e-06,-1.3076615541153262e-05
2030.0,-4341292.385371267,3322873.5241177194,4175818.193866075,-5909.310530572682,-2967.944999619929,-3759.237936891974,501.235472892276,7606.61017363674,6.833429102515717e-13,0.0,0.9999999741934174,0.999999869706982,-0.00023345370883315732,0.00017668177001754832,-0.0003510780147019307,5.869195793040882e-07,1.627293388604726e-07,-6.228881234114572e-07,8.635709700600308e-06,-8.700204165655434e-06,1.3291805308521515e-05,-8.619465877853566e-06,8.621348121298709e-06,-1.3147759511819312e-05
2040.0,-4400117.704093431,3292990.7448035264,4137969.5850783405,-5855.860877537494,-3008.3961165284422,-3810.2126716816847,501.36996941805165,7606.528407523453,6.819043706558871e-13,0.0,0.999999974193398,0.9999998691937865,-0.00023050511687856975,0.0001774464338768143,-0.00035408948137869665,5.9255361543972e-07,1.4388913911589383e-07,-5.815294485751062e-07,8.511016272059169e-06,-8.711544022601729e-06,1.335690912973465e-05,-8.495678887733072e-06,8.63217702925875e-06,-1.3211544432365223e-05
2050.0,-4458404.929865848,3262705.2998859137,4099613.572993727,-5801.695802811541,-3048.4788628551014,-3860.719544230707,501.5033859816771,7606.448117540825,6.804803740341885e-13,0.0,0.9999999741933799,0.9999998687594254,-0.00022752916577672324,0.00017811665087640412,-0.00035689330332728224,5.978628760907234e-07,1.249391267336773e-07,-5.398556130273447e-07,8.38561719565884e-06,-8.718202114330664e-06,1.3414205799766384e-05,-8.371192189346269e-06,8.638420343556153e-06,-1.3267938069219518e-05
2060.0,-4516146.941568439,3232020.8975400897,4060754.8671531132,-5746.821911452701,-3088.1883716969037,-3910.7524049965887,501.6356976319151,7606.369296466183,6.790711073576545e-13,0.0,0.9999999741933628,0.9999998684057815,-0.00022452748465235476,0.00017869192524415598,-0.0003594881786267477,6.028453245134799e-07,1.0589977526227355e-07,-4.979719288095902e-07,8.259580077450004e-06,-8.72018230466799e-06,1.3463759158025371e-05,-8.246072902969267e-06,8.640062182937038e-06,-1.3316911927358465e-05
2070.0,-4573336.684562577,3200941.29438665,4021398.2383079007,-5691.245894266434,-3127.5198207558924,-3960.3051612589907,501.7668795277793,7606.29193684545,6.776767551424993e-13,0.0,0.9999999741933467,0.9999998681344262,-0.0002215017124346616,0.00017917185246730857,-0.00036187326895965465,6.074990946063445e-07,8.678730076109998e-08,-4.5595915507012604e-07,8.132972711317622e-06,-8.71748708783053e-06,1.3505623961857534e-05,-8.12038835147511e-06,8.637088986335216e-06,-1.3358441259801598e-05
2080.0,-4629967.171544766,3169470.2950426047,3981548.5178480977,-5634.974527049835,-3166.468432922242,-4009.371777858345,501.89690694537757,7606.216031002573,6.762974994397533e-13,0.0,0.9999999741933306,0.999999867946656,-0.00021845349700301374,0.00017955610019595075,-0.00036404808613800727,6.118224861780872e-07,6.761451522024041e-08,-4.1387720894603213e-07,8.00586305049013e-06,-8.710117821933307e-06,1.353984568690273e-05,-7.994206028996796e-06,8.629489517063637e-06,-1.3392505076059882e-05
2090.0,-4686031.483392723,3137611.7516666036,3941210.5972230355,-5578.014669824962,-3205.0294768531944,-4057.946277929191,502.02575528474244,7606.141571048997,6.749335198261732e-13,0.0,0.9999999741933149,0.9999998678435259,-0.00021538449435546783,0.00017984439324622011,-0.00036601239716130095,6.158139612323061e-07,4.839161180681928e-08,-3.717688408497303e-07,7.878319178744739e-06,-8.698075068009292e-06,1.3566460960186812e-05,-7.867593569271525e-06,8.617254866332072e-06,-1.341908614933638e-05
2100.0,-4741522.7700037435,3105369.5634983755,3900389.4273547786,-5520.373266061465,-3243.1982675477643,-4106.022743628087,502.1534000766566,7606.068548893184,6.735849933961426e-13,0.0,0.9999999741932993,0.9999998678258764,-0.00021229636779513143,0.0001800365023094443,-0.0003677661472221336,6.194721412424665e-07,2.912686227190543e-08,-3.296631198804694e-07,7.750409281139924e-06,-8.681358988943929e-06,1.3585498442504154e-05,-7.740618713665627e-06,8.600378456032018e-06,-1.3438171022296958e-05
2110.0,-4796434.251125211,3072747.676392461,3859090.0180442925,-5462.057341888577,-3280.97016691709,-4153.595316855939,502.27981698946377,7605.996956250144,6.72252094754621e-13,0.0,0.9999999741932832,0.9999998678943547,-0.00020919078712959002,0.00018013223590037224,-0.0003693093994278725,6.227958053421259e-07,9.82721653776981e-09,-2.8757862350324887e-07,7.622201614173482e-06,-8.659969772298224e-06,1.3596980004190656e-05,-7.613349278899525e-06,8.578856040725928e-06,-1.3449750011251468e-05
2120.0,-4850759.217177218,3039750.0823462466,3817317.4373703934,-5403.0740052964065,-3318.3405843504042,-4200.658199974702,502.40498183586544,7605.926784650996,6.709349960110829e-13,0.0,0.9999999741932669,0.9999998680494336,-0.00020606942787900173,0.0001801314350474061,-0.0003706422895822711,6.257838893184279e-07,-9.501198011790972e-09,-2.45526266199998e-07,7.493764475323195e-06,-8.633908049700962e-06,1.3600922065707516e-05,-7.485853124505511e-06,8.55268570877909e-06,-1.345381720861355e-05
2130.0,-4904491.030067085,3006380.8190223817,3775076.8110815915,-5343.430445326664,-3355.304977276451,-4247.205656518265,502.5288705796888,7605.858025452539,6.696338667745478e-13,0.0,0.9999999741932502,0.999999868291423,-0.00020293397048903476,0.00018003397023001047,-0.00037176499412986763,6.284354852775426e-07,-2.885267445342524e-08,-2.035117347431503e-07,7.365166171975049e-06,-8.603175293110702e-06,1.3597337000392351e-05,-7.358198120061882e-06,8.521867882576424e-06,-1.3450370483534994e-05
2140.0,-4957623.123995797,2972643.9692655844,3732373.321980831,-5283.13393125278,-3391.858851720338,-4293.232011897458,502.65145934265854,7605.790669846834,6.683488741493113e-13,0.0,0.9999999741932324,0.9999998686204777,-0.00019978609954546025,0.00017983974009418637,-0.00037267770927161434,6.307498418420909e-07,-4.822161449460131e-08,-1.615375235793206e-07,7.2364749897780005e-06,-8.56777417474402e-06,1.3586234520509158e-05,-7.230452112251505e-06,8.486405317773393e-06,-1.343941148063968e-05
2150.0,-5010149.006256137,2938543.6606139103,3689212.2093032175,-5222.191811749465,-3427.9977628556867,-4338.731654099063,502.77272441111785,7605.724708870808,6.67080182731889e-13,0.0,0.9999999741932138,0.9999998690366044,-0.0001966275029879047,0.00017954867151835492,-0.0003733806392786081,6.327263647407642e-07,-6.760229745441071e-08,-1.196045832401923e-07,7.107759160493594e-06,-8.52770888281391e-06,1.3567622988831052e-05,-7.102682891798156e-06,8.446303101536324e-06,-1.3420945616804854e-05
2160.0,-5062062.258022506,2904084.0648045195,3645598.76808677,-5160.611514051755,-3463.7173155520086,-4383.699034378686,502.892642242738,7605.660133415835,6.658279546087203e-13,0.0,0.9999999741931938,0.9999998695396618,-0.00019345987132093271,0.00017916072065284945,-0.00037387399213199076,6.343646176601314e-07,-8.698871928251521e-08,-7.771360851925204e-08,6.97908682942279e-06,-8.482985389477507e-06,1.3541510616191093e-05,-6.974958160332172e-06,8.401568649736902e-06,-1.3394982075963253e-05
2170.0,-5113356.5351322265,2869269.3972740136,3601538.3485363238,-5098.4005431036185,-3499.013164917174,-4428.128667947353,503.0111894732062,7605.596934237323,6.64592349354676e-13,0.0,0.9999999741931727,0.9999998701293622,-0.00019028489682126312,0.00017867587461140648,-0.0003741579807751028,6.356643232401924e-07,-1.0637449040037303e-07,-3.586600220412791e-08,6.850526022504078e-06,-8.433611670652932e-06,1.3507906520672448e-05,-6.847345497236753e-06,8.352211703072889e-06,-1.3361533801916916e-05
2180.0,-5164025.568858334,2834103.916653342,3557036.3553805375,-5035.566480696081,-3533.881016834962,-4472.01513465181,503.1283429228626,7605.535101964309,6.633735240326194e-13,0.0,0.99999997419315,0.9999998708052689,-0.0001871042727404753,0.00017809415354869774,-0.00037423282845707633,6.366253641119824e-07,-1.2575278137383495e-07,5.93544472780435e-09,6.722144613179423e-06,-8.379597879750149e-06,1.3466821636477728e-05,-6.7199123265235865e-06,8.298244322093787e-06,-1.3320617489168673e-05
2190.0,-5214063.166673669,2798591.9242573767,3512098.2472221637,-4972.116984594983,-3568.316628497506,-4515.353079648277,503.2440796033265,7605.474627109007,6.621716331935659e-13,0.0,0.9999999741931257,0.9999998715667938,-0.00018391969250305365,0.0001774156129112261,-0.00037409877685757556,6.372477838934493e-07,-1.4511630612219119e-07,4.76861135637627e-08,6.594010289122373e-06,-8.320956478986064e-06,1.34182694702095e-05,-6.592725883781537e-06,8.23968088111885e-06,-1.3272253571791612e-05
2200.0,-5263463.213006186,2762737.7635691897,3466729.5358816185,-4908.059787658413,-3602.3158089325975,-4558.13721406964,503.3583767240653,7605.415500076364,6.609868288778442e-13,0.0,0.9999999741930992,0.9999998724131945,-0.00018073284890000814,0.0001766403456978774,-0.0003737560958964949,6.375317880768197e-07,-1.6445733337494783e-07,8.937931651287443e-08,6.466190518918113e-06,-8.257702332951499e-06,1.3362266709579215e-05,-6.46585318323968e-06,8.176538061038735e-06,-1.321646621036269e-05
2210.0,-5312219.6699854145,2726545.819719073,3420935.785733892,-4843.402696943849,-3635.8744195257373,-4600.3623156858885,503.4712116989391,7605.357711173578,6.598192606168842e-13,0.0,0.9999999741930709,0.9999998733435714,-0.00017754543327862168,0.00017576848460988372,-0.00037320509433967007,6.374777447582784e-07,-1.837677182682312e-07,1.3100621332352072e-07,6.3387525187767065e-06,-8.189852769604052e-06,1.3298833694729406e-05,-6.339360984979655e-06,8.108834840999078e-06,-1.3153283276995325e-05
2220.0,-5360326.578179904,2690020.518958376,3374722.6130389078,-4778.1535928050525,-3668.988374536835,-4642.023229557741,503.58256215269864,7605.301250619594,6.586690754357994e-13,0.0,0.9999999741930402,0.999999874356863,-0.00017435913472910595,0.00017480020400731359,-0.0003724461305046388,6.370861851751998e-07,-2.0303894722301884e-07,1.7255584904079788e-07,6.211763219352503e-06,-8.117427613964388e-06,1.3227994765742607e-05,-6.213315762329485e-06,8.036592488967148e-06,-1.3082736338507328e-05
2230.0,-5407778.057325617,2653166.3281281968,3328095.6852653716,-4712.320427978835,-3701.6536416114577,-4683.114868683273,503.6924059274439,7605.246108554565,6.575364178566323e-13,0.0,0.9999999741930071,0.9999998754518444,-0.00017117563926910486,0.00017373572162032258,-0.0003714796225443398,6.363578040311263e-07,-2.2226219048641178e-07,2.1401528024713926e-07,6.085289232731466e-06,-8.040449199622083e-06,1.3149778501804609e-05,-6.087783669465963e-06,7.959834551187194e-06,-1.3004860637763104e-05
2240.0,-5454568.307045121,2615987.7541229893,3281060.7204081938,-4645.911226661664,-3733.8662422865536,-4723.632214637489,503.80072108902783,7605.192275049269,6.564214299023706e-13,0.0,0.9999999741929712,0.9999998766271249,-0.00016799662902707447,0.00017257529998847894,-0.0003703060579386048,6.352934595985752e-07,-2.4142835788942486e-07,2.553697616678759e-07,5.959396819639212e-06,-7.958942362778466e-06,1.3064217868224955e-05,-5.962830509249645e-06,7.878586840531827e-06,-1.2919695073228096e-05
2250.0,-5500691.607557494,2578489.343349145,3233623.486299548,-4578.934083576278,-3765.6222524905165,-4763.5703182046445,503.9074859334203,7605.139740114482,6.553242511015252e-13,0.0,0.9999999741929327,0.9999998778811463,-0.0001648237814256133,0.0001713192476209661,-0.00036892600195231873,6.338941736000195e-07,-2.6052815444005743e-07,2.966029696280909e-07,5.83415185691297e-06,-7.872934423056267e-06,1.2971350287325835e-05,-5.838521701312474e-06,7.792877423759865e-06,-1.2827282176773332e-05
2260.0,-5546142.320378866,2540675.6811785963,3185789.799913642,-4511.397163028284,-3796.9178030375347,-4802.924300003277,504.01267899301087,7605.088493710313,6.542450184934276e-13,0.0,0.999999974192891,0.999999879212182,-0.00016165876836580847,0.00016996791988494413,-0.0003673401049254088,6.321611308737353e-07,-2.795521333069421e-07,3.376972433042644e-07,5.709619805271537e-06,-7.782455154731522e-06,1.2871217648374703e-05,-5.714922250416073e-06,7.702736607691569e-06,-1.2727668089764833e-05
2270.0,-5590914.889013443,2502551.3913975153,3137565.5266652866,-4443.3086979528825,-3827.7490801160975,-4841.6893511037615,504.11627904286513,7605.03852575547,6.531838666340552e-13,0.0,0.9999999741928464,0.9999998806183382,-0.0001585032554136312,0.00016852171963950755,-0.00036554910834456954,6.300956788366579e-07,-2.984907445470985e-07,3.786338288608635e-07,5.585865677410805e-06,-7.687536751458948e-06,1.2763866270432723e-05,-5.592096715095626e-06,7.608196924314107e-06,-1.2620902537471137e-05
2280.0,-5635003.839634982,2464121.1356501495,3088956.579702316,-4374.676988951765,-3858.1123257715785,-4879.860733638282,504.21826510692387,7604.989826136483,6.521409276024185e-13,0.0,0.9999999741927984,0.9999998820975534,-0.00015535890098935457,0.00016698109763919303,-0.00036355384971164026,6.276993267595629e-07,-3.1733437858890325e-07,4.1939311529371494e-07,5.4629540064448035e-06,-7.588213786982133e-06,1.2649346830419104e-05,-5.47010917660292e-06,7.509293114830252e-06,-1.2507038801819367e-05
2290.0,-5678403.781758554,2425389.6128778737,3039968.919191966,-4305.510403320265,-3888.003838382784,-4917.4337814031105,504.3186164641492,7604.942384716848,6.511163310074333e-13,0.0,0.9999999741927471,0.9999998836476013,-0.0001522273555608924,0.0001653465527345645,-0.00036135526627107794,6.249737448719718e-07,-3.360734040073639e-07,4.599548540651306e-07,5.340948814707908e-06,-7.484523173784281e-06,1.2527714266975424e-05,-5.349023208160491e-06,7.406062112663983e-06,-1.2386133692527651e-05
2300.0,-5721109.408902548,2386361.5587534923,2990608.5516012385,-4235.817374064846,-3917.419973132394,-4954.403900453068,504.4173126545772,7604.896191346124,6.501102039956271e-13,0.0,0.9999999741926924,0.999999885266093,-0.00014911026084187283,0.00016361863189865824,-0.0003589543976914148,6.219207633144753e-07,-3.5469819953121936e-07,5.002983573815313e-07,5.219913582929353e-06,-7.376504121147679e-06,1.2399027668978892e-05,-5.228901844538582e-06,7.2985430254358605e-06,-1.2258247516638504e-05
2310.0,-5763115.499240831,2347041.745110855,2940881.528971364,-4165.606398910965,-3946.357142471188,-4990.766569688052,504.5143334853621,7604.8512358689295,6.491226712587555e-13,0.0,0.9999999741926339,0.9999998869504801,-0.00014600924899517951,0.00016179793010759523,-0.000356352387815442,6.185423709559654e-07,-3.731991805169225e-07,5.404026722432393e-07,5.099911219788408e-06,-7.264198093670261e-06,1.2263350155873866e-05,-5.1098075519630576e-06,7.186777115924267e-06,-1.2123444046479185e-05
2320.0,-5804416.916244843,2307434.979369929,2890793.948186502,-4094.886039301578,-3974.811816575916,-5026.517341431448,504.6096590367034,7604.807508133889,6.481538550423897e-13,0.0,0.9999999741925714,0.999999888698059,-0.00014292594184261292,0.00015988509010195865,-0.0003535504856035004,6.14840714092717e-07,-3.915668203263992e-07,5.80246729210483e-07,4.981004031856145e-06,-7.1476487709309795e-06,1.212074875542946e-05,-4.9918021983667855e-06,7.070807782023968e-06,-1.1981790486068282e-05
2330.0,-5845008.609315745,2267546.103957232,2840351.950236603,-4023.664919386103,-4002.7805238008127,-5061.651842000409,504.70326966772416,7604.764998002477,6.472038751547164e-13,0.0,0.9999999741925047,0.9999998905059755,-0.0001398619500812297,0.00015788080205300097,-0.0003505500453958788,6.10818095043865e-07,-4.097916671715328e-07,6.198094662218464e-07,4.8632536939284906e-06,-7.026902008702763e-06,1.1971294283126594e-05,-4.874947023991669e-06,6.950680535717378e-06,-1.1833357435990508e-05
2340.0,-5884885.614406307,2227379.995721872,2789561.7194746966,-3951.9517250002114,-4030.259851122557,-5096.165772267782,504.7951460222816,7604.723695357789,6.462728489756973e-13,0.0,0.999999974192434,0.9999998923712295,-0.0001368188725068709,0.00015578580315477104,-0.0003473525266159922,6.064769706571056e-07,-4.2786435705066723e-07,6.59069928815762e-07,4.746721219754584e-06,-6.902005801883921e-06,1.1815061226154588e-05,-4.759302612351654e-06,6.826442981072385e-06,-1.1678218856760027e-05
2350.0,-5924043.054632632,2186941.5653471034,2738429.482868545,-3879.755202636342,-4057.2464445786604,-5130.0549082156385,504.8852690347042,7604.683590113221,6.453608914665916e-13,0.0,0.9999999741923593,0.9999998942906809,-0.00013379829524530723,0.00015360087716005745,-0.00034395949302738163,6.018199507354305e-07,-4.4577562341921843e-07,6.980073487991157e-07,4.631466933164506e-06,-6.773010249143293e-06,1.16521276339516e-05,-4.64492886156563e-06,6.698144791280391e-06,-1.1516452030690734e-05
2360.0,-5962476.140875483,2146235.7567575574,2686961.509246817,-3807.084158405143,-4083.7370096991485,-5163.315101480236,504.973619935438,7604.644672221037,6.444681151799582e-13,0.0,0.9999999741922801,0.999999896261055,-0.00013080179099138762,0.00015132685387489063,-0.0003403726116462312,5.968497963946765e-07,-4.6351630421503456e-07,7.366012038279896e-07,4.5175504395999975e-06,-6.639967519149819e-06,1.1482575016377578e-05,-4.531884956070116e-06,6.565837684748138e-06,-1.134813752229262e-05
2370.0,-6000180.1723711835,2105267.5465222206,2635164.1085398975,-3733.9474569880017,-4109.728311931426,-5195.942279888286,505.0601802566322,7604.606931680859,6.435946302697927e-13,0.0,0.9999999741921969,0.9999998982789499,-0.00012783091825653266,0.00014896460862334705,-0.00033659365139818414,5.915694183593968e-07,-4.810773468150693e-07,7.748312605691712e-07,4.405030598053084e-06,-6.502931818172754e-06,1.1306488249918265e-05,-4.420229338720548e-06,6.429575400258362e-06,-1.1173359137214528e-05
2380.0,-6037150.537292025,2064041.943253139,2583043.6310153105,-3660.3540205805793,-4135.217177058295,-5227.932447984491,505.14493183762767,7604.570358548042,6.427405445020984e-13,0.0,0.9999999741921092,0.9999999003408411,-0.00012488722062487038,0.00014651506169166358,-0.0003326244815947532,5.859818752029013e-07,-4.984498114390596e-07,8.126776041425321e-07,4.293965493417214e-06,-6.361959358789772e-06,1.1123955491806365e-05,-4.3100196832911775e-06,6.28941367121223e-06,-1.0992203879751561e-05
2390.0,-6073382.713316017,2022563.9870000482,2530606.466507995,-3586.3128278277363,-4160.200491608949,-5259.281687550093,505.2278568303734,7604.534942941934,6.419059632656096e-13,0.0,0.999999974192017,0.9999999024430907,-0.0001219722260182983,0.0001439791777582755,-0.0003284670702913438,5.8009037153584e-07,-5.1562487344692e-07,8.501206564484396e-07,4.184412409257088e-06,-6.2171083294171936e-06,1.0935068101559913e-05,-4.201312867383049e-06,6.14541019896886e-06,-1.0804761908938581e-05
2400.0,-6108872.268186006,1980838.7486408618,2477859.043645352,-3511.8329127496795,-4184.67520326293,-5289.986158112474,505.3089377047615,7604.500675054025,6.410909895826876e-13,0.0,0.9999999741919202,0.9999999045819529,-0.00011908744597072054,0.00014135796531432895,-0.00032412348257630243,5.738982561464957e-07,-5.325938249043234e-07,8.871411857962858e-07,4.076427801003385e-06,-6.0684388643750075e-06,1.0739920569184892e-05,-4.09416494574948e-06,5.9976246252958405e-06,-1.0611126493249872e-05
2410.0,-6143614.860257934,1938871.3292682162,2424807.8290673248,-3436.9233636597155,-4208.638321246897,-5320.04209744557,505.38815725384745,7604.467545156004,6.40295724120692e-13,0.0,0.9999999741918187,0.9999999067535823,-0.00011623437491170789,0.00013865247607754123,-0.0003195958788289549,5.674090200948507e-07,-5.493480757209274e-07,9.237203100051795e-07,3.970067269579752e-06,-5.916013014213665e-06,1.053861044912972e-05,-3.98863112405003e-06,5.846118503944807e-06,-1.0411393963926077e-05
2420.0,-6177606.239038295,1896666.8595720446,2371459.3266414716,-3361.593322073535,-4232.0869167241435,-5349.445822061039,505.4654985990124,7604.435543607649,6.395202652031976e-13,0.0,0.9999999741917127,0.9999999089540409,-0.00011341448945980826,0.00013586380440091432,-0.00031488651297440596,5.606262947616047e-07,-5.658791545995051e-07,9.59839494868258e-07,3.865385535469694e-06,-5.759894716052557e-06,1.0331238299006563e-05,-3.8847657330409555e-06,5.6909552713683825e-06,-1.0205663666952152e-05
2430.0,-6210842.245710591,1854230.4992183251,2317820.076673202,-3285.851981610297,-4255.018123176764,-5378.193727690046,505.540945195009,7604.404660864621,6.387647088216001e-13,0.0,0.9999999741916018,0.9999999111793059,-0.00011062924772573568,0.00013299308667678113,-0.000309997730754167,5.535538498529465e-07,-5.821787099748461e-07,9.954805495818188e-07,3.76243641323169e-06,-5.600149763711187e-06,1.011790762208408e-05,-3.782622203213522e-06,5.5322002165920744e-06,-9.994037913708041e-06
2440.0,-6243318.813650802,1811567.436224006,2263896.6551112193,-3209.7085868855193,-4277.429136780396,-5406.282289755604,505.6144808349265,7604.374887486125,6.380291486467028e-13,0.0,0.999999974191486,0.9999999134252773,-0.00010788008862565859,0.00013004150073589465,-0.00030493196802437646,5.461955913610088e-07,-5.982385110696987e-07,1.0306256204540572e-06,3.6612727864712232e-06,-5.436845777447223e-06,9.8987248125938e-06,-3.6822530398887585e-06,5.369920450257494e-06,-9.776621930316913e-06
2450.0,-6275031.968931675,1768682.886328292,2209695.6727483417,-3133.172432396091,-4299.317216771418,-5433.708063835257,505.68608965503984,7604.346214142428,6.373136760405871e-13,0.0,0.9999999741913654,0.9999999156877868,-0.00010516843120481465,0.00012701026524075887,-0.00029969174908751363,5.385555594800691e-07,-6.140504491506444e-07,1.065257183936775e-06,3.561946583278825e-06,-5.270052173149905e-06,9.673799102965699e-06,-3.5837097987792337e-06,5.204184872851684e-06,-9.553523805715102e-06
2460.0,-6305977.830815892,1725582.0923602164,2155223.774417683,-3056.2528613973063,-4320.679685806546,-5460.46768611412,505.7557561395792,7604.318631622235,6.366183800683618e-13,0.0,0.9999999741912404,0.999999917962605,-0.00010249567397166603,0.0001239006390720613,-0.00029427968505888646,5.306379264782148e-07,-6.296065390316949e-07,1.0993580397778413e-06,3.464508752143238e-06,-5.09984013086982e-06,9.443242512200215e-06,-3.487043062026079e-06,5.035064142139282e-06,-9.324854438469712e-06
2470.0,-6336152.612237906,1682270.3236027234,2100487.638184404,-2978.95926477229,-4341.51393031473,-5486.557873828059,505.82346512537447,7604.292130839936,6.359433475101951e-13,0.0,0.9999999741911105,0.9999999202454496,-9.986319424282666e-05,0.00012071392070692489,-0.00028869847226578235,5.224469945241656e-07,-6.448989208442258e-07,1.1329113048718513e-06,3.369009238348798e-06,-4.92628256259725e-06,9.207169794692e-06,-3.392302414721829e-06,4.862630639812638e-06,-9.090727482369283e-06
2480.0,-6365552.620274465,1638752.8751532403,2045493.9745330673,-2901.301079893822,-4361.817400841267,-5511.975425696981,505.8892018064102,7604.266702842697,6.352886628732282e-13,0.0,0.9999999741909757,0.9999999225319938,-9.727234749898011e-05,0.0001174514475876405,-0.00028295089067473705,5.139871934690292e-07,-6.5991986207094e-07,1.165900408200475e-06,3.2754969608666907e-06,-4.749454079228056e-06,8.965698388930301e-06,-3.2995364219270477e-06,4.68695843737723e-06,-8.851259290815006e-06
2490.0,-6394174.256603677,1595035.0672808734,1990249.5255507275,-2823.2877894787794,-4381.587612384033,-5536.71722234806,505.9529517382672,7604.242338817378,6.346544084035719e-13,0.0,0.9999999741908365,0.9999999248178753,-9.47244667520162e-05,0.00011411459547960642,-0.00027703980234083654,5.052630785828069e-07,-6.746617598257098e-07,1.1983090870965517e-06,3.1840197897490084e-06,-4.56943095667991e-06,8.718948365607957e-06,-3.2087926061901984e-06,4.508123261288446e-06,-8.60656886003922e-06
2500.0,-6422014.017952611,1551122.244780253,1934761.0641058052,-2744.92892043527,-4400.822144721785,-5560.780226728878,506.01470084243545,7604.219030097335,6.340406640984852e-13,0.0,0.9999999741906925,0.9999999270987034,-9.222086192360812e-05,0.00011070477781731216,-0.0002709681498721211,4.962793282455865e-07,-6.891171433509235e-07,1.230121384939989e-06,3.094624524034555e-06,-4.386291101141171e-06,8.467042374776103e-06,-3.1201174255795734e-06,4.326202457355979e-06,-8.356777771178263e-06
2510.0,-6449068.496533288,1507019.7763221893,1879035.3930229642,-2666.2340427027616,-4419.518642734413,-5584.161484510288,506.07443541054147,7604.196768169028,6.334475077182728e-13,0.0,0.9999999741905438,0.9999999293700691,-8.976281923546134e-05,0.00010722344503737174,-0.0002647389549018822,4.870407415936688e-07,-7.03278676697451e-07,1.261321650295224e-06,3.0073568701756787e-06,-4.20011401345145e-06,8.210105591772282e-06,-3.0335562522347113e-06,4.141274954434771e-06,-8.10201013122969e-06
2520.0,-6475334.380467057,1462733.0538011277,1823079.34425394,-2587.212768085191,-4437.674816715085,-5606.858124478967,506.1321421084376,7604.175544678469,6.328750147983753e-13,0.0,0.9999999741903906,0.9999999316275522,-8.735160061145053e-05,0.00010367208389778075,-0.0002583553165617759,4.775522361209296e-07,-7.171391615498884e-07,1.2918945374259346e-06,2.9222614209940865e-06,-4.010980752624674e-06,7.948265661734774e-06,-2.949153351446396e-06,3.953421227417733e-06,-7.842392512920237e-06
2530.0,-6500808.454197248,1418267.491679543,1766899.7780445341,-2507.874749077315,-4455.288442674207,-5628.867358919536,506.18780798017235,7604.155351437512,6.323232586614272e-13,0.0,0.9999999741902326,0.9999999338667306,-8.498844309187165e-05,0.00010005221678277256,-0.0002518204099491455,4.6781884523571297e-07,-7.306915401590382e-07,1.32182500807176e-06,2.8393816351744306e-06,-3.818973898535612e-06,7.681652642583604e-06,-2.866951861272707e-06,3.762723259548725e-06,-7.57805389351435e-06
2540.0,-6525487.598890037,1373628.5263293507,1710503.5820978542,-2428.229677684482,-4472.357362635116,-5650.186483986136,506.24142045184226,7604.136180429953,6.317923104292341e-13,0.0,0.9999999741900699,0.9999999360831885,-8.267455826002759e-05,9.636540099282854e-05,-0.0002451374845826088,4.578457157741243e-07,-7.439288983457006e-07,1.3510983343383663e-06,2.758759817303743e-06,-3.624177513797198e-06,7.4103989464118135e-06,-2.786993772698599e-06,3.5692645040736345e-06,-7.309125592592463e-06
2550.0,-6549368.792823472,1328821.6153703951,1653897.6707338877,-2348.2872842359275,-4488.879484921419,-5670.81288006339,506.29296733531635,7604.118023817448,6.312822390347224e-13,0.0,0.9999999741899028,0.9999999382725259,-8.0411131681362e-05,9.261322801957114e-05,-0.00023830986284075785,4.47638105470413e-07,-7.56844468541989e-07,1.379700102533623e-06,2.6804370984637733e-06,-3.4266771048610675e-06,7.134639279274151e-06,-2.7093199103464175e-06,3.37312984524707e-06,-7.035741208827977e-06
2560.0,-6572449.111764569,1283852.2370061362,1597088.9840455472,-2268.057336191851,-4504.852784435926,-5690.744012116645,506.34243683181984,7604.100873945271,6.307931112339536e-13,0.0,0.9999999741897315,0.9999999404303659,-7.819932235535456e-05,8.879732280542934e-05,-0.00023134093837967381,4.372013803852348e-07,-7.694316328410201e-07,1.4076162177777951e-06,2.6044534173845412e-06,-3.226559582375244e-06,6.8545105794004015e-06,-2.633969913744759e-06,3.1744055587125293e-06,-6.7580365557924324e-06
2570.0,-6594725.729334474,1238725.8893565543,1540084.48705123,-2187.549636944314,-4520.2753029311,-5709.977430031407,506.3898175354032,7604.084723347847,6.303249916179084e-13,0.0,0.9999999741895558,0.9999999425523638,-7.604026218038191e-05,8.491934298809663e-05,-0.00022423417452580914,4.2654101229298083e-07,-7.81683926029019e-07,1.4348329092176373e-06,2.5308475021653575e-06,-3.0239132208350877e-06,6.570151953886616e-06,-2.5609822191615987e-06,2.973179271275056e-06,-6.476149596819066e-06
2580.0,-6616195.917361548,1193448.089788416,1482891.1688440691,-2106.774024612259,-4535.145149270952,-5728.510768941902,506.43509843625407,7604.069564754133,6.298779426244283e-13,0.0,0.9999999741893761,0.999999944634216,-7.39350554317483e-05,8.098097812992872e-05,-0.00021699310264163064,4.156625760292633e-07,-7.935950385784897e-07,1.4613367356847366e-06,2.4596568525703874e-06,-2.81882761756346e-06,6.281704613938063e-06,-2.490394042009355e-06,2.769539920083542e-06,-6.190220378953726e-06
2590.0,-6636857.046222398,1148024.3742429826,1425516.0417379693,-2025.7403708308,-4549.460499684298,-5746.341749548633,506.47826892390475,7604.055391092772,6.294520245497588e-13,0.0,0.9999999741891923,0.9999999466716674,-7.188477825308133e-05,7.698394893251784e-05,-0.00020962132046216828,4.0457174679951277e-07,-8.051588195853771e-07,1.48711459165298e-06,2.390917722905504e-06,-2.611393651054373e-06,5.9893118087494506e-06,-2.4222413598267186e-06,2.563577711243188e-06,-5.900390966024993e-06
2600.0,-6656706.5851707505,1102460.2965611864,1367966.1404104724,-1944.4585795348767,-4563.219598009364,-5763.468178424902,506.51931879028024,7604.042195497076,6.290472955602005e-13,0.0,0.9999999741890042,0.9999999486605203,-6.989047816127934e-05,7.293000643675501e-05,-0.00020212249040129314,3.932742974502394e-07,-8.163692796359659e-07,1.5121537133659987e-06,2.324665105481653e-06,-2.4017034387144793e-06,5.693118758115544e-06,-2.356558895844521e-06,2.3553840778747064e-06,-5.606805370861598e-06
2610.0,-6675742.102654149,1056761.4278064077,1310248.5210426184,-1862.938585737523,-4576.420755929631,-5779.887948312223,506.5582382326294,7604.0299713098275,6.286638117034263e-13,0.0,0.9999999741888125,0.9999999505966437,-6.795317356519491e-05,6.882093120875696e-05,-0.00019450033782715678,3.8177609570409396e-07,-8.272205935936624e-07,1.5364416850251668e-06,2.2609327146713635e-06,-2.1898502940337008e-06,5.393272583866243e-06,-2.293380103140361e-06,2.145051637640846e-06,-5.309609486689171e-06
2620.0,-6693961.266618434,1010933.3555849092,1252370.2604558687,-1781.19035430289,-4589.062353200904,-5795.599038404517,506.5950178563474,7604.0187120878945,6.283016269193422e-13,0.0,0.999999974188617,0.9999999524759797,-6.607385329822786e-05,6.465853251207194e-05,-0.00018675864930671276,3.7008310135995143e-07,-8.377071032978989e-07,1.559966444945672e-06,2.199752971563182e-06,-1.9759286832154716e-06,5.089922240221238e-06,-2.2327371493871955e-06,1.9326741497595385e-06,-5.008951017736939e-06
2630.0,-6711361.8448000075,964981.6833639458,1194338.4552461237,-1699.2238787140964,-4601.142837869552,-5810.5995146211235,506.62964867771416,7604.0084116067155,6.279607930502349e-13,0.0,0.999999974188418,0.9999999542945527,-6.425347616499197e-05,6.04446474666024e-05,-0.00017890127081964492,3.582013634597552e-07,-8.478233201698201e-07,1.5827162916064292e-06,2.1411569892191754e-06,-1.7600341812948171e-06,4.783218443153095e-06,-2.174660902200485e-06,1.7183464715234702e-06,-4.7049794090852894e-06
2640.0,-6727941.705005831,918912.029787659,1136160.220914964,-1617.0491798361095,-4612.660726481915,-5824.887529868523,506.66212212656905,7603.999063864693,6.276413598499701e-13,0.0,0.9999999741882153,0.9999999560484764,-6.249297050221224e-05,5.618114019470874e-05,-0.00017093210594236103,3.461370174233132e-07,-8.575639277213399e-07,1.6046798895353192e-06,2.0851745585398075e-06,-1.542263427771148e-06,4.473313598844333e-06,-2.1191809150884174e-06,1.5021645143463046e-06,-4.397845775785692e-06
2650.0,-6743698.822783587,872730.0290370083,1077842.692296224,-1534.6763067451145,-4623.61460932852,-5838.461330678671,506.69243763547763,7603.990671477123,6.273433004195761e-13,0.0,0.99999997418801,0.9999999577339632,-6.079323312156885e-05,5.1869901504649286e-05,-0.00016285511510005739,3.338963230820471e-07,-8.669237394505064e-07,1.6258462370488063e-06,2.0318340611484895e-06,-1.3227141670774682e-06,4.160361809785345e-06,-2.066325230533107e-06,1.2842254956027001e-06,-4.087703075003479e-06
2660.0,-6758631.271655209,826441.3285356077,1019393.0206849569,-1452.115332611878,-4634.0031437752,-5851.319248759113,506.72059230563974,7603.983234241371,6.2706661293888e-13,0.0,0.9999999741878028,0.9999999593473309,-5.91551294542884e-05,4.751284755622879e-05,-0.00015467431240308275,3.214856360988803e-07,-8.758977187768553e-07,1.6462046834431782e-06,1.981162508138099e-06,-1.101485159393077e-06,3.844518744148551e-06,-2.0161206165828496e-06,1.0646274988836624e-06,-3.7747057009980623e-06
2670.0,-6772737.221788253,780051.5881529716,960818.3728316809,-1369.3763531203333,-4643.825053389602,-5863.459699883338,506.7465793459108,7603.976747408562,6.268113359473843e-13,0.0,0.9999999741875938,0.9999999608850085,-5.7579493293785443e-05,4.311191894403377e-05,-0.000146393763641775,3.089113710005868e-07,-8.844810204342654e-07,1.6657449697961034e-06,1.9331855740622107e-06,-8.786760809628586e-07,3.5259415208917748e-06,-1.9685925928450995e-06,8.434693621621945e-07,-3.459009362318679e-06
2680.0,-6786014.949012694,733566.4751506808,902125.9245150918,-1286.469477398945,-4653.079134158871,-5874.881191729866,506.77039555521964,7603.971209964246,6.265774748186503e-13,0.0,0.9999999741873865,0.9999999623435497,-5.60671253122168e-05,3.866907819809495e-05,-0.00013801758124829224,2.961799983287773e-07,-8.926689908707814e-07,1.6844572341509896e-06,1.8879275413759052e-06,-6.543874023139106e-07,3.2047885214722615e-06,-1.9237652330692505e-06,6.208508984180877e-07,-3.1407712118138563e-06
2690.0,-6798462.821298418,686991.678423608,843322.8786034982,-1203.4048535077707,-4661.764245170499,-5885.582312170465,506.79203205081916,7603.966614361873,6.263650928336623e-13,0.0,0.9999999741871782,0.9999999637196268,-5.461879544505884e-05,3.4186314218056266e-05,-0.00012954993324647965,2.83298063747087e-07,-9.004571519307029e-07,1.702331987059585e-06,1.8454113741005046e-06,-4.2872062432887047e-07,2.881219740573384e-06,-1.8816613942691666e-06,3.968725581044239e-07,-2.82014958442754e-06
2700.0,-6810079.312851884,640332.8929992684,784416.4453934232,-1120.192640555629,-4669.8793183669,-5895.561741526547,506.811483539558,7603.962956788876,6.26174220139664e-13,0.0,0.999999974186969,0.9999999650100497,-5.323523987148831e-05,2.9665635942284775e-05,-0.00012099503039961073,2.70272154272331e-07,-9.078412608834926e-07,1.7193601987663059e-06,1.8056586353275789e-06,-2.0177789274958935e-07,2.555396228867611e-06,-1.84230246599696e-06,1.716356729847129e-07,-2.497304111776374e-06
2710.0,-6820862.995333643,593595.8294565729,725413.8545536376,-1036.8430255759433,-4677.423352483611,-5904.818244952544,506.82874212526065,7603.960230299007,6.260049145649434e-13,0.0,0.9999999741867566,0.9999999662117651,-5.1917162496007194e-05,2.5109074925590478e-05,-0.00011235713149279665,2.5710891879488954e-07,-9.148172799947084e-07,1.735533255904813e-06,1.768689523842606e-06,2.6337836966765853e-08,2.227480330714083e-06,-1.805708520410675e-06,-5.4757786807065814e-08,-2.1723955226177316e-06
2720.0,-6830812.551291895,546786.1975586427,666322.3343693806,-953.3661942397439,-4684.395422357042,-5913.350684120064,506.84380680018944,7603.958435361283,6.258571685271358e-13,0.0,0.999999974186544,0.9999999673218731,-5.0665232144715076e-05,2.0518678544878826e-05,-0.00010364052946953724,2.438150554837e-07,-9.213813743775052e-07,1.7508429785096746e-06,1.7345227754602828e-06,2.555231240427796e-07,1.8976351641103308e-06,-1.7718980598452976e-06,-2.8220495436111846e-07,-1.845585755860697e-06
2730.0,-6839926.760990817,499909.72109343845,607149.1305611153,-869.7723574982772,-4690.7946698117,-5921.15800577215,506.85667404961123,7603.957569418809,6.257310012407832e-13,0.0,0.9999999741863321,0.9999999683376234,-4.9480084783755985e-05,1.5896514834279187e-05,-9.484956109621593e-05,2.3039734128244919e-07,-9.275298642969106e-07,1.7652815431766933e-06,1.7031757183806247e-06,4.856737448734193e-07,1.566025052611841e-06,-1.7408882500013985e-06,-5.106024132813422e-07,-1.5170376976230329e-06
2740.0,-6848204.507161214,452972.1319792661,547901.4988083406,-786.0717409520424,-4696.620306964675,-5928.239245871104,506.8673410770223,7603.957630471302,6.256264270817326e-13,0.0,0.9999999741861212,0.9999999692564229,-4.836232231542892e-05,1.1244669704012403e-05,-8.598860115442073e-05,2.168626106529618e-07,-9.332592612654098e-07,1.7788415374784e-06,1.6746642488567674e-06,7.166848750052748e-07,1.2328152578468892e-06,-1.7126948292276178e-06,-7.398461419036957e-07,-1.1869151698849208e-06
2750.0,-6855644.775259219,405979.1694966275,488586.70377448766,-702.2745834675237,-4701.871616414546,-5934.5935298332615,506.87580592196343,7603.958617205122,6.255434544466955e-13,0.0,0.9999999741859118,0.999999970075843,-4.731251228151058e-05,6.5652459634986485e-06,-7.706206033539338e-05,2.0321775408341715e-07,-9.385662666481299e-07,1.791515960338909e-06,1.6490028216272514e-06,9.484511344735864e-07,8.981719033786239e-07,-1.687332098537283e-06,-9.698315562392687e-07,-8.55382856791936e-07
2760.0,-6862246.616762571,358936.57447157055,429212.01187228394,-618.3911262042064,-4706.547926131393,-5940.22004072401,506.8820301042879,7603.960487677391,6.254824518666497e-13,0.0,0.9999999741857006,0.99999997079362,-4.633119060432402e-05,1.860359867477463e-06,-6.807437793819815e-05,1.894695869847947e-07,-9.43447919404844e-07,1.803298333851671e-06,1.6262047125850996e-06,1.1808669459606368e-06,5.622615994502046e-07,-1.6648138237506082e-06,-1.2004551522660362e-06,-5.226050219684266e-07
2770.0,-6868009.26058744,311850.1033082415,369784.7086300292,-534.4316380254178,-4710.648685799094,-5945.118115929327,506.88605160881673,7603.963284307358,6.254430406719849e-13,0.0,0.9999999741854929,0.999999971407672,-4.541885330055901e-05,-2.8678540526230726e-06,-5.9030033736265655e-05,1.7562505566403804e-07,-9.479014038630849e-07,1.8141825864583815e-06,1.6062814540282539e-06,1.4138260661804028e-06,2.252519763205842e-07,-1.6451504823920563e-06,-1.4316097572712717e-06,-1.8874907174449403e-07
2780.0,-6872932.001716765,264725.51274052786,310312.07978222193,-450.4063893068689,-4714.173390440651,-5949.287150441289,506.8878717181059,7603.967008678626,6.254252042134607e-13,0.0,0.9999999741852894,0.999999971916091,-4.457596383944431e-05,-7.617249126514738e-06,-4.9933532610543306e-05,1.616912923250546e-07,-9.519238877392169e-07,1.8241628700810238e-06,1.5892430481319697e-06,1.64722163715978e-06,-1.12688658327816e-07,-1.6283520095985016e-06,-1.663189356161977e-06,1.4601816777599836e-07
2790.0,-6877014.263609769,217568.53890721037,250801.38457768198,-366.32561386152554,-4717.12162335337,-5952.726651051134,506.8875159709137,7603.971688993417,6.254286903762322e-13,0.0,0.9999999741850998,0.9999999723171611,-4.380294646137214e-05,-1.2385674603984849e-05,-4.07893880289856e-05,1.4767546321133423e-07,-9.555126941115967e-07,1.8332337305785013e-06,1.575097889664886e-06,1.8809468201797146e-06,-4.5139210568390513e-07,-1.614426303521362e-06,-1.8950866802446145e-06,4.815287636295164e-07
2800.0,-6880255.514030607,170384.9783838618,191259.9585882715,-282.1996541535167,-4719.492998065548,-5955.436163398773,506.8849571884181,7603.977294805133,6.254537658684811e-13,0.0,0.9999999741849134,0.9999999726093302,-4.3100197183143935e-05,-1.7170944768697896e-05,-3.160218422044766e-05,1.335848615611119e-07,-9.58665196033386e-07,1.8413899181879294e-06,1.563853085481529e-06,2.114893151144991e-06,-7.906878209789322e-07,-1.6033811232449816e-06,-2.1271961469377052e-06,8.176155878093889e-07
2810.0,-6882655.358806683,123180.60112145015,131695.1032339949,-198.03880426890944,-4721.287223030185,-5957.415353300732,506.8802003284637,7603.983830998565,6.255003846966354e-13,0.0,0.9999999741847305,0.9999999727912483,-4.246807136478458e-05,-2.197087366559169e-05,-2.2376506242929786e-05,1.1942661914491113e-07,-9.61379310872137e-07,1.8486270328967002e-06,1.5555143139533302e-06,2.348952896155292e-06,-1.130406127405521e-06,-1.5952219867068318e-06,-2.3594107191338984e-06,1.1541103474719598e-06
2820.0,-6884213.512454632,75961.18117151168,72114.12475500169,-113.85336586075299,-4722.504081334714,-5958.66398126445,506.8732565716691,7603.991309092821,6.255684420879571e-13,0.0,0.9999999741845534,0.9999999728617608,-4.1906888085738556e-05,-2.6783264615024172e-05,-1.3116961624475408e-05,1.0520794758393952e-07,-9.636530875255958e-07,1.8549410436256538e-06,1.5500857074122528e-06,2.5830179853628283e-06,-1.4703769267560213e-06,-1.5899528115555912e-06,-2.5916228881318817e-06,1.4908442541327116e-06
2830.0,-6884929.81867535,28732.48025204783,12524.313346144481,-29.653619311731067,-4723.143444819859,-5959.181920252361,506.8641635388425,7603.9997696045275,6.256575762363618e-13,0.0,0.9999999741843888,0.9999999728199135,-4.141692729995469e-05,-3.160591662737434e-05,-3.828166510855996e-06,9.093620428249882e-08,-9.654845902710358e-07,1.8603282065515106e-06,1.5475696608151388e-06,2.8169801667957795e-06,-1.8104301144005598e-06,-1.5875754187767047e-06,-2.8237238997443583e-06,1.8276475821412638e-06
2840.0,-6884804.055938405,-18499.73975362373,-47067.04036015074,54.55015808758099,-4723.205140700262,-5958.968986992224,506.8527919550417,7604.009068170546,6.257690636769672e-13,0.0,0.9999999741842206,0.9999999726649264,-4.099844810601835e-05,-3.643662330606186e-05,5.4852520217718005e-06,7.661803863685886e-08,-9.66872993431078e-07,1.8647858257138047e-06,1.5479685656083427e-06,3.0507323951953404e-06,-2.150396271024015e-06,-1.5880942548594426e-06,-3.055612288117624e-06,2.1643556974127063e-06
2850.0,-6883835.774891825,-65729.67047206932,-106652.58612476345,138.74762031917948,-4722.688839756892,-5958.024800770126,506.8386818298213,7604.018694473365,6.259074275009932e-13,0.0,0.9999999741839857,0.9999999723961717,-4.065171141097729e-05,-4.1273168145902186e-05,1.4818633644020032e-05,6.225783568398371e-08,-9.67821085657562e-07,1.8683143379489888e-06,1.5512875708844831e-06,3.2841719559736744e-06,-2.4901080251089656e-06,-1.5915203906201812e-06,-3.287201255065464e-06,2.5008139027873015e-06
2860.0,-6882026.194461789,-112951.55064288853,-166225.03908240568,222.9284775954178,-4721.595357606184,-5956.350429349532,506.82293871197385,7604.029870029683,6.260618405531418e-13,0.0,0.9999999741838299,0.9999999720134375,-4.037680652994405e-05,-4.6113335395483336e-05,2.4167304097776417e-05,4.7866737106123355e-08,-9.683231137344699e-07,1.8709083183485001e-06,1.5575170350835475e-06,3.517184952507486e-06,-2.8293915544562497e-06,-1.5978252176321183e-06,-3.5183343505534256e-06,2.836818961467606e-06
2870.0,-6879374.841492773,-160159.57082530437,-225777.04756730155,307.08236501340247,-4719.924348904364,-5953.945472163325,506.80487143935727,7604.04182811856,6.26239096532876e-13,0.0,0.9999999741836608,0.999999971516473,-4.017392848989088e-05,-5.095488245452708e-05,3.3526571077280534e-05,3.3451665260459564e-08,-9.683781812890338e-07,1.8725654669679037e-06,1.566656380558401e-06,3.7496623767071562e-06,-3.168075419029541e-06,-1.6070225382085938e-06,-3.7489350170050882e-06,3.172223523620527e-06
2880.0,-6875882.063092016,-207347.98797411897,-285301.34675770905,391.19904205336303,-4717.676031280165,-5950.81024071214,506.78450951114297,7604.054599197938,6.264389252732737e-13,0.0,0.9999999741834839,0.9999999709053297,-4.004317815838563e-05,-5.579558896221941e-05,4.2891774079085966e-05,1.9019113569719574e-08,-9.679867644066122e-07,1.8732854376516683e-06,1.5787018789269019e-06,3.981498302606783e-06,-3.5059914827014244e-06,-1.6191071192338224e-06,-3.9788950870229146e-06,3.506858356116873e-06
2890.0,-6871548.306651959,-254511.02725224776,-344790.63196467643,475.26821076120626,-4714.850691114909,-5946.945133921032,506.76187896220296,7604.068209684467,6.26661092715431e-13,0.0,0.999999974183302,0.9999999701802621,-3.9984623504215884e-05,-6.063322217663058e-05,5.225822223951887e-05,4.5760546362775335e-09,-9.671489214026464e-07,1.8730677009621859e-06,1.5936479091170592e-06,4.212585641971528e-06,-3.8429703186797605e-06,-1.634072359566822e-06,-4.208106514608228e-06,3.840554355764094e-06
2900.0,-6866374.1057776455,-301642.91935068084,-404237.6058025428,559.279582850052,-4711.44867402127,-5942.3506258582565,506.7369896408506,7604.082667907269,6.269055258420208e-13,0.0,0.9999999741831167,0.9999999693417279,-3.9998298362412866e-05,-6.546555039062947e-05,6.162122482478852e-05,-9.870317565610658e-09,-9.658646227981637e-07,1.8719119225762842e-06,1.6114872158962573e-06,4.442817232899937e-06,-4.178842706012238e-06,-1.6519106079132574e-06,-4.436462195225909e-06,4.1731432817869e-06
2910.0,-6860360.11348777,-348737.8928268754,-463634.9686127595,643.2228659340361,-4707.470407608655,-5937.027294587443,506.7098674871642,7604.097999792472,6.271719957329901e-13,0.0,0.9999999741829311,0.9999999683903913,-4.008419867756099e-05,-7.029033911221695e-05,7.09760846967981e-05,-2.431261116489336e-08,-9.641337752770258e-07,1.8698180056042452e-06,1.632210792159895e-06,4.672085695427015e-06,-4.513439442496334e-06,-1.6726123744565502e-06,-4.663854502739886e-06,4.504456771671424e-06
2920.0,-6853507.046250403,-395790.1920231663,-522975.4409428538,727.0877963109782,-4702.91636311687,-5930.9757735080275,506.6805009171469,7604.1141895657975,6.274606442916313e-13,0.0,0.9999999741827432,0.9999999673271149,-4.024228681562322e-05,-7.510535857460503e-05,8.031811547049906e-05,-3.874349546194804e-08,-9.619565113438979e-07,1.8667862784243e-06,1.6558083557940136e-06,4.900284172634495e-06,-4.846592154288715e-06,-1.6961676523140448e-06,-4.890177897694751e-06,4.834328205257427e-06
2930.0,-6845815.741921797,-442794.06167266256,-582251.7442727172,810.8641115084504,-4697.787095111185,-5924.196801675861,506.6488969691629,7604.13124185216,6.277714328007796e-13,0.0,0.9999999741825539,0.9999999661529677,-4.047248692875366e-05,-7.990837818264836e-05,8.964262913936127e-05,-5.3155631518667583e-08,-9.59333147268903e-07,1.8628174890890666e-06,1.6822680887405269e-06,5.1273060190294276e-06,-5.178132850601203e-06,-1.7225645442496525e-06,-5.1153263192358684e-06,5.162590924474653e-06
2940.0,-6837287.140369323,-489743.75246058573,-641456.6079861182,894.5415600201561,-4692.083228208095,-5916.6912069735545,506.6150625555534,7604.149160932679,6.281043259948977e-13,0.0,0.9999999741823634,0.9999999648692196,-4.077468647100608e-05,-8.469716932489148e-05,9.894494247797039e-05,-6.75416640695728e-08,-9.56264152416423e-07,1.8579127772392204e-06,1.7115766850644305e-06,5.3530448899833925e-06,-5.507894122586128e-06,-1.7517897277080823e-06,-5.339194116518773e-06,5.489078928844816e-06
2950.0,-6827922.283512747,-536633.521701942,-700582.7702305899,978.1099025591164,-4685.805457106735,-5908.459906145464,506.57900461835413,7604.167950924277,6.284592905115662e-13,0.0,0.9999999741821725,0.9999999634773414,-4.1148736151788256e-05,-8.946950618153733e-05,0.00010822037902535658,-8.189424042932777e-08,-9.527501708330931e-07,1.852073693436379e-06,1.743719371810267e-06,5.577394809565397e-06,-5.835709234978099e-06,-1.783828456938914e-06,-5.561676090733241e-06,5.813626948244609e-06
2960.0,-6817722.315298632,-583457.6340296865,-759622.978790361,1061.558913335734,-4678.9545465608435,-5899.503904757299,506.54073023071885,7604.187615880578,6.288362938734684e-13,0.0,0.9999999741819814,0.9999999619790019,-4.159444997792717e-05,-9.422316664300767e-05,0.00011746427116695029,-9.620602612488565e-08,-9.487920435130436e-07,1.845302216089191e-06,1.7786799294921443e-06,5.8002502447475046e-06,-6.161412218842117e-06,-1.8186645670790355e-06,-5.782667539312247e-06,6.136070517137011e-06
2970.0,-6806688.481629444,-630210.3620879207,-818569.9919654889,1144.8783813126217,-4671.531331331466,-5889.824297131406,506.50024666567424,7604.208159873585,6.292353037889129e-13,0.0,0.9999999741817905,0.9999999603760651,-4.2111605356855894e-05,-9.895593331222247e-05,0.00012667196228630207,-1.1046970980510278e-07,-9.443908129722032e-07,1.8376007567285324e-06,1.816440702247761e-06,6.021506159959661e-06,-6.4848379547192245e-06,-1.856280479680423e-06,-6.002064301375159e-06,6.45624604955581e-06
2980.0,-6794822.13025952,-676885.9872274379,-877416.5794538467,1228.058111481733,-4663.53671610871,-5879.42226624277,506.4575614444045,7604.229587043079,6.296562876513125e-13,0.0,0.9999999741816002,0.9999999586705884,-4.26999432271976e-05,-0.00010366559453472342,0.00013583880894620228,-1.2467801105412883e-07,-9.395477337558682e-07,1.8289721682046864e-06,1.8569826123733183e-06,6.2410580805785945e-06,-6.805822259691429e-06,-1.896657209370714e-06,-6.219762803833665e-06,6.773990914390284e-06
2990.0,-6782124.710664779,-723478.8002020167,-936155.523233958,1311.087926135656,-4654.971675416652,-5868.299083593674,506.41268237088156,7604.251901633478,6.300992121708184e-13,0.0,0.9999999741814111,0.9999999568648191,-4.335916822218686e-05,-0.00010834994547035125,0.00014496018310324456,-1.3882368482660457e-07,-9.342642772957722e-07,1.8194197485917922e-06,1.9002851722191819e-06,6.458802151009809e-06,-7.1242019712562215e-06,-1.9397743714833665e-06,-6.435660107849655e-06,7.089143510726558e-06
3000.0,-6768597.773890511,-769983.1018647413,-994779.6184477827,1393.9576661372178,-4645.837253502516,-5856.456109068403,506.3656175572006,7604.275108020432,6.305640430953795e-13,0.0,0.9999999741812232,0.9999999549611901,-4.4088948852809836e-05,-0.00011300678918337065,0.00015403147433732116,-1.5289952467572474e-07,-9.285421343444103e-07,1.8089472429164185e-06,1.9463264953970056e-06,6.674635190334754e-06,-7.439815029429642e-06,-1.985610190547149e-06,-6.649653955435719e-06,7.401543343072746e-06
3010.0,-6754242.972380076,-816393.2038636245,-1053281.6742825476,1476.657192186322,-4636.134564212077,-5843.894790770475,506.3163754423671,7604.29921073019,6.310507449943248e-13,0.0,0.9999999741810366,0.9999999529623166,-4.4888917705603595e-05,-0.00011763393774015196,0.00016304809208584869,-1.6689836523308236e-07,-9.223832155375638e-07,1.797558843140911e-06,1.9950833076704976e-06,6.8884547457901e-06,-7.752500557185595e-06,-2.0341415095647925e-06,-6.861642816059522e-06,7.711031096347571e-06
3020.0,-6739062.05978629,-862703.4293363456,-1111654.5148513932,1559.176386083833,-4625.86479085256,-5830.616664844053,506.26496480632574,7604.324214453775,6.315592810869181e-13,0.0,0.999999974180852,0.9999999508709924,-4.575867165209997e-05,-0.00012222921330617878,0.0001720054678747648,-1.808130842715023e-07,-9.157896505577662e-07,1.7852591867785527e-06,2.0465309578077664e-06,7.100159144322126e-06,-8.062098939340302e-06,-2.085343800034037e-06,-7.071525933156676e-06,8.017448710545321e-06
3030.0,-6723056.890766828,-908908.1136037491,-1169890.9800723824,1641.5051519919516,-4615.029186043956,-5816.623355280608,506.2113947804952,7604.350124057249,6.320896131035277e-13,0.0,0.9999999741806697,0.9999999486901842,-4.66977720683319e-05,-0.00012679044923632986,0.0001808990575401206,-1.9463660457935872e-07,-9.087637862921492e-07,1.7720533544617479e-06,2.100643428607067e-06,7.309647542457e-06,-8.368451899997164e-06,-2.1391911726766975e-06,-7.279203370478058e-06,8.320639455005552e-06
3040.0,-6706229.4207645,-955001.6048619595,-1227983.9265457029,1723.6334176909074,-4603.6290715593295,-5801.91657371167,506.1556748556308,7604.376944589032,6.326417011713477e-13,0.0,0.9999999741804894,0.9999999464230269,-4.7705745063803044e-05,-0.00013131549115421808,0.00018972434343565974,-2.083618958017947e-07,-9.013081843105084e-07,1.75794686673584e-06,2.1573933482592246e-06,7.5168199747246015e-06,-8.671402578672105e-06,-2.1956563888520416e-06,-7.484576058217679e-06,8.620448002230854e-06
3050.0,-6688581.713143835,-1000978.26603603,-1285926.2299257994,1805.551137700265,-4591.665843247475,-5786.498125624688,506.0978224976901,7604.404689701509,6.332154282148171e-13,0.0,0.9999999741803128,0.9999999440728199,-4.8782081022372874e-05,-0.00013580219825406187,0.00019847683724767776,-2.219819375292535e-07,-8.934255543264466e-07,1.7429456353583334e-06,2.216751928516242e-06,7.721577328005087e-06,-8.970795581520756e-06,-2.254710687767389e-06,-7.687545468272807e-06,8.916720280141011e-06
3060.0,-6670115.92765944,-1046832.47388253,-1343710.783748455,1887.2482917405912,-4579.140963100144,-5770.369900331585,506.0378515819274,7604.433368849533,6.338107144208135e-13,0.0,0.99999997418014,0.9999999416430189,-4.992623564860308e-05,-0.00014024844356551108,0.00020715208096904717,-2.3548974977273886e-07,-8.851187883359955e-07,1.7270559801735477e-06,2.2786890416223005e-06,7.923821397555387e-06,-9.266477032447666e-06,-2.316324080727849e-06,-7.888014219168768e-06,9.20930388488184e-06
3070.0,-6650834.320203356,-1092558.6195306142,-1401330.500116761,1968.7148858606402,-4566.055959048514,-5753.533870706386,505.9757723522205,7604.462987242249,6.344275177670856e-13,0.0,0.9999999741799716,0.9999999391372317,-5.113763024999141e-05,-0.00014465211494939166,0.0002157456489433926,-2.4887842589292354e-07,-8.763910100123637e-07,1.7102846661876686e-06,2.343173271255636e-06,8.123455001616628e-06,-9.558294685712415e-06,-2.3804653652921425e-06,-8.0858861267645e-06,9.498048151590697e-06
3080.0,-6630739.246459893,-1138151.1097297135,-1458778.3112945596,2049.940954714438,-4552.412427457776,-5735.9920963321465,505.9115954579003,7604.493550307765,6.350657939981992e-13,0.0,0.9999999741798072,0.9999999365592112,-5.241565178796045e-05,-0.00014901111646190975,0.0002242531504684604,-2.6214113332667395e-07,-8.67245575236504e-07,1.6926389051839577e-06,2.41017191600279e-06,8.320382048660418e-06,-9.846098021985696e-06,-2.447102041121363e-06,-8.281066053883232e-06,9.782804107586403e-06
3090.0,-6609833.16161404,-1183604.367533149,-1516047.170572591,2130.9165627960065,-4538.212032915393,-5717.7467232276485,505.84533195127824,7604.525063689181,6.357254966049469e-13,0.0,0.9999999741796473,0.999999933912849,-5.3759653238379586e-05,-0.0001533233694902766,0.00023267023200620814,-2.7527110988807334e-07,-8.576860621957295e-07,1.6741263461408665e-06,2.479650999321678e-06,8.514507578551928e-06,-1.0129738317871419e-05,-2.516200324676844e-06,-8.47345995491232e-06,1.0063424543367475e-05
3100.0,-6588118.6200474305,-1228912.8329795669,-1573130.0531318276,2211.631805669121,-4523.456508010354,-5698.799983562688,505.7769932849295,7604.557533240351,6.364065768046423e-13,0.0,0.9999999741794918,0.9999999312021695,-5.5168953937635804e-05,-0.0001575868138410255,0.00024099257934614667,-2.8826166163444086e-07,-8.477162623832e-07,1.6547550661429805e-06,2.5515752808041248e-06,8.705737802651262e-06,-1.0409068714259388e-05,-2.5877251645166224e-06,-8.662974919969505e-06,1.0339764082901505e-05
3110.0,-6565598.275021968,-1274070.9637719973,-1630019.9569037503,2292.076811191746,-4508.147653103525,-5679.154195362065,505.70659130877254,7604.590965021346,6.371089835219352e-13,0.0,0.9999999741793408,0.9999999284313213,-5.6642839921443104e-05,-0.0001617994087858064,0.00024921591972464877,-3.0110616204729544e-07,-8.373401726000279e-07,1.634533561882205e-06,2.6259082687263994e-06,8.893980143222504e-06,-1.068394428370991e-05,-2.6616402571841487e-06,-8.84951921861431e-06,1.0611679253173372e-05
3120.0,-6542274.878351145,-1319073.2359546376,-1686709.9034276854,2372.241740735255,-4492.287336089149,-5658.811762198339,505.6341382669713,7604.6253652936675,6.378326633699169e-13,0.0,0.9999999741791946,0.9999999256045714,-5.8180564262355186e-05,-0.00016595913406976546,0.0002573360239033273,-3.137980522868512e-07,-8.265619879794535e-07,1.6134707417866485e-06,2.7026122338370252e-06,9.079143272423323e-06,-1.0954222097022096e-05,-2.7379080636834012e-06,-9.033002343085024e-06,1.0879028552962305e-05
3130.0,-6518151.280059125,-1363914.1445871035,-1743192.9387048893,2452.116790397999,-4475.877492147579,-5637.77517287347,505.55964679464046,7604.660740515225,6.385775606317539e-13,0.0,0.999999974179053,0.9999999227262966,-5.9781347410777876e-05,-0.0001700639908875253,0.00026534870820958705,-3.2633084229897237e-07,-8.153860959938397e-07,1.5915759187696544e-06,2.7816482243087945e-06,9.261137151063772e-06,-1.1219761289090165e-05,-2.8164898265349583e-06,-9.213335051043004e-06,1.114167252081726e-05
3140.0,-6493230.428027673,-1408588.2044162084,-1799462.1340494454,2531.6921922132683,-4458.920123489291,-5616.0470010894005,505.48312991439644,7604.697097335082,6.393436172424531e-13,0.0,0.999999974178916,0.999999919800976,-6.144437754324771e-05,-0.0001741120028315074,0.00027324983654239,-3.386981125802323e-07,-8.038170713643835e-07,1.5688588035588352e-06,2.862976081772395e-06,9.439873067254999e-06,-1.1480423124116008e-05,-2.8973455874061918e-06,-9.39042940780397e-06,1.1399473802200131e-05
3150.0,-6467515.367631029,-1453089.9505450337,-1855510.5869356787,2610.9582153512156,-4441.417299090313,-5593.629905107732,505.4046010327777,7604.734442588,6.401307727705712e-13,0.0,0.9999999741787837,0.9999999168331833,-6.316881092082966e-05,-0.00017810121681683516,0.00028103532234595414,-3.50893516433778e-07,-7.918596717668327e-07,1.5453294985414492e-06,2.946554458345073e-06,9.615263675007787e-06,-1.1736071060208828e-05,-2.980434205308598e-06,-9.564198828036086e-06,1.1652297215765603e-05
3160.0,-6441009.241358703,-1497413.9390993752,-1911331.4218421963,2689.90516731487,-4423.371154419054,-5570.526627398516,505.32407393647077,7604.772783288774,6.409389644005345e-13,0.0,0.9999999741786563,0.9999999138275787,-6.495377225973556e-05,-0.00018202970398652053,0.0002887011305538107,-3.629107825778393e-07,-7.795188342146036e-07,1.520998492049592e-06,3.0323408345724785e-06,9.787223032799245e-06,-1.1986570813379999e-05,-3.0657133753576762e-06,-9.734558116910516e-06,1.1900009818751016e-05
3170.0,-6413715.288426358,-1541554.7478913583,-1966917.7910922882,2768.5233951298364,-4404.783891154676,-5546.739994278307,505.24156278846226,7604.812126626369,6.417681269144129e-13,0.0,0.9999999741785338,0.9999999107889,-6.6798355115625e-05,-0.00018589556059999483,0.00029624327950518675,-3.747437179929518e-07,-7.667996719936629e-07,1.4958766530002269e-06,3.120291538205353e-06,9.955666642085525e-06,-1.2231790420914298e-05,-3.1531396480854785e-06,-9.901423510679553e-06,1.2142480971442654e-05
3180.0,-6385636.8443747815,-1585506.9770801864,-2022262.875690645,2846.8032865276086,-4385.657776897049,-5522.2729155375455,505.1570821239986,7604.852479957879,6.426181926743677e-13,0.0,0.9999999741784161,0.9999999077219544,-6.87016222825545e-05,-0.00018969690890744943,0.00030365784283528554,-3.863862109199376e-07,-7.537074720310877e-07,1.46997522580598e-06,3.2103617637440724e-06,1.0120511485719479e-05,-1.247160030408649e-05,-3.2426684493019733e-06,-1.006471271667077e-05,1.2379582400693494e-05
3190.0,-6356777.340657035,-1629265.2498299512,-2077359.886156303,2924.7352711223475,-4365.995144868385,-5497.128384057374,505.07064684645457,7604.893850802302,6.434890916048042e-13,0.0,0.9999999741783032,0.9999999046316098,-7.066260620714642e-05,-0.00019343189801186833,0.00031094095134061116,-3.978322339392009e-07,-7.402476925840158e-07,1.443305825474001e-06,3.302505592690319e-06,1.0281676066211255e-05,-1.2705873330177711e-05,-3.3342541004955832e-06,-1.0224344952674168e-05,1.2611188262460607e-05
3200.0,-6327140.30421388,-1672824.2129643895,-2132202.063351665,3002.3098215808905,-4345.798393606609,-5471.309475415994,504.9822722230768,7604.936246834138,6.443807511746191e-13,0.0,0.9999999741781951,0.9999999015227865,-7.268030941824598e-05,-0.00019709870472009433,0.00031808879482007874,-4.0907584707952266e-07,-7.264259611486058e-07,1.4158804328164398e-06,3.396676014454448e-06,1.0439080443760492e-05,-1.2934484873738132e-05,-3.4278498397663565e-06,-1.0380240985706471e-05,1.2837175203334848e-05
3210.0,-6296729.357037495,-1716178.537618518,-2186782.679307516,3079.5174547858605,-4325.069986650569,-5444.819347484662,504.8919738805853,7604.979675876829,6.45293096379738e-13,0.0,0.9999999741780916,0.9999998984004473,-7.475370497211625e-05,-0.0002006955343838089,0.0003250976238922964,-4.201112009193066e-07,-7.122480725021925e-07,1.3877113897042736e-06,3.4928249478758674e-06,1.0592646273985392e-05,-1.3157312877038306e-05,-3.5234078432845664e-06,-1.0532323170135965e-05,1.3057422421035163e-05
3220.0,-6265548.215723586,-1759322.9198871194,-2241095.038044002,3156.348732991816,-4303.812452217116,-5417.661240013384,504.79976780068966,7605.024145896021,6.4622604972544e-13,0.0,0.9999999741779929,0.9999998952695895,-7.688173691306529e-05,-0.00020422062173090604,0.00033196375178909344,-4.309325396538086e-07,-6.9771998680505e-07,1.3588113943049444e-06,3.59090326332037e-06,1.0742296845272306e-05,-1.337423790964911e-05,-3.6208792472657283e-06,-1.0680515485148087e-05,1.327181172383838e-05
3230.0,-6233600.69101199,-1802252.0814698886,-2295132.476387316,3232.7942649740808,-4282.028382870212,-5389.838474206481,504.70567031547705,7605.069664992678,6.471795312089334e-13,0.0,0.9999999741778989,0.9999998921352355,-7.906332074928316e-05,-0.00020767223168739605,0.000338683556125065,-4.415342041111461e-07,-6.828478277027018e-07,1.3291934962536282e-06,3.6908608053248262e-06,1.0887957115672566e-05,-1.3585143227089739e-05,-3.7202141704547766e-06,-1.0824743571536487e-05,1.348022758891771e-05
3240.0,-6200890.69035735,-1844960.7671464863,-2348888.3607872687,3308.844701507988,-4259.720437265569,-5361.354454949353,504.6096986307222,7605.116241975577,6.481534529395415e-13,0.0,0.9999999741778118,0.9999998890024265,-8.129734314269832e-05,-0.00021104865911238623,0.00034525347848401967,-4.5191062488499904e-07,-6.676378739245768e-07,1.2988710908064183e-06,3.7926463720592605e-06,1.1029553688891867e-05,-1.3789914749989877e-05,-3.8213617168355395e-06,-1.0964934730653506e-05,1.3682557190958759e-05
3250.0,-6167422.208372724,-1887443.755001345,-2402356.1002191184,3384.4907536271726,-4236.891333593184,-5332.212662430168,504.51186921326814,7605.163884588253,6.491477354335951e-13,0.0,0.9999999741777292,0.9999998858762038,-8.358266478386469e-05,-0.00021434823284957616,0.0003516700327195863,-4.620563619857171e-07,-6.520965818456999e-07,1.2678579293067002e-06,3.896207877335174e-06,1.1167015038965121e-05,-1.3988441373010788e-05,-3.92427006039992e-06,-1.1101018073212919e-05,1.3878690546097419e-05
3260.0,-6133199.335357941,-1929695.8473857506,-2455529.1347837313,3459.7231764886183,-4213.543855392654,-5302.416659567833,504.412199419111,7605.212601296047,6.501622910458119e-13,0.0,0.9999999741776512,0.9999998827616092,-8.59181186065757e-05,-0.0002175693132755172,0.00035792980001762533,-4.719660613560557e-07,-6.36230552217259e-07,1.236168081561457e-06,4.001492228007543e-06,1.1300271348210674e-05,-1.4180614749314267e-05,-4.028886407328253e-06,-1.1232924438509403e-05,1.4068520476852411e-05
3270.0,-6098226.253805335,-1971711.8748023063,-2508400.940610963,3534.5327762905627,-4189.680849148453,-5271.970088938158,504.3107069350146,7605.262400670485,6.511970295553839e-13,0.0,0.9999999741775775,0.999999879663673,-8.830251104781448e-05,-0.0002207102941464526,0.00036402943275543195,-4.81634477445667e-07,-6.200465410873976e-07,1.2038159488193914e-06,4.108445400659486e-06,1.1429254610167964e-05,-1.4366329441741266e-05,-4.135157041189224e-06,-1.1360586467526767e-05,1.4251942696540844e-05
3280.0,-6062507.237883822,-2013486.69653255,-2560965.0306538804,3608.910411383124,-4165.30522392019,-5240.876672300191,504.20740977341126,7605.313291381668,6.522518581489908e-13,0.0,0.999999974177508,0.9999998765874037,-9.073462259704177e-05,-0.00022376960336868045,0.00036996565614501016,-4.910564758265026e-07,-6.035514574283757e-07,1.1708162581410405e-06,4.217012466939881e-06,1.1553898663525674e-05,-1.4545482976494765e-05,-4.243027347838529e-06,-1.1483938636101717e-05,1.4428855861754643e-05
3290.0,-6026046.652911884,-2055015.2012608533,-2613214.9554782296,3682.8469933708993,-4140.419950965365,-5209.140210113023,504.10232626719863,7605.365282190558,6.533266814041194e-13,0.0,0.9999999741774426,0.9999998735377803,-9.321320835837832e-05,-0.00022674570375668795,0.00037573526984762,-5.002270357380374e-07,-5.867523606162745e-07,1.137184056544504e-06,4.327137619098905e-06,1.1674139225121587e-05,-1.4717975895136179e-05,-4.352441840773416e-06,-1.1602917287314359e-05,1.4599161623586568e-05
3300.0,-5988848.954819555,-2096292.3076944952,-2665144.3040469843,3756.333488207319,-4115.028063354701,-5176.764581043197,503.99547506443133,7605.418381941117,6.544214012727499e-13,0.0,0.9999999741773813,0.9999998705197413,-9.57369986253551e-05,-0.00022963709377833182,0.00038133514955849835,-5.091412525710874e-07,-5.696564577685244e-07,1.1029347049346134e-06,4.438764195952042e-06,1.1789913922129551e-05,-1.4883711805280548e-05,-4.463344186933437e-06,-1.1717460663089837e-05,1.4762764677580556e-05
3310.0,-5950918.689599511,-2137312.9651798713,-2716746.704499966,3829.3609172807237,-4089.1326555801297,-5143.753741462792,503.8868751229402,7605.472599552334,6.555359170651205e-13,0.0,0.9999999741773241,0.9999998675381769,-9.830469946793735e-05,-0.0002324423082863704,0.000386762248560693,-5.177943402948172e-07,-5.52271100945312e-07,1.0680838718232009e-06,4.551834709267226e-06,1.1901162323407516e-05,-1.504259742996111e-05,-4.5756772329368384e-06,-1.182750893499412e-05,1.4919572812380525e-05
3320.0,-5912260.492747351,-2178072.154314708,-2768015.8249283396,3901.9203584919014,-4062.736883155572,-5110.111724938382,503.7765457048556,7605.527944010129,6.566701254338802e-13,0.0,0.9999999741772708,0.9999998645979192,-0.00010091499333154789,-0.00023515991923568706,0.0003920135992469804,-5.261816338316224e-07,-5.346037842244972e-07,1.0326475268498291e-06,4.666290870569415e-06,1.2007825969988462e-05,-1.5194542655635614e-05,-4.68938303174301e-06,-1.1933004234210053e-05,1.5069496957053458e-05
3330.0,-5872879.088691116,-2218564.8875562777,-2818945.374143993,3974.002947323113,-4035.8439622105243,-5075.842641710884,503.66450637104737,7605.584424359146,6.578239203585391e-13,0.0,0.9999999741772209,0.9999998617037329,-0.00010356653964783777,-0.00023778853638559857,0.00039708631460890295,-5.342985913817908e-07,-5.166621406583815e-07,9.966419341119873e-07,4.782073618354958e-06,1.2109848404696049e-05,-1.53394605788094e-05,-4.804402869730526e-06,-1.2033890680678247e-05,1.5212451227062443e-05
3340.0,-5832779.290210171,-2258786.2098255106,-2869529.102443658,4045.5998778983876,-4008.457169076615,-5040.950678166472,503.55077697547523,7605.642049694436,6.589971931303403e-13,0.0,0.9999999741771742,0.9999998588603074,-0.00010625797545695597,-0.00024032680798667926,0.00040197758969199026,-5.421407966998672e-07,-4.984539391222751e-07,9.600836453143839e-07,4.899123145707971e-06,1.220717520087117e-05,-1.5477267551251273e-05,-4.9206772941803504e-06,-1.2130114411388442e-05,1.5348352968865862e-05
3350.0,-5791965.997843524,-2298731.199106911,-2919760.802367681,4116.7024040349825,-3980.5798398671855,-5005.440096298686,503.4353776594689,7605.700829153029,6.601898323374139e-13,0.0,0.9999999741771315,0.9999998560722476,-0.00010898791604107717,-0.00024277342145158297,0.0004066847030162848,-5.497039613231478e-07,-4.79987081063828e-07,9.229894927466155e-07,5.017378928309883e-06,1.2299753990196627e-05,-1.5607883223780613e-05,-5.038146141152939e-06,-1.2221623607806072e-05,1.547712280311851e-05
3360.0,-5750444.199287695,-2338394.9670442534,-2969634.3094533766,4187.301840285925,-3952.215370050009,-4969.315233161802,503.3183288459284,7605.760771905422,6.614017238503579e-13,0.0,0.9999999741770917,0.9999998533440643,-0.0001117549555689503,-0.00024512710400939006,0.000411205017961337,-5.56983926752494e-07,-4.612695971616192e-07,8.85376582097752e-07,5.1367797528326045e-06,1.2387534489608677e-05,-1.5731230588604555e-05,-5.15674856374859e-06,-1.2308368522420438e-05,1.559868466645217e-05
3370.0,-5708218.968784147,-2377772.6595319784,-3019143.5029828846,4257.389562973537,-3923.3672140132044,-4932.580500315623,503.1996512334421,7605.821887146954,6.626327508083381e-13,0.0,0.999999974177055,0.9999998506801668,-0.00011455766775122928,-0.0002473866233430462,0.0004155359841148766,-5.639766665851339e-07,-4.4230964390107685e-07,8.472622851158636e-07,5.2572637457057425e-06,1.2470468527285429e-05,-1.584723602018448e-05,-5.27642306073992e-06,-1.2390301504400847e-05,1.5712965851812894e-05
3380.0,-5665295.466496492,-2416859.4573021834,-3068282.306725399,4326.957011213774,-3894.0388846244987,-4895.240383261799,503.07936579034197,7605.884184089105,6.63882793605554e-13,0.0,0.9999999741770211,0.9999998480848542,-0.00011739460650634002,-0.0002495507882094944,0.00041967513858439715,-5.706782885985238e-07,-4.231155000744591e-07,8.086642321198197e-07,5.378768402246334e-06,1.2548510067702331e-05,-1.595582931461337e-05,-5.397107505564437e-06,-1.2467377024346143e-05,1.581989704733213e-05
3390.0,-5621678.93787745,-2455650.5765072065,-3117044.6896737562,4395.995687931348,-3864.2339527838694,-4857.299440871796,502.95749374868444,7605.947671950689,6.651517298782506e-13,0.0,0.9999999741769902,0.9999998455623073,-0.00012026430663664125,-0.0002516184490421405,0.00042362010727094076,-5.770850367843599e-07,-4.0369556321085794e-07,7.696003043700062e-07,5.501230616141087e-06,1.2621615235745189e-05,-1.6056943727483906e-05,-5.518739175666055e-06,-1.2539551698115106e-05,1.5919412373710477e-05
3400.0,-5577374.713025734,-2494141.2692976636,-3165424.6667752154,4464.497160865465,-3833.9560469697212,-4818.762304806633,502.8340565981623,7606.012359948992,6.66439434492279e-13,0.0,0.9999999741769617,0.9999998431165801,-0.00012316528451462107,-0.0002535884985353084,0.00042736860610438247,-5.831932933311972e-07,-3.840583459407704e-07,7.30088626303127e-07,5.6245867092682344e-06,1.268974233987044e-05,-1.6150516010228297e-05,-5.641254782173335e-06,-1.2606784309724401e-05,1.6011449420092497e-05
3410.0,-5532388.20603289,-2532326.8243959676,-3213416.299656446,4532.4530635661995,-3803.208852778626,-4779.633678928507,502.7090760799544,7606.078257290809,6.677457795311919e-13,0.0,0.9999999741769356,0.9999998407515928,-0.00012609603877887632,-0.0002554598722103788,0.0004309184422395591,-5.889995805549949e-07,-3.642124723006299e-07,6.901475576368878e-07,5.7487724618486295e-06,1.2752851894305607e-05,-1.62364864449121e-05,-5.764590499902479e-06,-1.2669035833301284e-05,1.6095949278411646e-05
3420.0,-5486724.914320259,-2570202.567665153,-3261013.6973425415,4599.855096381228,-3771.9961124587985,-4739.918338704437,502.58257418051363,7606.145373163418,6.690706342849262e-13,0.0,0.9999999741769117,0.9999998384711236,-0.00012905505103960247,-0.0002572315489633101,0.0004342675152125928,-5.945005627756949e-07,-3.441666739796805e-07,6.497956853487802e-07,5.873723142912514e-06,1.2810906640278006e-05,-1.6314798877463314e-05,-5.8886819976724585e-06,-1.272626945407852e-05,1.617285657618495e-05
3430.0,-5440390.41796609,-2607763.8626730447,-3308211.0169700556,4666.69502743304,-3740.321624437336,-4699.621130602048,502.45457312528885,7606.213716725496,6.704138652391769e-13,0.0,0.9999999741768896,0.9999998362788022,-0.00013204078659332668,-0.00025890255159326584,0.00043741381805679575,-5.996930481385176e-07,-3.239297865120924e-07,6.090518155325481e-07,5.9993735410699795e-06,1.2863871566263209e-05,-1.638540074931809e-05,-6.013464468920125e-06,-1.2778450588420003e-05,1.624211950773772e-05
3440.0,-5393390.379022958,-2645006.111251642,-3355002.464493943,4732.964693586374,-3708.189242841366,-4658.746971477605,502.32509537240117,7606.283297097955,6.717753360653086e-13,0.0,0.9999999741768689,0.9999998341781017,-0.00013505169514660151,-0.0002604719473120816,0.00044035543837755335,-6.045739903790156e-07,-3.0351074541755585e-07,5.679349651363572e-07,6.125657995572509e-06,1.2911713927243975e-05,-1.6448243127465777e-05,-6.138872662601944e-06,-1.2825546902864223e-05,1.6303689863838678e-05
3450.0,-5345730.54082549,-2681924.754051722,-3401382.2953883754,4798.656001405941,-3675.6028770131443,-4617.300847956401,502.194163606246,7606.354123354728,6.731549076111651e-13,0.0,0.9999999741768499,0.9999998321723332,-0.00013808621154837693,-0.0002619388482343165,0.0004430905593856021,-6.091404905299441e-07,-2.8291858229080757e-07,5.264643535855009e-07,6.252510427651991e-06,1.295440326296875e-05,-1.650328073287511e-05,-6.264840914370281e-06,-1.286752833217587e-05,1.6357523059727302e-05
3460.0,-5297416.727288647,-2718515.271092521,-3447344.815341282,4863.760928104231,-3642.566491019268,-4575.287815805687,502.06180073106754,7606.426204513506,6.745524378923384e-13,0.0,0.999999974176832,0.9999998302646383,-0.0001411427565307511,-0.00026330241184763627,0.00044561746088812973,-6.133897985689354e-07,-2.6216242084252007e-07,4.846593942925992e-07,6.379864372124173e-06,1.2991911415200599e-05,-1.6550471967284295e-05,-6.39130317800969e-06,-1.2904367096392123e-05,1.640357816151409e-05
3470.0,-5248454.842196525,-2754773.182306498,-3492884.380942597,4928.271522479392,-3609.084103154053,-4532.7129993002045,501.9280298644686,7606.499549526425,6.759677820843551e-13,0.0,0.9999999741768151,0.9999998284579832,-0.0001442197374578062,-0.0002645618414632922,0.0004479345202371455,-6.173193150059342e-07,-2.4125147289285956e-07,4.4253968605809774e-07,6.507653009243298e-06,1.3024212543946542e-05,-1.6589778938337588e-05,-6.51819305712103e-06,-1.2936037716855051e-05,1.6441817910937242e-05
3480.0,-5198850.868481856,-2790694.048079086,-3537995.400366115,4992.179905843094,-3575.1597854371867,-4489.581590580474,501.7928743308689,7606.574167270699,6.774007925156965e-13,0.0,0.999999974176799,0.9999998267551531,-0.00014731554908221982,-0.0002657163866464586,0.0004500402132345754,-6.209265924085071e-07,-2.2019503431795135e-07,4.00125004363475e-07,6.635809196793432e-06,1.305128314265741e-05,-1.6621167483052043e-05,-6.645443837039357e-06,-1.2962517031219154e-05,1.6472208748458048e-05
3490.0,-5148610.867496247,-2826273.469783429,-3582672.334044922,5055.478272938371,-3540.7976631057336,-4445.8988490039255,501.65635765493846,7606.650066539239,6.788513186614328e-13,0.0,0.9999999741767835,0.9999998251587462,-0.00015042857430934455,-0.00026676534362619805,0.0004519331149935575,-6.242093368644805e-07,-1.9900248095127808e-07,3.574352925599494e-07,6.764265502403734e-06,1.3073102052388389e-05,-1.6644607189597604e-05,-6.772988516971421e-06,-1.2983784207422899e-05,1.6494720834678516e-05
3500.0,-5097740.978271309,-2861507.0903099743,-3626909.6953402758,5118.158892847274,-3506.0019141006173,-4401.67010048903,501.5185035549616,7606.7272560311985,6.803192071379948e-13,0.0,0.9999999741767686,0.999999823671169,-0.00015355718496843333,-0.0002677080556848303,0.0004536119007554164,-6.271654093805393e-07,-1.7768326444055364e-07,3.1449065295529746e-07,6.8929542360725665e-06,1.3089650474911403e-05,-1.666007141737469e-05,-6.900759842339681e-06,-1.2999820756617003e-05,1.6509328070065835e-05
3510.0,-5046247.4167707665,-2896390.5945909177,-3670702.051203902,5180.214109888342,-3470.7767685476565,-4356.900736852552,501.37933593618965,7606.805744342541,6.818043016985402e-13,0.0,0.9999999741767536,0.9999998222946311,-0.00015669974259068916,-0.00026854391352648514,0.00045507534666181535,-6.297928272152441e-07,-1.562469080605688e-07,2.713113378005977e-07,7.0218074828864175e-06,1.3100911984768979e-05,-1.6667537315373948e-05,-7.028690337317459e-06,-1.301061054503754e-05,1.6516008112967847e-05
3520.0,-4994136.475133647,-2930919.71011942,-3714044.022833614,5241.636344503826,-3435.1265082332634,-4311.596215140018,501.23887888413947,7606.885539956547,6.833064432294081e-13,0.0,0.9999999741767385,0.999999821031141,-0.00015985459919380942,-0.0002692723556246209,0.0004563223304815931,-6.32089765146012e-07,-1.3470300248379805e-07,2.2791774018081618e-07,7.150757135919374e-06,1.3106872540261613e-05,-1.6666985838803874e-05,-7.156712337541861e-06,-1.3016139804817215e-05,1.6514742395905525e-05
3530.0,-4941414.520908621,-2965090.2074635704,-3756930.286322234,5302.418094136587,-3399.0554660748776,-4265.76205694954,501.09715665786155,7606.966651234311,6.848254697474929e-13,0.0,0.999999974176723,0.9999998198825014,-0.00016302009807269137,-0.0002698928685482999,0.0004573518322918126,-6.340545566685876e-07,-1.1306120150926616e-07,1.8433038481102772e-07,7.2797349292983715e-06,1.3107520493358942e-05,-1.66584017639703e-05,-7.284758022989558e-06,-1.3016397143725572e-05,1.6505516140128245e-05
3540.0,-4888087.996279642,-2998897.9007750307,-3799355.573299702,5362.551934096685,-3362.568025586235,-4219.403847749078,500.95419368318284,7607.049086405235,6.863612163985158e-13,0.0,0.9999999741767069,0.9999998188503064,-0.00016619457459596083,-0.0002704049872670183,0.00045816293511255555,-6.356856951283845e-07,-9.133121775132215e-08,1.405699187416901e-07,7.408672471419833e-06,1.3102846598527782e-05,-1.6641773701396857e-05,-7.412759451000485e-06,-1.301137355382979e-05,1.6488318368418795e-05
3550.0,-4834163.417283002,-3032338.6482922677,-3841314.671568297,5422.0305184174695,-3325.668620337611,-4172.527236187362,500.810014545911,7607.13285355751,6.879135154564121e-13,0.0,0.9999999741766902,0.9999998179359373,-0.00016937635700797234,-0.00027080829543388687,0.00045875482549501443,-6.36981834781979e-07,-6.952281828883681e-08,9.665710197557595e-08,7.537501278301457e-06,1.3092844020467833e-05,-1.6617094107169062e-05,-7.540648589434919e-06,-1.3001062419069569e-05,1.646314191613567e-05
3560.0,-4779647.37301583,-3065408.3528384087,-3882802.4257309865,5480.846580701306,-3288.361733411049,-4125.137933398444,500.6646439850228,7607.217960628584,6.894821963236427e-13,0.0,0.999999974176672,0.9999998171405596,-0.0001725637672359417,-0.00027110242564697275,0.0004591267940624526,-6.379417917885427e-07,-4.764582027664637e-08,5.261279799985603e-08,7.666152807055582e-06,1.3077508340747966e-05,-1.6584359292496632e-05,-7.66835734994857e-06,-1.2985459521737766e-05,1.642998344048062e-05
3570.0,-4724546.524836187,-3098102.9623136204,-3923813.737812776,5538.992934954797,-3250.651896850714,-4077.2417123000973,500.51810688582157,7607.304415395649,6.910670855326463e-13,0.0,0.999999974176653,0.9999998164651217,-0.00017575512170184908,-0.0002712870596886156,0.00045927823600361214,-6.385645451299276e-07,-2.571008652063654e-08,8.457964236642176e-09,7.794558489467945e-06,1.3056837563336485e-05,-1.6543569431474643e-05,-7.795817621370789e-06,-1.2964563047861183e-05,1.638884342798067e-05
3580.0,-4668867.6055549355,-3130418.470181915,-3964343.5678749615,5596.4624764134005,-3212.5436911085035,-4028.8444068861945,500.37042827307994,7607.392225466125,6.926680067483192e-13,0.0,0.9999999741766319,0.9999998159103499,-0.0001789487321387536,-0.00027136192874253895,0.0004592086515181733,-6.388492374584669e-07,-3.725521017693904e-09,-3.5786357584908224e-08,7.922649765666398e-06,1.303083211901727e-05,-1.649472856703984e-05,-7.922961303169951e-06,-1.2938373591474495e-05,1.633972620017424e-05
3590.0,-4612617.418619297,-3162350.915952466,-4004386.9346223604,5653.248182355586,-3174.0417444848968,-3979.9519115130684,500.22163330415634,7607.481398268154,6.942847807717017e-13,0.0,0.9999999741766091,0.9999998154767504,-0.0001821429064111636,-0.0002713268135885872,0.0004589176462138802,-6.387951758717233e-07,1.8297935537568926e-08,-8.009905113101586e-08,8.050358117864416e-06,1.2999494868690487e-05,-1.643784461510309e-05,-8.049720338991306e-06,-1.2906894157782301e-05,1.6282639917491647e-05
3600.0,-4555802.837288439,-3193896.3856552467,-4043938.9160033027,5709.343112906308,-3135.1507325652565,-3930.570180180118,500.07174726211,7607.571941041131,6.959172255446602e-13,0.0,0.9999999741765844,0.9999998151646049,-0.00018533594933908297,-0.00027118154477492206,0.00045840493145497173,-6.384018326129866e-07,4.035031027840597e-08,-1.2445893523684798e-07,8.177615104162762e-06,1.2962831105542266e-05,-1.6372929366863725e-05,-8.17602675025059e-06,-1.2870130165202966e-05,1.6217596581321437e-05
3610.0,-4498430.803800992,-3225051.012311045,-4082994.649802443,5764.740411829901,-3095.8753776515664,-3880.7052258046315,499.920795548792,7607.663860826225,6.975651561558588e-13,0.0,0.9999999741765575,0.9999998149739711,-0.00018852616352537272,-0.00027092600276752677,0.00045767032466156995,-6.376688456973297e-07,6.242160272089558e-08,-1.6884477374704425e-07,8.304352392394733e-06,1.2920848556090687e-05,-1.62999984892785e-05,-8.30181266976851e-06,-1.2828089446290565e-05,1.614461203425433e-05
3620.0,-4440508.328534748,-3255810.976395744,-4121549.334226269,5819.433307312287,-3056.2204481897857,-3830.363119491061,499.768803677924,7607.757164456965,6.992283848479576e-13,0.0,0.9999999741765281,0.9999998149046813,-0.00019171185018604324,-0.00027056011807687124,0.0004567137495597022,-6.365960194618044e-07,8.450178934747029e-08,-2.1323528541935782e-07,8.430501793997707e-06,1.28735573800946e-05,-1.6219071523691915e-05,-8.427010375429729e-06,-1.2780782247530331e-05,1.6063705958498062e-05
3630.0,-4382042.489158564,-3286172.5062988857,-4159598.2284812876,5873.415112732518,-3016.1907581928244,-3779.54998979477,499.61579726818576,7607.851858549835,7.009067210258531e-13,0.0,0.999999974176496,0.9999998149563433,-0.00019489130998310224,-0.00027008387136160137,0.000455535236381651,-6.351833250391382e-07,1.0658082821701955e-07,-2.5760915388760205e-07,8.555995297895615e-06,1.2820970169324162e-05,-1.6130171882615552e-05,-8.551552323849993e-06,-1.2728221228002633e-05,1.5974901872455965e-05
3640.0,-4323040.4297765875,-3316131.8787764255,-4197136.653344827,5926.679227423627,-2975.791166659274,-3728.2720219803946,499.4618020362761,7607.947949494914,7.025999712664076e-13,0.0,0.9999999741764609,0.9999998151283398,-0.00019806284385957192,-0.00026949729350912396,0.00045413492201634557,-6.334309007543807e-07,1.2864866359918811e-07,-3.019450376795026e-07,8.680765104375719e-06,1.2763101945189003e-05,-1.6033326844652767e-05,-8.67537118403603e-06,-1.2670421456914245e-05,1.587822712546468e-05
3650.0,-4263509.360064986,-3345685.4193976503,-4234159.991728368,5979.219137422715,-2935.0265769879934,-3676.5354572749675,499.3068437899984,7608.045443446558,7.043079393291487e-13,0.0,0.9999999741764228,0.99999981541983,-0.00020122475387628563,-0.00026880046569297195,0.0004525130501095327,-6.313390524434655e-07,1.5069523063157442e-07,-3.462215802853647e-07,8.804743658943155e-06,1.2699970155223113e-05,-1.5928567547559707e-05,-8.798399871020706e-06,-1.260740040999152e-05,1.5773712890685543e-05
3660.0,-4203456.554401154,-3374829.502986233,-4270663.689233422,6031.028416210354,-2893.901936388575,-3624.346592115825,499.1509484213218,7608.144346314147,7.060304261685443e-13,0.0,0.9999999741763813,0.9999998158297494,-0.00020437534405007887,-0.00026799351940683965,0.0004506699711134823,-6.289082536934409e-07,1.7271045999707153e-07,-3.904174202725697e-07,8.927863686137623e-06,1.2631594668420458e-05,-1.581592897944181e-05,-8.920571579458413e-06,-1.2539177964735774e-05,1.566139415614637e-05
3670.0,-4142889.3509856598,-3403560.5540553527,-4306643.254699811,6082.100725439177,-2852.4222352878555,-3571.7117773935183,498.99414189945816,7608.244663752862,7.077672299474403e-13,0.0,0.999999974176336,0.9999998163568129,-0.0002075129211929707,-0.00026707663647519177,0.00044860614228601077,-6.261391460029199e-07,1.946842826202499e-07,-4.345112014425246e-07,9.050058223294155e-06,1.2557997769421086e-05,-1.569544996808247e-05,-9.04181981716304e-06,-1.2465776394537233e-05,1.5541309713930493e-05
3680.0,-4081815.1509568808,-3431875.047236891,-4342094.260746406,6132.429815651756,-2810.5925067324492,-3518.637417689689,498.83645026394817,7608.346401154537,7.095181460518051e-13,0.0,0.999999974176287,0.9999998169995162,-0.000210635795751947,-0.0002660500490403572,0.0004463221276386209,-6.230325388630936e-07,2.1660663437972135e-07,-4.784815830244322e-07,9.171260654232824e-06,1.2479204151548142e-05,-1.5567173168401282e-05,-9.162078438572489e-06,-1.2387220361646631e-05,1.5413502147510764e-05
3690.0,-4020241.417498589,-3459769.5077046,-4377012.344304177,6182.009526987651,-2768.417825787513,-3465.1299705101756,498.67789961775395,7608.449563638573,7.112829671068469e-13,0.0,0.9999999741762339,0.9999998177561379,-0.00021374228264893605,-0.00026491403952603294,0.0004438185978335868,-6.195894097578472e-07,2.3846746083514493e-07,-5.223072499020838e-07,9.291404742859346e-06,1.2395240908691309e-05,-1.543114504803785e-05,-9.281281678122897e-06,-1.2303536909004205e-05,1.5278017817227882e-05
3700.0,-3958175.6749404743,-3487240.511591257,-4411393.207141566,6230.83378987971,-2725.903308931711,-3411.1959455133256,498.5185161203537,7608.554156042931,7.130614829945959e-13,0.0,0.9999999741761767,0.9999998186247426,-0.00021683070212057752,-0.00026366894057712806,0.0004410963300298302,-6.158109040828966e-07,2.602567219664959e-07,-5.659669228683709e-07,9.410424666660513e-06,1.2306137526038445e-05,-1.5287415871065643e-05,-9.399364183516036e-06,-1.2214755450925959e-05,1.5134906843912364e-05
3710.0,-3895625.5078517455,-3514284.686399763,-4445232.616382145,6278.89662573958,-2683.054113448492,-3356.8419037336316,498.3583259808663,7608.660182915175,7.148534808727056e-13,0.0,0.9999999741761154,0.9999998196031845,-0.0002198993805573781,-0.0002623151349758945,0.0004381562076774601,-6.116983349833973e-07,2.8196439692303476e-07,-6.094393689030213e-07,9.528255050077582e-06,1.2211925869656329e-05,-1.5136039679830563e-05,-9.51626104886276e-06,-1.2120907762646513e-05,1.4984223090650954e-05
3720.0,-3832598.560127995,-3540898.7114081034,-4478526.405014435,6326.192147632374,-2639.8754368138207,-3302.074456800892,498.1973554511853,7608.7676485036245,7.16658745194725e-13,0.0,0.9999999741760495,0.9999998206891099,-0.0002229466513418389,-0.00026085305553429994,0.00043499922026087555,-6.072531831091497e-07,3.0358048878067924e-07,-6.527034114687363e-07,9.644830997739717e-06,1.2112640174919415e-05,-1.4977074274920425e-05,-9.63190784768571e-06,-1.2022027968720558e-05,1.4826024142699199e-05
3730.0,-3769102.53407132,-3567079.318068193,-4511270.472393929,6372.714560940592,-2596.372516080339,-3246.90026615486,498.03563081912694,7608.876556748578,7.184770577318469e-13,0.0,0.9999999741759789,0.9999998218799627,-0.0002259708556851488,-0.0002592831849626063,0.0004316264629903494,-6.02477096287436e-07,3.250950293045848e-07,-6.957379408205942e-07,9.760088127541712e-06,1.2008317033789033e-05,-1.4810581193264922e-05,-9.7462406657647e-06,-1.1918152530284164e-05,1.46603712855427e-05
3740.0,-3705145.1894638618,-3592823.290398544,-4543460.784737241,6418.458164017217,-2552.5506272580933,-3191.326042255543,497.87317840161177,7608.986911273628,7.203081975959638e-13,0.0,0.9999999741759031,0.9999998231729876,-0.00022897034346202835,-0.0002576060557141348,0.0004280391364420388,-5.973718891128416e-07,3.4649808371519494e-07,-7.385219243238465e-07,9.873962603548187e-06,1.1898995380945455e-05,-1.4636625684370304e-05,-9.859196133807371e-06,-1.1809320231177318e-05,1.4487329481110386e-05
3750.0,-3640734.342634897,-3618127.46537071,-4575093.375608328,6463.417348828005,-2508.4150846919015,-3135.358543789268,497.71002453786696,7609.098715377077,7.221519412641871e-13,0.0,0.9999999741758223,0.999999824565236,-0.00023194347404330542,-0.00025582224980620345,0.0004242385461463969,-5.919395424536581e-07,3.677797554555625e-07,-7.810344167751118e-07,9.986391168707294e-06,1.1784716478773875e-05,-1.4455276684693004e-05,-9.970711459928351e-06,-1.169557216293089e-05,1.4306967342144526e-05
3760.0,-3575877.865521541,-3642988.7332895,-4606164.3463967405,6507.58660158299,-2463.9712404354023,-3079.0045768705445,497.54619558264966,7609.211972023449,7.240080626049023e-13,0.0,0.9999999741757366,0.9999998260535706,-0.00023488861712580775,-0.00025393239861723634,0.00042022610212497747,-5.861822028742487e-07,3.8893019095776014e-07,-8.232545707217718e-07,1.0097311177356543e-05,1.1665523901208434e-05,-1.4266606790156702e-05,-1.0080724461920148e-05,-1.1576951708621474e-05,1.4119357104732874e-05
3770.0,-3510583.684723194,-3667404.0381669123,-4636669.8667878965,6550.960503357192,-2419.2244836218815,-3022.270994239862,497.38171789951156,7609.326683835113,7.258763329051463e-13,0.0,0.9999999741756456,0.9999998276346709,-0.00023780415355915242,-0.0002519371826600597,0.0004160033183756579,-5.801021819741603e-07,4.099395844049998e-07,-8.651616467741877e-07,1.0206660627504773e-05,1.154146351643837e-05,-1.4070692226820382e-05,-1.0189173599298333e-05,-1.145350452559683e-05,1.3924574599009199e-05
3780.0,-3444859.7805498526,-3691370.378089757,-4666606.1752252905,6593.533730700527,-2374.1802398319514,-2965.164694457508,497.21661785408946,7609.442853084015,7.277565208995203e-13,0.0,0.9999999741755491,0.9999998293050392,-0.00024068847616901066,-0.00024983733133140425,0.00041157181230632855,-5.737019556421134e-07,4.3079818248905865e-07,-9.067350239059769e-07,1.0314378192871237e-05,1.141258346847866e-05,-1.3867612819703543e-05,-1.0295998005104406e-05,-1.1325278527077352e-05,1.372269921802999e-05
3790.0,-3378714.186064317,-3714884.805580963,-4695969.579364643,6635.301056236969,-2328.843970458095,-2907.692621093426,497.05092180742605,7609.560481683527,7.296483928006357e-13,0.0,0.9999999741754473,0.9999998310610073,-0.0002435399905764297,-0.00024763362263764915,0.0004069333041171186,-5.669841632263112e-07,4.514962891584745e-07,-9.479542097364754e-07,1.042040325466707e-05,1.1278934157612582e-05,-1.3657451959777038e-05,-1.0401137517449382e-05,-1.1192323862638078e-05,1.3513813884835289e-05
3800.0,-3312154.9861185816,-3737944.427954469,-4724756.456519902,6676.257349252873,-2283.2211720662644,-2849.8617619133634,496.8846561093498,7609.679571180417,7.315517123307822e-13,0.0,0.9999999741753396,0.9999998328987423,-0.00024635711601278185,-0.0002453268828968587,0.00040208961613127215,-5.599516066196581e-07,4.7202427035700013e-07,-9.887988507904618e-07,1.0524675933099426e-05,1.1140568219709381e-05,-1.3440296569129221e-05,-1.050453271078047e-05,-1.1054692897576068e-05,1.329800501770365e-05
3810.0,-3245190.3163842787,-3760546.407663761,-4752963.254101121,6716.397576274588,-2237.317375754445,-2791.679148061175,496.7178470918732,7609.800122746949,7.33466240755332e-13,0.0,0.9999999741752262,0.9999998348142544,-0.00024913828612992725,-0.00024291798641716216,0.0003970426720747848,-5.526072492603779e-07,4.923725587488257e-07,-1.02924874272969e-06,1.0627137118583591e-05,1.099754050442419e-05,-1.3216237064317104e-05,-1.0606124926855054e-05,-1.0912440191170703e-05,1.3075362493611096e-05
3820.0,-3177828.362377448,-3782687.9626439703,-4780586.490044111,6755.716801635303,-2191.138146508357,-2733.15185323752,496.5505210626414,7609.922137173106,7.353917369175265e-13,0.0,0.9999999741751071,0.9999998368034038,-0.0002518819498051598,-0.00024040785515155473,0.00039179449630497005,-5.449542150481626e-07,5.125316584281333e-07,-1.069283840550363e-06,1.072772850264486e-05,1.0849908052287157e-05,-1.2985367317913914e-05,-1.0705856305404278e-05,-1.0765622473842553e-05,1.2845979609905978e-05
3830.0,-3110077.3584777093,-3804366.3666474945,-4807622.753231891,6794.210188031132,-2144.689082554335,-2674.2869928750056,496.3827042984273,7610.045614858969,7.373279572747366e-13,0.0,0.9999999741749818,0.9999998388619078,-0.0002545865719405143,-0.00023779745832919931,0.0003863472129881345,-5.369957871751098e-07,5.324921496116193e-07,-1.1088842687417764e-06,1.0826392608492814e-05,1.069773007068746e-05,-1.274778461826609e-05,-1.0803669814469697e-05,-1.0614298623218562e-05,1.2609953044212002e-05
3840.0,-3041945.5869419416,-3825578.9495731504,-4834068.703907836,6831.87299706644,-2097.9758147094535,-2615.091723309832,496.21442303868196,7610.170555807206,7.392746559361088e-13,0.0,0.9999999741748508,0.9999998409853501,-0.0002572506342560109,-0.00023508781206332436,0.0003807030452265714,-5.287354068722631e-07,5.522446933100668e-07,-1.1480303313998642e-06,1.0923072821252509e-05,1.0541067908762421e-05,-1.2503589627472104e-05,-1.0899509280396003e-05,-1.0458529639110946e-05,1.236738281257307e-05
3850.0,-2973441.3769124993,-3846323.0977888242,-4859921.074080574,6868.700589788519,-2051.004005728881,-2555.5732409499687,496.04570347912704,7610.296959615742,7.412315847017788e-13,0.0,0.9999999741747139,0.9999998431691871,-0.0002598726360764172,-0.000232279978935824,0.0003748643141351072,-5.201766720715485e-07,5.717800359775044e-07,-1.1867025222905751e-06,1.1017713417834653e-05,1.0379985031197798e-05,-1.2252886337598021e-05,-1.0993319417463706e-05,-1.0298378617419062e-05,1.2118372225854177e-05
3860.0,-2904573.103420217,-3866596.254447565,-4885176.667920506,6904.688427211475,-2003.7793496506567,-2495.738781440068,495.8765717654051,7610.424825470549,7.431984931034964e-13,0.0,0.9999999741745706,0.9999998454087572,-0.00026245109511110034,-0.00022937506755868307,0.00036883343786747584,-5.113233359830709e-07,5.9108901413524e-07,-1.2248815348572283e-06,1.111025959642828e-05,1.0214546990950245e-05,-1.1995782025145298e-05,-1.108504585714463e-05,-1.0133910722963063e-05,1.186302784441444e-05
3870.0,-2835349.186382166,-3886395.9197971257,-4909832.362147991,6939.832070829474,-1956.3075711378226,-2435.595618823044,495.707053986785,7610.554152138626,7.451751284467151e-13,0.0,0.9999999741744211,0.9999998476992893,-0.00026498454822655,-0.00022637423211235516,0.00036261293059280535,-5.021793055881731e-07,6.101625589682372e-07,-1.262548272166353e-06,1.1200657505599259e-05,1.0044821400900113e-05,-1.1732387203787048e-05,-1.117463517696415e-05,-9.96519316125893e-06,1.160145943106824e-05
3880.0,-2765778.089594412,-3905719.6514829053,-4933885.1064131055,6974.127183119262,-1908.5944248180701,-2375.151064698516,495.53717616992725,7610.684937961111,7.471612358540991e-13,0.0,0.9999999741742658,0.9999998500359126,-0.00026747155221115086,-0.00022327867186124317,0.00035620540142255005,-4.927486400487203e-07,6.289917008910644e-07,-1.2996838567861619e-06,1.1288854272978889e-05,9.870877904446212e-06,-1.1462815575390805e-05,-1.1262034928953505e-05,-9.792295149245565e-06,1.1333779902352883e-05
3890.0,-2695868.319719747,-3924565.0648442847,-4957331.923666997,7007.569528032033,-1860.645694620866,-2314.412467378085,495.36696427271517,7610.817180846572,7.491565583104128e-13,0.0,0.9999999741741041,0.9999998524136637,-0.000269910684531788,-0.00022008963064643503,0.0003496135532882082,-4.830355490324957e-07,6.475675740814051e-07,-1.336269640592107e-06,1.1374798033524798e-05,9.692788145052763e-06,-1.1187183979345748e-05,-1.1347193667676136e-05,-9.615287884974391e-06,1.1060105278120674e-05
3900.0,-2625628.4252705574,-3942929.8332043295,-4980169.910524777,7040.154971474661,-1812.4671931121534,-2253.387211037548,495.19644417814726,7610.950878264477,7.511608367088498e-13,0.0,0.9999999741739364,0.9999998548274975,-0.00027230054408186534,-0.00021680839635586515,0.0003428401817702111,-4.730443909552114e-07,6.658814209784001e-07,-1.3722872144938202e-06,1.1458437957339076e-05,9.510625734759528e-06,-1.0905612340214485e-05,-1.143006097781198e-05,-9.43424451627354e-06,1.0780554629475527e-05
3910.0,-2555066.691016955,-3960811.2292256393,-5002395.656345457,7071.878664227168,-1764.064547805596,-2192.082449224431,495.02484093813877,7611.0851417241265,7.531832597409783e-13,1.0,0.9999999741737019,0.9999998572734424,-0.0002746397042834192,-0.00021343560359404355,0.0003358850627985456,-4.627831589134367e-07,6.861622816976861e-07,-1.418485691257619e-06,1.1539725727324814e-05,9.321961446619394e-06,-1.0608862324152669e-05,-1.1510713484050617e-05,-9.140063986875622e-06,1.005785453240945e-05
3920.0,-2484192.363380254,-3978207.9587127175,-5024007.565952665,7102.738320150234,-1715.4440412444192,-2130.5061521990506,494.8537815878531,7611.221739492916,7.552046920727027e-13,1.0,0.9999999741733783,0.999999859866014,-0.00027692697114002987,-0.00020990632177619964,0.00032842883311561536,-4.5228579079351334e-07,7.253711795667023e-07,-1.5577532342924162e-06,1.1618656184219431e-05,9.099577515137248e-06,-1.0193928245376708e-05,-1.1588853658355437e-05,-8.95116232893463e-06,9.766899568658766e-06
3930.0,-2413013.797486663,-3995117.413751055,-5045002.3803476505,7132.729288507115,-1666.6113661460101,-2068.6655552762677,494.6824908808265,7611.359781831414,7.572342946224201e-13,1.0,0.999999974173065,0.9999998626329817,-0.00027916098338416184,-0.00020620002400701632,0.0003203604905543947,-4.415121300776496e-07,7.572395778679243e-07,-1.6641919087721063e-06,1.169512550805538e-05,8.878631414494937e-06,-9.791518018008702e-06,-1.1664562967231501e-05,-8.758442932429078e-06,9.470424638956972e-06
3940.0,-2341539.6989852767,-4011537.5023623086,-5065377.494260647,7161.847847630044,-1617.5724429202423,-2006.5681775491437,494.51099434290546,7611.499264392722,7.592718004083831e-13,1.0,0.9999999741727673,0.999999865504357,-0.0002813404055164053,-0.0002023502636141742,0.0003118312847574561,-4.3047168655383555e-07,7.83000847292298e-07,-1.7429381989574339e-06,1.1769091724800968e-05,8.65904628457416e-06,-9.401599200481081e-06,-1.1737792970521514e-05,-8.56199018503069e-06,9.168565308730082e-06
3950.0,-2269778.8102196003,-4027466.19189917,-5085130.37777145,7190.090380052081,-1568.3332172520334,-1944.2215696920468,494.33931739438697,7611.640182359476,7.613169406233908e-13,1.0,0.9999999741724861,0.9999998684238416,-0.0002834639407822107,-0.000198384563812306,0.00030296704697826504,-4.1917211779417885e-07,8.03829330466421e-07,-1.7989913240219637e-06,1.1840512158747184e-05,8.440560445527627e-06,-9.023462287794442e-06,-1.1808496934034323e-05,-8.361889721510708e-06,8.86145950896777e-06
3960.0,-2197739.909183945,-4042901.5092953993,-5104258.576621736,7217.453372925825,-1518.899659422829,-1881.6333130962391,494.167485345467,7611.782530439678,7.633694446759634e-13,1.0,0.9999999741722208,0.9999998713477587,-0.0002855303240893022,-0.00019432482238370611,0.0002938693686291939,-4.07619968321706e-07,8.207991384584097e-07,-1.837026640883769e-06,1.190934405686269e-05,8.222776482420542e-06,-8.655861880696848e-06,-1.1876629795197214e-05,-8.158228370809306e-06,8.549247353104672e-06
3970.0,-2125431.808475351,-4057841.5413084575,-5122759.712518004,7243.933418430487,-1469.277763629757,-1818.8110190025359,493.9955233907513,7611.926302861576,7.654290402447836e-13,1.0,0.9999999741719696,0.9999998742435292,-0.00028753831818014054,-0.000190187880555592,0.00028461755295987643,-3.958211985305844e-07,8.348591175596383e-07,-1.8612715684814866e-06,1.1975545072177992e-05,8.005222555063693e-06,-8.297217807305525e-06,-1.1942148119539924e-05,-7.951094130497319e-06,8.232071005473846e-06
3980.0,-2052863.3542414783,-4072284.434755336,-5140631.483425828,7269.527214168453,-1419.4735473027197,-1755.7623276313716,493.8234566038493,7612.071493368769,7.674954533343584e-13,1.0,0.9999999741717293,0.9999998770879376,-0.0002894867120687876,-0.00018598618309797276,0.0002752710524673426,-3.8378154396771434e-07,8.4682081975436e-07,-1.875433621512778e-06,1.2039073633999195e-05,7.787400511651418e-06,-7.945778978460784e-06,-1.2005010053909171e-05,-7.740576161262513e-06,7.91007459272099e-06
3990.0,-1980043.425124585,-4086228.396741581,-5157871.663855443,7294.231563551322,-1369.4930504194724,-1692.4949073103462,493.65130993208663,7612.21809521555,7.695684083314591e-13,1.0,0.9999999741714973,0.9999998798653721,-0.0002913743209568039,-0.0001817284723219705,0.000265872157672848,-3.7150674305561074e-07,8.57356480589117e-07,-1.88267021854595e-06,1.2099889219174582e-05,7.568822098218466e-06,-7.599752385125196e-06,-1.2065175280823487e-05,-7.526764794879634e-06,7.58340414922984e-06
4000.0,-1906980.931201732,-4099671.694883473,-5174478.105138616,7318.043376175456,-1319.34233481876,-1629.0164535993267,493.47910819133836,7612.36610116249,7.716476280623182e-13,1.0,0.9999999741712703,0.9999998825661541,-0.00029319998703036256,-0.00017742047279935356,0.00025644875259253267,-3.5900266701396896e-07,8.670043460489348e-07,-1.8855907585165037e-06,1.2157952540993567e-05,7.349034777860801e-06,-7.257400560191638e-06,-1.2122604977059194e-05,-7.309751550035255e-06,7.252207587852819e-06
4010.0,-1833684.8129212132,-4112612.6575233852,-5190448.735696816,7340.9596681871,-1269.0274835114735,-1565.334688413069,493.30687606099434,7612.515503472316,7.737328338504194e-13,1.0,0.9999999741710458,0.9999998851850392,-0.00029496258070350797,-0.00017306553597269816,0.0002470169972162802,-3.462753805277603e-07,8.761790644218901e-07,-1.8862824955047003e-06,1.2213225672579004e-05,7.127638762792082e-06,-6.91711136409762e-06,-1.2177261778442485e-05,-7.089629151335322e-06,6.91663468790229e-06
4020.0,-1760164.0400354809,-4125049.673938267,-5205781.561300661,7362.977562637023,-1218.5545999899796,-1501.45735914155,493.1346380790966,7612.666293906052,7.758237455743756e-13,1.0,0.9999999741708214,0.9999998877199218,-0.0002966610020076385,-0.0001686652242738808,0.00023758383681574772,-3.3333115630300745e-07,8.851852416810734e-07,-1.8863528846566373e-06,1.2265672120569533e-05,6.9042968487056256e-06,-6.577444179838107e-06,-1.222910975191065e-05,-6.8664915477702386e-06,6.576837093297222e-06
4030.0,-1686427.6105304873,-4136981.1945413216,-5220474.665320648,7384.094289824833,-1167.9298075355414,-1437.3922377679028,492.96241863766403,7612.81846371954,7.779200817256843e-13,1.0,0.9999999741705955,0.9999998901707602,-0.00029829418193507405,-0.00016421982293082123,0.0002281492715974526,-3.2017646150446315e-07,8.942326287263865e-07,-1.8869822435913164e-06,1.2315256863030311e-05,6.678738553545137e-06,-6.237156589106577e-06,-1.2278114375191479e-05,-6.640433927806449e-06,6.2329683148519884e-06
4040.0,-1612484.5495516295,-4148405.731076835,-5234526.208969197,7404.307187632937,-1117.1592485239198,-1373.1471199840782,492.79024197828306,7612.972003660323,7.800215594653689e-13,1.0,0.9999999741703663,0.9999998925387148,-0.00029986108362695606,-0.00015972877442103293,0.00021870834811342816,-3.0681792945761145e-07,9.034517513799436e-07,-1.8889817141771502e-06,1.2361946363296424e-05,6.45075992630159e-06,-5.895215410185222e-06,-1.2324242523912566e-05,-6.411552729083074e-06,5.88518373184626e-06
4050.0,-1538343.9083262964,-4159321.8568082177,-5247934.431534029,7423.613701850305,-1066.2490837291248,-1308.7298243041873,492.61813218798767,7613.126903965023,7.821278946791423e-13,1.0,0.9999999741701329,0.9999998948254831,-0.00030136070335585015,-0.00015519103568667795,0.00020925285620748492,-2.9326232605969813e-07,9.129091001317098e-07,-1.8928525765568655e-06,1.2405708569131192e-05,6.220220226012695e-06,-5.550795664521615e-06,-1.236746246557585e-05,-6.179945641403168e-06,5.53364058914467e-06
4060.0,-1464014.7630831145,-4169728.2066992978,-5260697.650602962,7442.011386486113,-1015.2054916253562,-1244.1481911755736,492.4461131956028,7613.283154357304,7.842388020289243e-13,1.0,0.9999999741698941,0.99999989703281,-0.0003027920712948266,-0.00015060536195538054,0.0001997727325530982,-2.795165171218792e-07,9.226212614065254e-07,-1.8988439324655325e-06,1.2446512904369092e-05,5.9870364928060936e-06,-5.203270648350604e-06,-1.240774385958675e-05,-5.945711602303686e-06,5.178497987192229e-06
4070.0,-1389506.2150054113,-4179623.480454502,-5272814.265905796,7459.497909151344,-964.0346685090743,-1179.4100831025673,492.27421350425016,7613.440749283118,7.863539366518011e-13,1.0,0.9999999741696501,0.9999998991621457,-0.00030415425243625186,-0.00014597052373769087,0.00019025718476810638,-2.655874238183676e-07,9.325676190449862e-07,-1.9070065994220545e-06,1.2484330252573975e-05,5.7511768309340835e-06,-4.85219588552026e-06,-1.2445057708366687e-05,-5.708950645847625e-06,4.819916930743445e-06
4080.0,-1314827.3884833883,-4189006.441526959,-5284282.758053493,7476.071049266351,-912.7428274054898,-1114.5233832673248,492.10246421970334,7613.599685727395,7.8847291774217e-13,1.0,0.9999999741694017,0.9999999012144282,-0.00030544634676112265,-0.00014128546420230377,0.0001806955586455248,-2.5148199575301463e-07,9.427013705643514e-07,-1.917241844142301e-06,1.2519132931178604e-05,5.512653095067648e-06,-4.497289220350864e-06,-1.2479376395532015e-05,-5.469763953726219e-06,4.458060286880694e-06
4090.0,-1239987.427940685,-4197875.911353008,-5295101.681239026,7491.7286878244895,-861.3361957700535,-1049.4959926679337,491.93088927366864,7613.759952398166,7.90595449209963e-13,1.0,0.9999999741691489,0.9999999031899632,-0.0003066674886922267,-0.00013654940556480084,0.0001710779758851378,-2.3720722982688772e-07,9.529587388036748e-07,-1.9293441693163875e-06,1.2550894691420161e-05,5.271513557862701e-06,-4.138408867784725e-06,-1.2510673808368495e-05,-5.228254112862004e-06,4.0930926030678204e-06
4100.0,-1164995.491313158,-4206230.77626478,-5305269.671940753,7506.468819736678,-809.8210111234972,-984.3358245210735,491.75951523160467,7613.92154064984,7.927211990363728e-13,1.0,0.9999999741688942,0.9999999050883839,-0.00030781684883252666,-0.00013176191477188876,0.0001613957797275567,-2.2277015290820302e-07,9.632665708514994e-07,-1.9430379550542266e-06,1.2579590768012701e-05,5.027835798426298e-06,-3.7755309805971542e-06,-1.2538925241477709e-05,-4.984524765786426e-06,3.7251801577832254e-06
4110.0,-1089860.770186677,-4214069.980039665,-5314785.439605597,7520.28954049561,-758.2035348073073,-919.0508217561694,491.5883630772652,7614.0844351801525,7.948499011384944e-13,1.0,0.9999999741686353,0.9999999069086617,-0.0003088936313761302,-0.00012692293428603527,0.00015164179038193942,-2.0817783810310505e-07,9.735480825260964e-07,-1.9580067563634263e-06,1.2605197794209822e-05,4.7817204162506276e-06,-3.408728065246182e-06,-1.2564107492978904e-05,-4.7386808772331425e-06,3.3544908830526413e-06
4120.0,-1014592.4676089073,-4221392.5317375995,-5323647.77644629,7533.189060222493,-706.490036854066,-853.648937770643,491.41745644040594,7614.248623349966,7.96981253544566e-13,1.0,0.9999999741683728,0.999999908649165,-0.00030989707716055703,-0.000122032789338284,0.0001418104652830383,-1.9343739886071399e-07,9.837275245418536e-07,-1.9739181730077987e-06,1.26276939175503e-05,4.533285066433294e-06,-3.038148613166779e-06,-1.2586198800213204e-05,-4.4908283826975715e-06,2.981194316221797e-06
4130.0,-939199.8112348289,-4228197.500914067,-5331855.551456808,7545.165695079403,-654.6868049982498,-788.1381478880312,491.24681616286466,7614.414089015533,7.991149859804529e-13,1.0,0.9999999741681049,0.9999999103077369,-0.00031082646207955506,-0.00011709217463973899,0.00013189792230690786,-1.7855599096838174e-07,9.937332922112125e-07,-1.990441960488533e-06,1.2647058738346772e-05,4.282659613623739e-06,-2.663998887857405e-06,-1.2605178908499217e-05,-4.241074339816648e-06,2.6054615107718755e-06
4140.0,-863692.0303708389,-4234484.024947531,-5339407.719559538,7556.217880438783,-602.8001290989328,-722.5264295500621,491.0764685532907,7614.580821929913,8.012507566932276e-13,1.0,0.9999999741678344,0.9999999118817972,-0.0003116810998113779,-0.00011210212575409325,0.00012190189822872736,-1.635407996271397e-07,1.0035002119067676e-06,-2.007264464482245e-06,1.2663273403785767e-05,4.029981656518344e-06,-2.286526236667051e-06,-1.2621029012578948e-05,-3.989526583851719e-06,2.2274649909221518e-06
4150.0,-788078.3765875394,-4240251.301910051,-5346303.312697589,7566.344158069472,-550.8363152709913,-656.821780284298,490.9064372156905,7614.748808439395,8.033882543902827e-13,1.0,0.9999999741675621,0.9999999133684394,-0.00031246033936804774,-0.00010706398547176908,0.00011182163424394016,-1.4839904343721228e-07,1.012970625422734e-06,-2.0240971999222096e-06,1.2676320514178702e-05,3.7753934413740664e-06,-1.9060059268215378e-06,-1.2633731848668497e-05,-3.736293969395388e-06,1.8473786389434032e-06
4160.0,-712368.1153298089,-4245498.593199491,-5352541.443120458,7575.543180884201,-498.80168018171406,-591.0322104502892,490.7367458858155,7614.91803471206,8.055271628855943e-13,1.0,0.9999999741672895,0.9999999147645335,-0.0003131635661672391,-0.00010197936413430754,0.00010165773674220716,-1.3313799092401395e-07,1.0220949894104743e-06,-2.04068302223658e-06,1.2686184185626146e-05,3.519039135670587e-06,-1.5227296179991076e-06,-1.264327168324703e-05,-3.481486213438114e-06,1.4653776181586578e-06
4170.0,-636570.5246989307,-4250225.223732984,-5358121.303622891,7583.813713298841,-446.7025502711983,-525.1657422468533,490.5674185718922,7615.0884868967905,8.076671592910648e-13,1.0,0.9999999741670172,0.9999999160668198,-0.0003137902022865367,-9.685009889093436e-05,9.141201213240286e-05,-1.1776496520534555e-07,1.030831887453934e-06,-2.056799106178372e-06,1.2692850065907357e-05,3.2610628474825424e-06,-1.136996255825635e-06,-1.2649634326323442e-05,-3.2252138358740003e-06,1.0816382851767112e-06
4180.0,-560694.8866634885,-4254430.559417966,-5363042.13903701,7591.154591152611,-394.54525517197675,-459.23040157993654,490.39844257629386,7615.260110258307,8.098083831675106e-13,1.0,0.9999999741667424,0.9999999172719933,-0.00031433970368885725,-9.167821124518596e-05,8.10872873667861e-05,-1.022874086342974e-07,1.0391475514551342e-06,-2.0722577837558874e-06,1.2696305298733251e-05,3.0016072224839226e-06,-7.491047049740592e-07,-1.2652807439278511e-05,-2.9675889233742796e-06,6.963372724835179e-07
4190.0,-484750.50780736597,-4258114.075915005,-5367303.33321497,7597.564844233904,-342.3361429993473,-393.23423679647334,490.2298807850918,7615.432933335538,8.119500141210815e-13,1.0,0.9999999741664709,0.9999999183767878,-0.0003148115703305137,-8.646587849441538e-05,7.068725083473097e-05,-8.671279467191903e-08,1.0470153738454594e-06,-2.086905244668991e-06,1.2696538830119192e-05,2.740812735586062e-06,-3.593493483988503e-07,-1.2652779627835616e-05,-2.708722525787907e-06,3.096538405710072e-07
4200.0,-408746.6966244114,-4261275.290012875,-5370904.322211566,7603.04357390577,-290.08156470769904,-327.1852994947804,490.0617593274089,7615.606943710959,8.140916920990696e-13,1.0,0.9999999741662056,0.9999999193780309,-0.0003152053363301502,-8.121539145487889e-05,6.021627467811781e-05,-7.104857491819017e-08,1.0544151859559632e-06,-2.100619415780745e-06,1.2693540942973122e-05,2.478816620926316e-06,3.198409084399789e-08,-1.2649541399261297e-05,-2.4487272035806115e-06,-7.823260138484269e-08
4210.0,-332692.72663898225,-4263913.799320462,-5373844.644246207,7607.590024154633,-237.7878489957971,-261.09161235671496,489.89412972615844,7615.782157256744,8.162327286966126e-13,1.0,0.9999999741659631,0.9999999202727138,-0.00031552057752757965,-7.592911704700407e-05,4.967924370906484e-05,-5.5302217438020756e-08,1.0613323145420448e-06,-2.113307191966286e-06,1.2687303610542097e-05,2.215752348663886e-06,4.246218306424001e-07,-1.264308467222384e-05,-2.1877154237305553e-06,-4.6714144975831763e-07
4220.0,-256597.97498317985,-4266029.227396153,-5376123.871076253,7611.203483118678,-185.46139679017338,-194.96128937048846,489.7269886735966,7615.958527689752,8.183731315973673e-13,1.0,0.9999999741657251,0.9999999210579801,-0.000315756897680015,-7.060950726561347e-05,3.908149806751999e-05,-3.948132569591663e-08,1.067756485580039e-06,-2.1248997090098424e-06,1.2677820080112443e-05,1.9517515296864405e-06,8.182991268553338e-07,-1.263340337291545e-05,-1.9258016918249865e-06,-8.568921402818609e-07
4230.0,-180471.77427222123,-4267621.285800143,-5377741.685652428,7613.883394519701,-133.10857982812595,-128.80240675000886,489.56036796309706,7616.136047849414,8.205124575836758e-13,1.0,0.9999999741654941,0.999999921731216,-0.0003159139448146997,-6.525904378303212e-05,2.842863878990064e-05,-2.359362325590021e-08,1.0736812074166209e-06,-2.1353506087027535e-06,1.266508551719914e-05,1.6869420917650317e-06,1.212765481168427e-06,-1.2620492773702862e-05,-1.6631000443439201e-06,-1.2473029483286005e-06
4240.0,-104323.46460443495,-4268689.757076797,-5378697.860878803,7615.629327056464,-80.73577688581094,-62.62304899225156,489.3943108905191,7616.3147229521,8.226501108376422e-13,1.0,0.999999974165274,0.999999922290052,-0.00031599140665998575,-5.988023394573772e-05,1.7726454789485144e-05,-7.64685130825117e-09,1.0791029511824346e-06,-2.144631304040868e-06,1.2649096696758934e-05,1.4214491911945297e-06,1.6077823017069798e-06,-1.2604349701996065e-05,-1.399724742470523e-06,-1.6381912900123754e-06
4250.0,-28162.35991578657,-4269234.524814238,-5378992.297418557,7616.4410282101135,-28.349352134512337,3.568718830276849,489.22892021060454,7616.494624019823,8.247847212738211e-13,1.0,0.9999999741650838,0.9999999227323911,-0.00031598901587685834,-5.447559003277787e-05,6.980824773565004e-06,8.351369043997123e-09,1.0840206251312275e-06,-2.1527272810027134e-06,1.2629852049624794e-05,1.155394929210223e-06,2.0031225623161943e-06,-1.2584972291129758e-05,-1.1357892862348343e-06,-2.029372669786285e-06
4260.0,48002.21163292579,-4269255.816900052,-5378625.331241292,7616.318857994483,24.04430417572655,69.76480178893956,489.0647515380364,7616.676322568415,8.269090375155316e-13,1.0,0.9999999741650166,0.9999999230564657,-0.0003159065822503161,-4.9047636232089514e-05,-3.8022930903733884e-06,2.439464183568057e-08,1.0884367501312248e-06,-2.1596322228847177e-06,1.260735163965884e-05,8.88897128295449e-07,2.3985650467498565e-06,-1.2562358063134113e-05,-8.7139998847301e-07,-2.4206496282460675e-06
4270.0,124160.86907324602,-4268752.861222384,-5377596.035372514,7615.261390999703,76.43879961862874,135.95709289411397,488.90064597642885,7616.858491165901,8.290380053458735e-13,1.0,0.999999974164865,0.9999999232605322,-0.00031574379329836493,-4.359886343934351e-05,-1.4616987611836674e-05,4.047283300695742e-08,1.0923490269359365e-06,-2.1653544483957694e-06,1.2581595042303039e-05,6.220783802448225e-07,2.7939054264055814e-06,-1.2536515218128369e-05,-6.06693267828e-07,-2.811870566763448e-06
4280.0,200304.255437772,-4267725.718401289,-5375904.535059579,7613.2686856849705,128.8277485073032,202.13750139804114,488.7366825665012,7617.041173493042,8.311706031563531e-13,1.0,0.9999999741646378,0.9999999233432957,-0.0003155005033170233,-3.8131792032297574e-05,-2.545737516956249e-05,5.657680476909815e-08,1.0957578343106412e-06,-2.1699088446432195e-06,1.2552587383827729e-05,3.5505918655513604e-07,3.1889474252192435e-06,-1.2507446326715755e-05,-3.417827289728438e-07,-3.2028518409890906e-06
4290.0,276422.9850458482,-4266174.705050727,-5373551.279367491,7610.341255534962,181.20473466065698,268.2979002881831,488.5732481951509,7617.22475346894,8.333017793087888e-13,1.0,0.9999999741643961,0.9999999233037753,-0.00031517663796431497,-3.264895102410813e-05,-3.6317618370610744e-05,7.269875700501273e-08,1.0986659407944952e-06,-2.173311522835573e-06,1.2520335048937127e-05,8.795725232542635e-08,3.5834977692400787e-06,-1.247515441580145e-05,-7.677777603329563e-08,-3.593400363764489e-06
4300.0,352507.75601317483,-4264099.978802908,-5370536.5162876,7606.479329366472,233.56339946613855,334.43023402232905,488.41037259235327,7617.409220402815,8.354311056149713e-13,1.0,0.9999999741641468,0.999999923141216,-0.0003147721284584745,-2.7152824454122618e-05,-4.7192028947387535e-05,8.883099184732203e-08,1.1010761650199722e-06,-2.1755799526323597e-06,1.24848445007064e-05,-1.7911198270187483e-07,3.97736996026247e-06,-1.2439645961814648e-05,1.8820627054273058e-07,-3.9833331974430275e-06
4310.0,428549.220722079,-4261501.765850746,-5366860.580903496,7601.68325661861,285.8973508802446,400.5264053342674,488.2480918650301,7617.594569847233,8.375580661718782e-13,1.0,0.9999999741638922,0.9999999228551238,-0.00031428694461113903,-2.1645895343337377e-05,-5.8074977060459287e-05,1.0496577173698472e-07,1.1029913383779857e-06,-2.1767321505492193e-06,1.2446123793115137e-05,-4.4603314611304497e-07,4.370380190377515e-06,-1.2400929068883965e-05,4.530539766081048e-07,-4.372467060828533e-06
4320.0,504538.03894929565,-4258380.347505917,-5362523.878130455,7595.95348371494,338.20020009389845,466.57832157111096,488.08642778697424,7617.78078132108,8.396823287862365e-13,1.0,0.9999999741636331,0.9999999224452648,-0.0003137210936942594,-1.613063152912811e-05,-6.89609253284464e-05,1.2109531679761876e-07,1.1044141739429675e-06,-2.176785893378099e-06,1.2404182528405781e-05,-7.126914384031375e-07,4.762347740052622e-06,-1.2359013520353953e-05,7.176497477750927e-07,-4.760619317526215e-06
4330.0,580464.8646693352,-4254736.080519406,-5357526.908459863,7589.290590301361,390.46555212475,532.5778829647362,487.92541952843874,7617.96785323068,8.418033288638246e-13,1.0,0.9999999741633737,0.999999921911665,-0.0003130746237890546,-1.060949103638694e-05,-7.984441623135226e-05,1.3721180345847365e-07,1.1053472224366184e-06,-2.1757580659670395e-06,1.235903199416463e-05,-9.789723123638142e-07,5.1530938403477404e-06,-1.2313910676538383e-05,9.818782638712014e-07,-5.147607019249126e-06
4340.0,656320.3783829686,-4250569.360773493,-5351870.221912829,7581.695224668417,442.6870287998811,598.517011419277,487.76506761095766,7618.15574126611,8.439210076227504e-13,1.0,0.9999999741631115,0.999999921254596,-0.00031234761845202064,-5.084913584993415e-06,-9.072008705776047e-05,1.5330733703208613e-07,1.1057927048046869e-06,-2.173664290746293e-06,1.2310684980808476e-05,-1.2447616588175132e-06,5.542441815693502e-06,-1.2265633607409658e-05,1.2456239585176655e-06,-5.533248945752248e-06
4350.0,732095.2589358639,-4245880.66029017,-5345554.464948562,7573.168169651377,494.8582489907722,664.3876258131693,487.60539156363717,7618.344421837901,8.460350542159463e-13,1.0,0.9999999741628465,0.9999999204745809,-0.00031154020277011506,4.406686562574938e-07,-0.00010158264368113071,1.693739612417794e-07,1.105752575844867e-06,-2.1705187246651987e-06,1.225915601492734e-05,-1.509945370428052e-06,5.9302159291704595e-06,-1.2214196927926259e-05,1.5087717124593402e-06,-5.917363736600085e-06
4360.0,807780.2328748412,-4240670.732757478,-5338580.639874678,7563.710710846947,546.9728530428273,730.1816748762893,487.44676372569705,7618.53426176399,8.481404666255678e-13,1.0,0.9999999741626423,0.9999999195724395,-0.0003106525739460792,5.964835226854042e-06,-0.0001124268605155449,1.85404210778186e-07,1.1052293799627541e-06,-2.1663314851250874e-06,1.220446192782802e-05,-1.7744106841967197e-06,6.316238724744808e-06,-1.2159616349051746e-05,1.771210151497023e-06,-6.299758619706527e-06
4370.0,883365.9224761932,-4234939.74109706,-5330949.003377173,7553.3230758592435,599.0244279824694,795.891034298814,487.2884959414955,7618.724453089553,8.502463217849864e-13,1.0,0.999999974162374,0.9999999185490785,-0.00030968486877951,1.1485171499738511e-05,-0.00012324754707204036,2.0138935270215583e-07,1.1042234387118959e-06,-2.1611159918472558e-06,1.214661862510623e-05,-2.038042161400376e-06,6.7003373243012256e-06,-1.2101910825444748e-05,2.0328175486978043e-06,-6.680277308925941e-06
4380.0,958843.0706012656,-4228688.566372082,-5322660.719069143,7542.006774000448,651.006629556886,861.5076735344991,487.13095949929954,7618.915361280402,8.523476384062699e-13,1.0,0.9999999741621053,0.999999917405796,-0.0003086373668475678,1.6999268771984877e-05,-0.00013403959573114155,2.1732139882112926e-07,1.1027363390573639e-06,-2.1548823461576426e-06,1.2085646864733089e-05,-2.3007263059023847e-06,7.082338513006246e-06,-1.2041099103923866e-05,2.2934835235641305e-06,-7.058728747719951e-06
4390.0,1034202.3965429943,-4221917.934916434,-5313716.755424688,7529.763037477154,702.9130967411096,927.0235393818609,486.974171937814,7619.106959788361,8.544441222483053e-13,1.0,0.9999999741618365,0.999999916144072,-0.00030751035383084645,2.250472538237714e-05,-0.00014479793583990555,2.3319240160759697e-07,1.1007694585172685e-06,-2.1476385372241426e-06,1.2021567586935694e-05,-2.56234969390851e-06,7.462068133594975e-06,-1.1977202151852692e-05,2.5530943991208427e-06,-7.434934519590899e-06
4400.0,1109434.6324893937,-4214628.636561401,-5304118.161304049,7516.593210846046,754.7374753745719,992.4305879567906,486.8181503972504,7619.2992214496935,8.565354821304912e-13,1.0,0.9999999741615675,0.9999999147656188,-0.00030630415514756914,2.7999146447685546e-05,-0.00015551753384190084,2.4899440872614923e-07,1.0983241410408087e-06,-2.139391448529437e-06,1.1954403327393367e-05,-2.822799180678563e-06,7.83935220275698e-06,-1.1910242503904208e-05,2.811537001313388e-06,-7.808717166614764e-06
4410.0,1184530.5246440533,-4206821.524577401,-5293866.065873559,7502.49875097353,806.4734189019665,1057.7207856341745,486.6629116411852,7619.49211851534,8.586214297204874e-13,1.0,0.9999999741612993,0.999999913272378,-0.0003050191359552489,3.34801438274756e-05,-0.00016619338831884447,2.6471947277745527e-07,1.0954017490454668e-06,-2.130147087066135e-06,1.188417820561721e-05,-3.081961968972112e-06,8.214016972563037e-06,-1.1840244252283621e-05,3.0686987152082753e-06,-8.179900278243396e-06
4420.0,1259480.8343472986,-4198497.515605238,-5282961.678512256,7487.481226978314,858.1145891153392,1122.8861099909677,486.50847207359874,7619.685622676037,8.607016793831378e-13,1.0,0.9999999741610318,0.999999911666517,-0.0003036557011048171,3.894533634013987e-05,-0.00017682052618716427,2.8035966032716366e-07,1.092003711608847e-06,-2.119910813843992e-06,1.1810917912294251e-05,-3.3397256843968984e-06,8.585889035020986e-06,-1.1767233036178937e-05,3.3244675408761913e-06,-8.548308579824113e-06
4430.0,1334276.3391973379,-4189657.589577638,-5271406.288706155,7471.542320158196,909.6546568970582,1187.9185507503005,486.3548477523262,7619.879705083677,8.627759480750294e-13,1.0,0.9999999741607659,0.9999999099504262,-0.0003022142950510898,4.439235020709842e-05,-0.00018739400002760887,2.959070601658806e-07,1.0881315674586163e-06,-2.1086875650506643e-06,1.1734649695805164e-05,-3.595978454726433e-06,8.95479545777492e-06,-1.1691236030429199e-05,3.57873214895479e-06,-8.913768020759278e-06
4440.0,1408907.834171097,-4180302.7896315865,-5259201.265930883,7454.683823902058,961.0873029635702,1252.8101107264831,486.20205439987126,7620.074336369908,8.648439552725655e-13,1.0,0.9999999741605012,0.999999908126714,-0.000300695401723513,4.981881969705338e-05,-0.00019790888648105306,3.1135379081405904e-07,1.0837870020304159e-06,-2.096482056372414e-06,1.1655402348057472e-05,-3.8506089908428e-06,9.320563940646868e-06,-1.1612281933404389e-05,3.831381935879687e-06,-9.276105862231071e-06
4450.0,1483366.1327441898,-4170434.222011936,-5246348.059523188,7436.907643587719,1012.4062186096419,1317.552806770542,486.05010741217154,7620.26948666265,8.669054229261751e-13,1.0,0.9999999741602388,0.9999999061982057,-0.00029909954436091576,5.522238793982443e-05,-0.00020836028561310412,3.266920073258705e-07,1.0789718783509558e-06,-2.083298965655721e-06,1.1573206189719706e-05,-4.103506667506481e-06,9.683022984429718e-06,-1.1530400954094919e-05,4.082307078763782e-06,-9.635150764423058e-06
4460.0,1557642.0680101914,-4160053.0559665128,-5232848.198541682,7418.2157964661255,1063.6051064532785,1382.1386707165336,485.89902186587545,7620.465125601135,8.689600754334371e-13,1.0,0.9999999741599787,0.9999999041679363,-0.00029742728531365184,6.060070787911261e-05,-0.00021874332113186172,3.419139074697368e-07,1.0736882618674586e-06,-2.0691430912869857e-06,1.1488093054898408e-05,-4.354561602638866e-06,1.0042002064989825e-05,-1.144562479841038e-05,4.331398589903473e-06,-9.99073287317002e-06
4470.0,1631726.4952978534,-4149160.5272487057,-5218703.296177204,7398.6104180333305,1114.677682062833,1446.5597514794104,485.7488185335938,7620.661229008969,8.710075576176048e-13,1.0,0.9999999741597219,0.9999999020391477,-0.00029567922634299635,6.595144356478739e-05,-0.00022905314180228224,3.570117392062874e-07,1.0679384422053308e-06,-2.0540194357877098e-06,1.1400096294161038e-05,-4.603664748786183e-06,1.0397331773084704e-05,-1.1357986672665708e-05,4.578548378949311e-06,-1.034268365934126e-05
4480.0,1705610.2918941828,-4137757.9339669044,-5203915.044509488,7378.093754701057,1165.6176737758194,1510.8081147904686,485.5995172618339,7620.857771556561,8.730475244238748e-13,1.0,0.99999997415947,0.9999998998152834,-0.0002938560077648082,7.12722710958074e-05,-0.00023928492219299317,3.719778018673461e-07,1.0617249395947227e-06,-2.0379333147059252e-06,1.1309250738802239e-05,-4.850707947170423e-06,1.074884395437907e-05,-1.1267521258280049e-05,4.82364927891479e-06,-1.069083626145356e-05
4490.0,1779284.3567225335,-4125846.6333783534,-5188485.210457336,7356.668158105271,1216.4188225985522,1574.875843043547,485.45113182809854,7621.05472106415,8.750797116108532e-13,1.0,0.9999999741592227,0.9999998974999806,-0.00029195830774237156,7.65608795614793e-05,-0.0002494338640407572,3.86804448399593e-07,1.0550505115159917e-06,-2.0208905060599946e-06,1.1215592669910014e-05,-5.095583981804954e-06,1.1096371914629885e-05,-1.1174264674864995e-05,5.066595102994398e-06,-1.1035025790065948e-05
4500.0,1852739.612777211,-4113428.0452607754,-5172415.640024381,7334.3360911982145,1267.074883845464,1638.7550374067002,485.3036757442411,7621.252044943176,8.771038569862061e-13,1.0,0.9999999741589808,0.9999998950970671,-0.00028998684251937506,8.181497245511519e-05,-0.0002594951993135087,4.014840923509491e-07,1.0479181637319348e-06,-2.002897329223727e-06,1.111915981935767e-05,-5.3381866622640304e-06,1.1439750614106129e-05,-1.1078254475955488e-05,5.307280714281726e-06,-1.1375089180798036e-05
4510.0,1925967.0082362066,-4100503.6517652064,-5155708.258106161,7311.100128063344,1317.579627885548,1702.4378187699976,485.15716225606485,7621.449710203775,8.791197004760532e-13,1.0,0.9999999741587439,0.9999998926105518,-0.000287942366102302,8.703226892672082e-05,-0.00026946419302405824,4.160092135231281e-07,1.0403311543978414e-06,-1.983960684782402e-06,1.1019991350320352e-05,-5.578410889412332e-06,1.177881681089678e-05,-1.0979529631461481e-05,5.545602077887759e-06,-1.1710865277269551e-05
4520.0,1998957.5175719487,-4087074.997261432,-5138365.068287793,7286.962953718185,1367.9268408889714,1765.9163286934595,485.0116043431377,7621.647683462674,8.811269841916752e-13,1.0,0.9999999741585123,0.9999998900446199,-0.0002858256699161783,9.221050504862162e-05,-0.00027933614620224756,4.303723630126245e-07,1.0322929952669358e-06,-1.964088078575912e-06,1.0918127837461148e-05,-5.816152717830407e-06,1.2113409193315558e-05,-1.0878130509359235e-05,5.781456312528657e-06,-1.2042194913102684e-05
4530.0,2071702.1426601147,-4073143.6881759814,-5120388.152632209,7261.927363904945,1418.1103255739174,1829.1827303551931,484.8670147188185,7621.845930951404,8.831254524935013e-13,1.0,0.9999999741582862,0.9999998874036247,-0.00028363758243636806,9.734743508114779e-05,-0.0002891063989535928,4.4456616778056414e-07,1.023807450621146e-06,-1.943287632727456e-06,1.0813611246725401e-05,-6.0513094151681716e-06,1.2443368501746408e-05,-1.0774098856632819e-05,6.01474174155188e-06,-1.2368920992936818e-05
4540.0,2144191.9138859743,-4058711.3928227555,-5101779.671459027,7235.996264868894,1468.1239019533066,1892.2292094992974,484.7234058304876,7622.044418524831,8.851148520523907e-13,1.0,0.9999999741580659,0.9999998846920793,-0.00028137896879848256,0.00010244083272843253,-0.00029877033354599417,4.585833348670495e-07,1.01487853448806e-06,-1.921568086296149e-06,1.0706484914687008e-05,-6.28377951870572e-06,1.2768537640592442e-05,-1.06674777794774e-05,6.2453579433685e-06,-1.269088857240454e-05
4550.0,2216417.891248667,-4043779.8412261563,-5082541.863113916,7209.172673124301,1517.9614080817134,1955.047975383923,484.5807898599114,7622.243111669974,8.870949319091247e-13,1.0,0.9999999741578511,0.9999998819146488,-0.0002790507303879228,0.0001074884923770541,-0.0003083233774788392,4.7241665534265345e-07,1.0055105066279669e-06,-1.898938787954602e-06,1.0596793527396143e-05,-6.513462889425725e-06,1.3088761781203514e-05,-1.0558311722774864e-05,6.473205801263829e-06,-1.3007944937026562e-05
4560.0,2288371.165462846,-4028350.824936828,-5062677.043728574,7181.459715207947,1567.6167008020996,2017.6312617290107,484.43917872379626,7622.441975515095,8.890654435312565e-13,1.0,0.9999999741576419,0.9999998790761415,-0.00027665380441019223,0.00011248823031239686,-0.0003177610065000096,4.860590080688637e-07,9.957078676956717e-07,-1.8754096828143136e-06,1.048458309868752e-05,-6.7402607638978555e-06,1.3403888456767763e-05,-1.0446646448854563e-05,6.698187552555653e-06,-1.331993967997473e-05
4570.0,2360042.859057821,-4012426.1968399268,-5042187.606971233,7152.86062742008,1617.0836564924855,2079.971327663866,484.2985840744637,7622.640974839053,8.910261408682076e-13,1.0,0.9999999741574385,0.9999998761815004,-0.0002741891634427822,0.00011743788590948343,-0.0003270787475462483,4.995033633219023e-07,9.854753539046773e-07,-1.8509912952173866e-06,1.0369900947916108e-05,-6.964075804261825e-06,1.3713767650193775e-05,-1.0332529015550652e-05,6.920206837072943e-06,-1.3626724778662454e-05
4580.0,2431424.1274740486,-3996007.8709559473,-5021076.02378771,7123.378755552703,1666.356171812466,2142.0604586744407,484.1590173006691,7622.840074080896,8.929767804042416e-13,1.0,0.9999999741572411,0.9999998732357935,-0.0002716578149692069,0.00012233532279646057,-0.0003362721815906373,5.12742786319758e-07,9.748179314497765e-07,-1.8256947090104618e-06,1.0252795677095157e-05,-7.1848121465680855e-06,1.4018251875990095e-05,-1.0216007753568898e-05,7.139168744927359e-06,-1.392815467011787e-05
4590.0,2502506.160156818,-3979097.8222340867,-4999344.8421329865,7093.017554605154,1715.4281644494943,2203.8909675502337,484.02048952853494,7623.03923734969,8.949171212096551e-13,1.0,0.9999999741570498,0.9999998702442046,-0.00026906080089559735,0.00012717842999003642,-0.00034533694638777464,5.257704406801596e-07,9.637407908798776e-07,-1.7995315465248423e-06,1.0133317147419703e-05,-7.402375447701887e-06,1.4317196257089927e-05,-1.0097132243175449e-05,7.35497986355073e-06,-1.422408632509864e-05
4600.0,2573279.6405614214,-3961697.1545749544,-4976995.5124631375,7061.778911606697,1764.293228986592,2265.4547496455216,483.8814191077063,7623.236662793072,8.968693037921659e-13,1.0,0.9999999741566326,0.9999998672119143,-0.00026639906828333207,0.0001319650290832979,-0.0003542685241780619,5.385806660587777e-07,9.52250790739056e-07,-1.7725240264913082e-06,1.0011510065568785e-05,-7.616670289808323e-06,1.4610461075977593e-05,-9.975939607371636e-06,7.567563176273532e-06,-1.4514457245645821e-05
4610.0,2643736.8947368674,-3943809.830998916,-4954033.0886848215,7029.669837265512,1812.9460395436176,2326.7450947970474,483.74500098636935,7623.435846088005,8.987883924780791e-13,1.0,0.999999974156453,0.9999998641444929,-0.00026367397277845986,0.00013669326772879452,-0.00036306320272348714,5.51166854506384e-07,9.40354288922606e-07,-1.7446829660303185e-06,9.887436460184611e-06,-7.827616505761094e-06,1.489792479129982e-05,-9.852508501150204e-06,7.776800046552646e-06,-1.479897476471095e-05
4620.0,2713868.6962778564,-3925437.072603449,-4930459.169247815,6996.692450639653,1861.3802140136215,2387.753929346574,483.6096530925101,7623.634984511608,9.006964837063557e-13,1.0,0.9999999741562794,0.9999998610473062,-0.0002608865299143687,0.00014136102265379735,-0.00037171656865433333,5.635206524068986e-07,9.280539597460948e-07,-1.71600742643557e-06,9.761147019136078e-06,-8.0351156671712e-06,1.5179427078482791e-05,-9.726879132634256e-06,7.982615343564859e-06,-1.5077580905735374e-05
4630.0,2783666.381520977,-3906581.095838222,-4906276.607271945,6962.850640451755,1909.5897616562704,2448.4736847621834,483.475385513667,7623.8340409556895,9.02593347407547e-13,1.0,0.999999974156112,0.9999998579259101,-0.00025803791734133134,0.00014596629073210574,-0.0003802244856386501,5.756358278263589e-07,9.153559780026529e-07,-1.6865119269421013e-06,9.632696309654008e-06,-8.239079933390067e-06,1.5454834228346794e-05,-9.599105833891173e-06,8.184922099323443e-06,-1.5350143488403617e-05
4640.0,2853121.326229417,-3887244.1769367238,-4881488.331402427,6928.148403015658,1957.5687164842616,2508.896824540642,483.3422080812743,7624.032978034419,9.044787563229448e-13,1.0,0.9999999741559502,0.9999998547859239,-0.0002551293436505661,0.00015050710020996278,-0.0003885828909878505,5.875062345381247e-07,9.022667193267227e-07,-1.656211394406068e-06,9.502140034001566e-06,-8.439423240467968e-06,1.5724015610999063e-05,-9.469244060250871e-06,8.38363506657966e-06,-1.5616533216675797e-05
4650.0,2922224.9466671813,-3867428.651664967,-4856097.345484815,6892.589841874045,2005.3111380066855,2569.0158451499947,483.21013037227,7624.231758095414,9.063524860441005e-13,1.0,0.9999999741557948,0.9999998516330224,-0.0002521620479338564,0.00015498151167931166,-0.00039678779756782256,5.991258169530266e-07,8.887927482971349e-07,-1.6251211147295794e-06,9.369535006070243e-06,-8.636061331657726e-06,1.5986843693197993e-05,-9.337350363208095e-06,8.578670760913948e-06,-1.5876623744489413e-05
4660.0,2990968.700669548,-3847136.9150627805,-4830106.728230537,6856.17916742283,2052.811111971596,2628.8232769710903,483.07916171080524,7624.43034323102,9.082143150504013e-13,1.0,0.9999999741556458,0.9999998484729229,-0.00024913729931584855,0.00015938761899808826,-0.0004048352954997434,6.104886160205962e-07,8.749408090564443e-07,-1.5932566969587522e-06,9.234939125620523e-06,-8.828911788912002e-06,1.62431940617991e-05,-9.203482362749354e-06,8.769947501917373e-06,-1.613029173993055e-05
4670.0,3059344.0835600193,-3826371.423101604,-4803519.635336024,6818.920699936303,2100.062747513987,2688.3116807037313,482.94931167113504,7624.628695754563,9.100640175995313e-13,1.0,0.9999999741555052,0.9999998453113785,-0.0002460563973628275,0.00016372354902008737,-0.0004127215513364123,6.215887666377083e-07,8.607178162889736e-07,-1.5606340418886672e-06,9.09841139747091e-06,-9.017894008009146e-06,1.6492945361279016e-05,-9.067698735632381e-06,8.957385431407116e-06,-1.637741690272123e-05
4680.0,3127342.64478689,-3805134.6866794364,-4776339.291790841,6780.818859003454,2147.0601887529456,2747.473662003966,482.82058855705986,7624.826776796324,9.119013854422264e-13,1.0,0.9999999741553709,0.9999998421541577,-0.0002429206688570335,0.00016798746593460427,-0.00042044281670312953,6.324205400192366e-07,8.461308621009915e-07,-1.5272693555752242e-06,8.960011752958286e-06,-9.202929414844656e-06,1.673597961783807e-05,-8.930059137430385e-06,9.140906619110161e-06,-1.6617882162396202e-05
4690.0,3194955.9732829924,-3783429.277030266,-4748568.998802147,6741.878173190945,2193.797604600381,2806.301858628308,482.69300094677044,7625.024547753242,9.137262059123272e-13,1.0,0.9999999741552422,0.9999998390070425,-0.0002397314698647715,0.00017217756857925727,-0.00042799542244969087,6.42978301748669e-07,8.311871893829416e-07,-1.4931790934758254e-06,8.819801180812296e-06,-9.383941302673843e-06,1.6972181972089354e-05,-8.790624222003518e-06,9.32043503436373e-06,-1.6851573598726373e-05
4700.0,3262175.7037947713,-3761257.8235528995,-4720212.131011114,6702.103276282161,2240.269193168197,2864.7889459993266,482.5665571733676,7625.221969813762,9.155382693634025e-13,1.0,0.9999999741551195,0.9999998358758159,-0.00023649018431445729,0.00017629209239692408,-0.0004353757823770886,6.532565397669198e-07,8.158942005115259e-07,-1.4583799776854487e-06,8.677841638352688e-06,-9.560854936129713e-06,1.7201440829746903e-05,-8.649455595553366e-06,9.495896605728816e-06,-1.7078380546388158e-05
4710.0,3328993.5179321924,-3738623.0135152736,-4691272.136111596,6661.498906834312,2286.4691825057225,2922.9276381401123,482.44126532702984,7625.419003969976,9.173373691966082e-13,1.0,0.9999999741550023,0.9999998327662502,-0.0002331982233710869,0.0001803293102261067,-0.0004425803945658552,6.632498697981178e-07,8.002594546089112e-07,-1.4228889954149066e-06,8.53419601949999e-06,-9.733597585927694e-06,1.742364790824752e-05,-8.506615786296924e-06,9.667219257315938e-06,-1.7298195651017342e-05
4720.0,3395401.14521433,-3715527.591751351,-4661752.534459396,6620.0699077217905,2332.391831335957,2980.7106886071347,482.3171332572866,7625.615611029913,9.19123301886273e-13,1.0,0.9999999741548908,0.9999998296840965,-0.00022985702478467445,0.00018428753307862033,-0.00044960584270282517,6.729530403376674e-07,7.84290665181981e-07,-1.3867233996961784e-06,8.388928122733917e-06,-9.902098563011195e-06,1.763869828522665e-05,-8.36216821365734e-06,9.834332944080137e-06,-1.7510914923547826e-05
4730.0,3461390.364110159,-3691974.36035071,-4631656.918672277,6577.8212256658535,2378.0314297903133,3038.1308914210927,482.194168575353,7625.811751629981,9.208958670038147e-13,1.0,0.9999999741547849,0.9999998266350741,-0.0002264680522148585,0.00018816511090597222,-0.0004564487974147425,6.823609372054106e-07,7.679956979423858e-07,-1.3499007112808995e-06,8.242102618619897e-06,-1.0066289252400677e-05,1.7846490448504795e-05,-8.216177156988124e-06,9.997169686066004e-06,-1.7716437792807263e-05
4740.0,3526953.0030746856,-3667966.1783407573,-4600988.953220631,6534.75791075046,2423.382300141954,3095.1810819958555,482.0723786565661,7626.007386247541,9.226548672393797e-13,1.0,0.9999999741546846,0.9999998236248598,-0.00022303279453379478,0.00019196043335493557,-0.0004631060176125571,6.914685876845668e-07,7.513825686482412e-07,-1.312438720904278e-06,8.093785016963201e-06,-1.0226103146556131e-05,1.8046926346852392e-05,-8.068707723847875e-06,1.0155663601584148e-05,-1.791466715634015e-05
4750.0,3592080.94158001,-3643505.9613616685,-4569752.374008929,6490.885115924347,2468.4387975374157,3151.8541380651286,481.95177064288407,7626.202475213628,9.244001084217324e-13,1.0,0.9999999741545892,0.999999820659077,-0.0002195527651093427,0.0001956719305120996,-0.0004695743518465469,7.00271164278584e-07,7.344594408481935e-07,-1.274355491278569e-06,7.944041633633014e-06,-1.038147587808112e-05,1.823991144087067e-05,-7.919825817842962e-06,1.0309750939301157e-05,-1.810550942943221e-05
4760.0,3656766.1111415406,-3618596.6813339447,-4537950.987947836,6446.208096489067,2513.1953107266686,3208.142980607033,481.832351445457,7626.396978725793,9.261313995362237e-13,1.0,0.9999999741544988,0.9999998177432856,-0.00021602950107034306,0.00019929807363670244,-0.00047585073966972135,7.0876398812444e-07,7.17234623441713e-07,-1.2356693583502116e-06,7.792939557081824e-06,-1.0532345251618156e-05,1.8425354753404987e-05,-7.769598106055053e-06,1.0459370109226306e-05,-1.8288874592310285e-05
4770.0,3721000.4963388345,-3593241.3661187566,-4505588.672517161,6400.732209573169,2557.6462627912415,3264.0405747661084,481.71412774729265,7626.590856861072,9.278485527404903e-13,1.0,0.9999999741544134,0.999999814882972,-0.0002124645625556251,0.00020283737588065644,-0.00048193221300494026,7.169425321019154e-07,6.997165679995248e-07,-1.1963989315031667e-06,7.64054661457899e-06,-1.0678651274807542e-05,1.86031689189921e-05,-7.618091986072777e-06,1.0604461712576741e-05,-1.846467623549013e-05
4780.0,3784776.1358312466,-3567443.099170946,-4472669.375319555,6354.462913592279,2601.786111870537,3319.5399307729076,481.5971060059704,7626.784069589087,9.29551383378525e-13,1.0,0.9999999741543328,0.999999812083538,-0.00020885953194814958,0.0002062883929944977,-0.0004878158975099761,7.2480242367695e-07,6.819138658109596e-07,-1.1565630925122925e-06,7.4869313381683285e-06,-1.0820336188203078e-05,1.8773270231927338e-05,-7.4653755526441024e-06,1.0744968570506765e-05,-1.8632831603251397e-05
4790.0,3848085.123367978,-3541205.019184845,-4439197.11362507,6307.405767695179,2645.6093518860116,3374.6341048607737,481.48129245644157,7626.976576785234,9.31239709992535e-13,1.0,0.999999974154257,0.9999998093502914,-0.00020521601309554357,0.00020964972401784062,-0.0004934990139339771,7.323394475140953e-07,6.638352446451961e-07,-1.1161809931533123e-06,7.332162930358594e-06,-1.0957344494059152e-05,1.8935578692615245e-05,-7.311517563969251e-06,1.088083575168413e-05,-1.879326163521404e-05
4800.0,3910919.6087926365,-3514530.3197327997,-4405175.973906507,6259.566431195702,2689.11051326331,3429.3162001799124,481.3666931138849,7627.168338244001,9.329133543330251e-13,1.0,0.9999999741541857,0.9999998066884354,-0.000201535630518086,0.00021292001195292234,-0.0004989788794585704,7.395495478891044e-07,6.454895652270082e-07,-1.075272051452509e-06,7.176311229551713e-06,-1.1089622983921425e-05,1.9090018051942965e-05,-7.156587407651433e-06,1.1012010598699929e-05,-1.8945891005996742e-05
4810.0,3973271.7990419385,-3487422.248896534,-4370610.111365711,6210.950662990536,2732.284163652063,3483.579367708375,481.2533137766346,7627.359313692382,9.345721413668231e-13,1.0,0.9999999741541187,0.9999998041030591,-0.00019782002860509128,0.00021609794441982398,-0.0005042529090168745,7.464288309274005e-07,6.268858174389324e-07,-1.0338559466198333e-06,7.019446675215718e-06,-1.1217120764969425e-05,1.9236515853478257e-05,-7.000655066325263e-06,1.1138442753296974e-05,-1.909064816293533e-05
4820.0,4035133.95913859,-3459884.108891298,-4335503.7494507115,6161.564320962753,2775.124908643371,3537.416807159994,481.14116002917194,7627.549462803377,9.362158992831643e-13,1.0,0.9999999741540556,0.9999998015991279,-0.0001940708708004913,0.00021918225429205947,-0.0005093186165840553,7.529735666905937e-07,6.080331162689195e-07,-9.919526127514758e-07,6.861640272807826e-06,-1.1339789285073693e-05,1.93750034733526e-05,-6.843791082980996e-06,1.126008418040388e-05,-1.9227465361842808e-05
4830.0,4096498.4131780933,-3431919.255682868,-4299861.179363818,6111.413361371136,2817.6273924847565,3590.821767889001,481.0302372451657,7627.738745209591,9.378444594980195e-13,1.0,0.9999999741539966,0.9999997991814749,-0.000190289838778339,0.00022217172031131164,-0.0005141736164335426,7.591801911281268e-07,5.889406975268474e-07,-9.495822314146183e-07,6.702963558456334e-06,-1.1457582356540172e-05,1.9505416157735897e-05,-6.686066526003794e-06,1.1376889190962364e-05,-1.9356278700793593e-05
4840.0,4157357.5453093927,-3403531.098597393,-4263686.759560709,6060.503838225206,2859.7862987925273,3643.787549791226,480.9205505905924,7627.927120516914,9.394576566562099e-13,1.0,0.9999999741539417,0.9999997968547905,-0.00018647863160886768,0.00022506516768022993,-0.0005188156243536414,7.650453079077654e-07,5.696179133561538e-07,-9.067652232450479e-07,6.543488563409643e-06,-1.1570456178525382e-05,1.9627693057848795e-05,-6.527552953947576e-06,1.1488814463535137e-05,-1.947702815191335e-05
4850.0,4217703.800709172,-3374723.099924163,-4226984.91524049,6008.841902645967,2901.596351261371,3696.3075042016826,480.8121050268775,7628.114548318279,9.41055328632142e-13,1.0,0.9999999741538901,0.9999997946236138,-0.00018263896491568644,0.0002278614686323294,-0.0005232424588199404,7.705656901352926e-07,5.500742275666784e-07,-8.635222386922255e-07,6.383287778263792e-06,-1.1678369358110858e-05,1.9741777262489383e-05,-6.368322380061809e-06,1.1595819064684766e-05,-1.9589657591162643e-05
4860.0,4277529.686549744,-3345498.7745112535,-4189760.1378268176,5956.433802212237,2943.052314371137,3748.375034788459,480.7049053141354,7628.30098820748,9.426373165280103e-13,1.0,0.999999974153842,0.9999997924923251,-0.0001787725700246406,0.00023055954297816785,-0.0005274520421195995,7.757382819708793e-07,5.303192108145283e-07,-8.19874148047303e-07,6.222434116980262e-06,-1.1781282930032783e-05,1.9847615828073738e-05,-6.2084472365917715e-06,1.1697864468110976e-05,-1.969411482609507e-05
4870.0,4336827.772960223,-3315861.6893541715,-4152016.9844401204,5903.285880292718,2984.148994090546,3799.9835984425963,480.5989560144218,7628.486399793062,9.442034646707278e-13,1.0,0.9999999741537968,0.9999997904651363,-0.00017488119310484984,0.00023315835862709042,-0.0005314424014242473,7.805602001473374e-07,5.103625356530841e-07,-7.758420308820808e-07,6.061000880708342e-06,-1.187916037506486e-05,1.9945159806208525e-05,-6.048000338870584e-06,1.1794914572539027e-05,-1.9790351621582296e-05
4880.0,4395590.693981072,-3285815.463177423,-4113760.0773609006,5849.404575363576,3024.881238577873,3851.126706164008,480.49426149505376,7628.670742712284,9.457536206067532e-13,1.0,0.9999999741537547,0.999999788546084,-0.00017096659430239022,0.00023565693208396158,-0.0005352116698088558,7.850287353938543e-07,4.90213971476677e-07,-7.31447165016794e-07,5.899061721426626e-06,-1.1971967637055366e-05,2.003436426882252e-05,-5.887054849222909e-06,1.1886935718348982e-05,-1.9878323723490917e-05
4890.0,4453811.148511656,-3255363.7660091314,-4074994.103484233,5794.796420311676,3065.2439388783164,3901.797923943075,480.39082593197094,7628.8539766451,9.472876350951975e-13,1.0,0.9999999741537151,0.9999997867390209,-0.00016703054686709884,0.00023805432892039295,-0.0005387580872144987,7.891413537673257e-07,4.698833793769295e-07,-6.867110151232288e-07,5.736690605419851e-06,-1.205967313862249e-05,2.0115188330895424e-05,-5.725684240699898e-06,1.1973896702938158e-05,-1.995799088030194e-05
4900.0,4511481.901250803,-3224510.318748682,-4035723.8137654513,5739.468041723358,3105.232029618017,3951.9908736378725,480.28865331314506,7629.036061328221,9.488053620990955e-13,1.0,0.9999999741536779,0.9999997850476096,-0.00016307483627295378,0.0002403496642200741,-0.0005420800013534062,7.928956978921078e-07,4.4938070692765067e-07,-6.416552210540551e-07,5.573961776608534e-06,-1.214224779550977e-05,2.0187595170820222e-05,-5.56396226066474e-06,1.205576879480934e-05,-2.002931686266325e-05
4910.0,4568595.7836301895,-3193258.892727436,-3995954.02265708,5683.426159158774,3144.8404896945635,4001.699233846818,480.1877474420238,7629.216956569187,9.503066587750398e-13,1.0,0.9999999741536427,0.9999997834753146,-0.00015910125933248488,0.00024254210299788764,-0.0005451758685551555,7.96289588108936e-07,4.287159829133051e-07,-5.963015859778381e-07,5.410949719748502e-06,-1.2219665029606963e-05,2.025155204844293e-05,-5.401962894248184e-06,1.2132525746378544e-05,-2.0092269480867922e-05
4920.0,4625145.694740324,-3161613.3092625914,-3955689.607537108,5626.67758441185,3184.0643429638044,4050.9167407765167,480.08811194101816,7629.396622260488,9.51791385461049e-13,1.0,0.9999999741536094,0.9999997820253967,-0.00015511162330567851,0.00024463086059255254,-0.0005480442545531804,7.993210235323495e-07,4.0789931201214485e-07,-5.506720643830776e-07,5.2477291235197365e-06,-1.2291900780639215e-05,2.0307030320814697e-05,-5.239760327693967e-06,1.2204143805496013e-05,-2.0146820600250528e-05
4930.0,4681124.602249172,-3129577.43920414,-3914935.508128529,5569.229220755689,3222.898658922949,4099.637189104775,479.9897502550278,7629.575018393702,9.53259405662717e-13,1.0,0.9999999741535779,0.9999997807009066,-0.0001511077450038174,0.0002466152030326014,-0.0005506838352110996,8.019881830167046e-07,3.8694086944430226e-07,-5.047887500051008e-07,5.084374843521829e-06,-1.2358933516528795e-05,2.0354005455696918e-05,-5.077428911613197e-06,1.2270601725675738e-05,-2.0192946154496503e-05
4940.0,4736525.5433130525,-3097155.202475068,-3873696.725910351,5511.088062173638,3261.338553389675,4147.854432838429,479.8926656549955,7629.752105073666,9.547105860378133e-13,1.0,0.9999999741535478,0.9999997795046783,-0.0001470914498887339,0.00024849444737552783,-0.0005530933971885621,8.042894260294938e-07,3.658508955919308e-07,-4.5867386371504573e-07,4.920961865197296e-06,-1.242074424243115e-05,2.039245704284762e-05,-4.915043124167546e-06,1.2331880775029112e-05,-2.0230626156860324e-05
4950.0,4791341.625479813,-3064350.5676047713,-3831978.3235200453,5452.2611925759065,3299.3791891771734,4195.562386165905,479.79686124149805,7629.927842532642,9.561447963791877e-13,1.0,0.9999999741535188,0.9999997784393252,-0.00014306457116793005,0.00025026796201998487,-0.0005552718385465201,8.062232934317388e-07,3.44639690598187e-07,-4.1234974140310507e-07,4.75756526670048e-06,-1.2477316508448915e-05,2.0422368803121453e-05,-4.752677534200667e-06,1.2387964743899061e-05,-2.025984470928881e-05
4960.0,4845566.027584136,-3031167.551255708,-3789785.424147437,5392.755785001679,3337.01577676505,4242.7550243043825,479.7023399483627,7630.102191144494,9.57561909596163e-13,1.0,0.9999999741534908,0.9999997775072339,-0.00013902894888602823,0.00025193516699094403,-0.0005572181692919504,8.07788508164611e-07,3.233176089496626e-07,-3.658388218784413e-07,4.59426018173198e-06,-1.2528636416025656e-05,2.0443728595407077e-05,-4.5904067643369045e-06,1.2438839951192083e-05,-2.02805900094481e-05
4970.0,4899192.000634755,-2997610.2177433977,-3747123.210920214,5332.579100806895,3374.243574965816,4289.426384341269,479.60910454631875,7630.275111438878,9.58961801694266e-13,1.0,0.9999999741534635,0.9999997767105605,-0.00013498642901303167,0.0002534955341977353,-0.0005589315118621533,8.089839758414463e-07,3.01895054045989e-07,-3.191636348008972e-07,4.431121762358727e-06,-1.2574692623020276e-05,2.0456528421421652e-05,-4.42830545406738e-06,1.2484495249405604e-05,-2.02928543556527e-05
4980.0,4952212.868693427,-2963682.6785497987,-3703996.926281059,5271.738488837672,3411.057891586881,4335.5705660698195,479.51715764665323,7630.4465641154065,9.60344351753768e-13,1.0,0.9999999741534366,0.9999997760512264,-0.00013093886252986734,0.00025494858766491533,-0.0005604111015488125,8.098087852449048e-07,2.8038247276015124e-07,-2.7234678865573407e-07,4.268225141838956e-06,-1.2615476347465406e-05,2.046076442838309e-05,-4.266448222841921e-06,1.2524922028350526e-05,-2.02966341496989e-05
4990.0,5004622.029745699,-2929389.0918300156,-3660411.871356379,5210.241384589233,3447.454084087975,4381.181732818852,479.42650170491356,7630.616510057806,9.617094419063875e-13,1.0,0.9999999741534098,0.9999997755309146,-0.0001268881045116761,0.0002562939037359272,-0.0005616562868620513,8.102622087285015e-07,2.5879034999139637e-07,-2.2541095877577412e-07,4.105645397471359e-06,-1.2650981370008607e-05,2.045643690956986e-05,-4.104909633186842e-06,1.2560114217566596e-05,-2.0291929897600944e-05
5000.0,5056412.95656306,-2894733.661912534,-3616373.405316852,5148.095309350645,3483.427560233714,4426.254112276181,479.3371390246116,7630.784910348065,9.630569573108571e-13,1.0,0.9999999741533828,0.9999997751510663,-0.0001228360132093453,0.00025753111124951126,-0.0005626665298347242,8.103437025224058e-07,2.371292032133334e-07,-1.7837887541484408e-07,3.9434575134887015e-06,-1.268120403504007e-05,2.0443550302785044e-05,-3.943764153867326e-06,1.2590068287432436e-05,-2.027874620823571e-05
5010.0,5107579.197556557,-2859720.6387928985,-3571886.944729711,5085.307869335149,3518.9737787412882,4470.781997305745,479.24907176095155,7630.951726280536,9.643867861270103e-13,1.0,0.9999999741533556,0.9999997749128791,-0.00011878444912974771,0.00025865989168885844,-0.0005634414062672095,8.100529069432543e-07,2.1540957701904413e-07,-1.3127331187284633e-07,3.781736344014509e-06,-1.2706143250507564e-05,2.042211318673041e-05,-3.7830861231134986e-06,1.261478324897016e-05,-2.0257091789897812e-05
5020.0,5158114.377621543,-2824354.317621005,-3526957.962902964,5021.886754796355,3554.088249923015,4514.759746758077,479.16230192456396,7631.116919376021,9.656988194886789e-13,1.0,0.9999999741533276,0.9999997748173034,-0.00011473527411518214,0.0002596799793034849,-0.0005639806059129524,8.09389646507916e-07,1.9364203766486224e-07,-8.411707267138531e-08,3.620556576102691e-06,-1.2725800486420053e-05,2.039213827530217e-05,-3.6229497119293553e-06,1.2634260652346779e-05,-2.022697944477144e-05
5030.0,5208012.1989736855,-2788639.038181875,-3481591.989221413,4957.839739130013,3588.7665363237625,4558.181786274183,479.0768313852642,7631.280451395802,9.669929514751122e-13,1.0,0.9999999741532989,0.9999997748650421,-0.00011069035042247348,0.00026059116120383615,-0.000564283932605016,8.083539299511617e-07,1.718371676145838e-07,-3.693298177866856e-08,3.4599926928788594e-06,-1.2740179772042996e-05,2.0353642409813486e-05,-3.463428887503129e-06,1.2648504584073978e-05,-2.018842606132312e-05
5040.0,5257266.441975704,-2752579.18437025,-3435794.608474847,4893.174677961911,3623.004253352865,4601.0426090822775,478.99266187581327,7631.442284355641,9.682690790812796e-13,1.0,0.9999999741532694,0.9999997750565488,-0.00010665153980224375,0.00026139327742861676,-0.0005643513043238714,8.069459501473372e-07,1.5000556008604343e-07,1.0256129117940498e-08,3.300118936802948e-06,-1.2749287691787622e-05,2.0306646549152495e-05,-3.304597376738519e-06,1.2657521662909953e-05,-2.0141452604624578e-05
5050.0,5305870.9659551,-2716179.1836587368,-3389571.460178133,4827.8995082213905,3656.7970699106427,4643.3367767875725,478.9097949956758,7631.602380539713,9.69527102187141e-13,1.0,0.9999999741532382,0.9999997753920259,-0.0001026207025787996,0.00026208622098487176,-0.0005641827532066745,8.051660839365433e-07,1.2815781360186716e-07,5.7427432293000794e-08,3.1410092730713165e-06,-1.275313337979811e-05,2.0251175757884148e-05,-3.1465286299239764e-06,1.2661321034467486e-05,-2.008608410461359e-05
5060.0,5353819.710012439,-2679443.5065598176,-3342928.237883566,4762.022247200991,3690.140709009159,4685.0589201546345,478.8282322148001,7631.76070251448,9.707669235255105e-13,1.0,0.999999974153205,0.9999997758714255,-9.859969673113841e-05,0.00026266993786083884,-0.000563778425498249,8.03014891855422e-07,1.0630452654649372e-07,1.0455811561890995e-07,2.9827373531773434e-06,-1.2751728513239513e-05,2.0187259192294135e-05,-2.9892957845603367e-06,1.2659914364531299e-05,-2.002234964230072e-05
5070.0,5401106.693820226,-2642376.666081626,-3295870.688485355,4695.550991602011,3723.030948387202,4726.203739882293,478.7479748773845,7631.917213142508,9.719884486490847e-13,1.0,0.9999999741531704,0.9999997764944504,-9.459037697553419e-05,0.0002631444270116109,-0.0005631385814440036,8.004931177728652e-07,8.44562917314444e-08,1.5162539415643013e-07,2.8253764786493267e-06,-1.2745087304292048e-05,2.0114930084393574e-05,-2.832971629363515e-06,1.2653315831091519e-05,-1.9950282333934525e-05
5080.0,5447726.018412083,-2604983.2171776644,-3248404.61151649,4628.493916566292,3755.4636211192337,4766.766007370774,478.6690242056483,7632.071875596211,9.731915858963578e-13,1.0,0.9999999741531338,0.9999997772605522,-9.059459385018824e-05,0.0002635097403176559,-0.000562263595125017,7.976016884314937e-07,6.26236909714192e-08,1.9860652169963056e-07,2.6689995649836334e-06,-1.2733226490857548e-05,2.003422572389886e-05,-2.6776285684615168e-06,1.2641542115098126e-05,-1.986991931313553e-05
5090.0,5493671.866962292,-2567267.7561903726,-3200535.858437844,4560.859274693954,3787.434616218295,4806.740565481051,478.5913813035926,7632.2246533714915,9.74376246356675e-13,1.0,0.9999999741530947,0.9999997781689344,-8.661419280239813e-05,0.0002637659825162535,-0.0005611539542355088,7.94341712895055e-07,4.0817289673209614e-08,2.454788022738599e-07,2.513679105791202e-06,-1.2716165325982474e-05,1.994518743816948e-05,-2.5233385858027214e-06,1.2624612389943573e-05,-1.978130171101211e-05
5100.0,5538938.505555317,-2529234.9202888035,-3152270.3319198783,4492.655395047647,3818.939879232532,4846.1223292859895,478.51504716076704,7632.375510301336,9.755423438341737e-13,1.0,0.9999999741530532,0.9999997792185529,-8.265101327873567e-05,0.0002639133111059178,-0.0005598102598029524,7.907144819026979e-07,1.9047631440410603e-08,2.9221960158415134e-07,2.3594871371760544e-06,-1.2693925566005322e-05,1.9847860570145555e-05,-2.3701732097946527e-06,1.2602548309679936e-05,-1.9684474634270976e-05
5110.0,5583520.283945435,-2490889.3869002615,-3103613.985116718,4423.890682142862,3849.9754128353907,4884.906286813331,478.44002265602444,7632.5244105692755,9.766897948109383e-13,1.0,0.999999974153009,0.9999997804081187,-7.870688781867279e-05,0.00026395193622389497,-0.0005582332258510708,7.867214671305661e-07,-2.67476730383063e-09,3.388063584118328e-07,2.206495202362336e-06,-1.2666531457435803e-05,1.9742294454276783e-05,-2.2182034781894376e-06,1.2575373995979216e-05,-1.9579487141337655e-05
5120.0,5627411.636306073,-2452235.8731361637,-3054572.8209329876,4354.573614924924,3880.53727740914,4923.087499780101,478.3663085612515,7632.671318722781,9.778185184095309e-13,1.0,0.9999999741529616,0.9999997817360996,-7.478364115214188e-05,0.0002638821204968284,-0.0005564236790059929,7.823643203613911e-07,-2.4339422673282537e-08,3.852165959553483e-07,2.0547743165893425e-06,-1.2634009722576102e-05,1.9628542390468218e-05,-2.0674999032340414e-06,1.2543116023845967e-05,-1.946639221650358e-05
5130.0,5670607.081968912,-2413279.1352120503,-3005152.891283259,4284.712745732373,3910.6215916217056,4960.661104318428,478.29390554509405,7632.8161996865265,9.789284363546554e-13,1.0,0.9999999741529114,0.9999997832007248,-7.088308930146847e-05,0.0002637041788647054,-0.0005543825580458543,7.77644872563363e-07,-4.593588865115122e-08,4.3142793311092517e-07,1.9043949322895366e-06,-1.2596389543888172e-05,1.9506661616049208e-05,-1.9181324371024073e-06,1.2505803406090387e-05,-1.9345246742114752e-05
5140.0,5713101.226152567,-2374023.9678618647,-2955360.296344296,4214.316699246994,3940.2245329966254,4997.622311692491,478.222814176674,7632.95901877556,9.800194729340112e-13,1.0,0.9999999741528577,0.9999997847999855,-6.700703868813599e-05,0.00026341847837821146,-0.0005521109133941544,7.725651328783611e-07,-6.74537623964952e-08,4.774180956887446e-07,1.7554269045688008e-06,-1.255370254712256e-05,1.9376713275787178e-05,-1.7701704376267405e-06,1.2463467576571773e-05,-1.9216111468819676e-05
5150.0,5754888.760680676,-2334475.203746573,-2905201.1838001916,4143.39417143063,3969.342338475943,5033.966409006428,478.15303492926995,7633.099741708349,9.81091554958785e-13,1.0,0.9999999741528002,0.9999997865316412,-6.315728524483393e-05,0.0002630254379696279,-0.0005496099065572104,7.671272875210667e-07,-8.888268952134806e-08,5.231649275597582e-07,1.6079394570044744e-06,-1.2505982783215346e-05,1.923876238995996e-05,-1.62368263434403e-06,1.2416142372224227e-05,-1.907905098389701e-05
5160.0,5795964.464689279,-2294637.7128572157,-2854681.7480804813,4071.9539284488656,3997.9713049759175,5069.688759902986,478.0845681839883,7633.238334619696,9.821446117233862e-13,1.0,0.9999999741527391,0.9999997883932232,-5.933561353323274e-05,0.00026252552819742894,-0.000546880809506062,7.613336985893996e-07,-1.1021236933571067e-07,5.686464017271839e-07,1.4620011477785713e-06,-1.2453266708966956e-05,1.909287782050906e-05,-1.4787370948752078e-06,1.2363864013874283e-05,-1.8934133677680272e-05
5170.0,5836323.205323371,-2254516.401912426,-2803808.229591324,4000.004805581691,4026.107789935394,5104.78480525277,478.0174142334079,7633.374764073531,9.831785749647195e-13,1.0,0.999999974152674,0.9999997903820386,-5.5543795867923295e-05,0.0002619192709647453,-0.0005439250040032226,7.551869027877506e-07,-1.3143256005760502e-07,6.138406313175679e-07,1.3176798361622956e-06,-1.239559316651236e-05,1.8939132235289656e-05,-1.3354011916527678e-06,1.2306671085862972e-05,-1.878143170810125e-05
5180.0,5875959.938422556,-2214116.213750446,-2752586.9139397577,3927.555706121193,4053.748211856722,5139.250063833915,477.951573285195,7633.508997075566,9.841933788210423e-13,1.0,0.9999999741526049,0.9999997924951762,-5.1783591446951e-05,0.0002612072392118738,-0.0005407439808746858,7.486896100634399e-07,-1.5253308398572587e-07,6.587258804856077e-07,1.1750426493678617e-06,-1.2333003361596e-05,1.8777602070441123e-05,-1.1937415690127485e-06,1.2244604514484614e-05,-1.862102096337295e-05
5190.0,5914869.709195515,-2173442.126715886,-2701024.1311513428,3854.615600256661,4080.8890508389713,5173.080133001882,477.8870454656938,7633.641001085799,9.851889597903736e-13,1.0,0.9999999741525316,0.999999794729512,-4.805674548938946e-05,0.00026039005658303073,-0.0005373393392276467,7.418447021579479e-07,-1.7350383263119502e-07,7.032805752269003e-07,1.0341559497841083e-06,-1.2265540840666452e-05,1.8608367490899296e-05,-1.0538241106676917e-06,1.2177707545255277e-05,-1.8452981022834696e-05
5200.0,5953047.6528833425,-2132499.1540410775,-2649126.2548810365,3781.193523946912,4107.526849103431,5206.270689349337,477.823830823482,7633.770744030871,9.86165256688616e-13,1.0,0.9999999741524539,0.9999997970817143,-4.43649883803594e-05,0.00025946839706755636,-0.0005337127856143926,7.346552310734517e-07,-1.9433477180672584e-07,7.47483314093177e-07,8.950853026113947e-07,-1.2193251466800508e-05,1.8431512349072673e-05,-9.157139075752173e-07,1.2106025719024465e-05,-1.827739511598196e-05
5210.0,5990488.995411464,-2091292.343222315,-2596899.701617623,3707.2985777803096,4133.658211511119,5238.817489355804,477.76192933288775,7633.898194316287,9.871222106074911e-13,1.0,0.9999999741523717,0.9999997995482508,-4.071003482392808e-05,0.0002584429846157954,-0.0005298661331428906,7.271244174566962e-07,-2.150159466690784e-07,7.913128788032037e-07,7.578954439105137e-07,-1.2116183394475989e-05,1.82471241417096e-05,-7.794752262181114e-07,1.2029606846944673e-05,-1.809435007970591e-05
5220.0,6027189.05403016,-2049826.775390886,-2544350.92988163,3632.93992582234,4159.2798060722425,5270.716370027003,477.7013408974782,7634.02332083843,9.880597648721312e-13,1.0,0.999999974152285,0.9999998021253952,-3.7093583004289124e-05,0.000257314592729888,-0.0005258013005345837,7.192556489000278e-07,-2.3553748671375873e-07,8.347482447454361e-07,6.226502490820953e-07,-1.2034387043203455e-05,1.8055293964977163e-05,-6.451714773109021e-07,1.1948500984312515e-05,-1.7903936313765634e-05
5230.0,6063143.237943504,-2008107.5646790438,-2491486.4394168765,3558.126794451017,4184.388364447469,5301.963249523656,477.64206535350905,7634.146092996458,9.889778649985296e-13,1.0,0.999999974152193,0.9999998048092329,-3.351731375563487e-05,0.000256084044029719,-0.0005215203111299608,7.110524781621737e-07,-2.558896107179997e-07,8.777685913653943e-07,4.894127017898818e-07,-1.1947915070035592e-05,1.785611646778144e-05,-5.128651849476295e-07,1.186276040329719e-05,-1.7706247734519676e-05
5240.0,6098347.048926497,-1966139.8575811093,-2438312.7703759274,3482.868471180461,4208.980682440739,5332.554127779506,477.5841024733139,7634.26648070399,9.898764586511995e-13,1.0,0.9999999741520962,0.9999998075956708,-2.9982889741132264e-05,0.00025475220979429426,-0.000517025291842502,7.025186213088788e-07,-2.760626316301344e-07,9.203533124326875e-07,3.582448633438519e-07,-1.1856822340968974e-05,1.7649689803355193e-05,-3.826179562050552e-07,1.1772439564573508e-05,-1.750138172694478e-05
5250.0,6132796.081930486,-1923928.8323095825,-2384836.5024992824,3407.174303472466,4233.053620483661,5362.4850871085055,477.5274519686811,7634.3844544006315,9.907554956003177e-13,1.0,0.9999999741519943,0.9999998104804428,-2.6491954641379596e-05,0.0002533200094788116,-0.0005123184720615922,6.936579557753442e-07,-2.9604696140292875e-07,9.624820261831386e-07,2.292078425564342e-07,-1.1761165901255058e-05,1.743611557913843e-05,-2.5449045121652427e-07,1.1677595087872375e-05,-1.7289439094964622e-05
5260.0,6166486.025676581,-1881479.6981464976,-2331064.254288608,3331.053697536483,4256.604104111206,5391.752292800902,477.4721134941531,7634.499985063306,9.916149276793863e-13,1.0,0.9999999741518876,0.9999998134591193,-2.3046132352745967e-05,0.00025178841020771737,-0.0005074021825050559,6.844745183513803e-07,-3.158331157679743e-07,1.0041345853299503e-06,1.0236176608656053e-07,-1.1661004944636987e-05,1.7215498804983056e-05,-1.285423537288943e-07,1.1578285721469623e-05,-1.707052401012141e-05
5270.0,6199412.663237015,-1838797.6947900816,-2277002.682174087,3254.5161171181526,4279.629124428617,5420.3519937080555,477.418086650297,7634.613044217393,9.92454708742698e-13,1.0,0.9999999741517753,0.9999998165271133,-1.9647026195973417e-05,0.00025015842624404874,-0.0005022788540219786,6.749725030906178e-07,-3.354117189492023e-07,1.0452910869393312e-06,-2.22342507150916e-08,-1.155640078153095e-05,1.6987947839709587e-05,-4.832342157689436e-09,1.1474572310627512e-05,-1.6844743958615236e-05
5280.0,6231571.872604329,-1795888.0916967622,-2222658.479675933,3177.571082276501,4302.12573856941,5448.280522815855,477.3653709868984,7634.723603947679,9.932747946233408e-13,1.0,0.9999999741516579,0.999999819679692,-1.629621813541384e-05,0.0002484311184353704,-0.0004969510163464983,6.651562591455135e-07,-3.5477350831282797e-07,1.0859318821659855e-06,-1.4452213244628554e-07,-1.1447416806168793e-05,1.6753574336045574e-05,1.16581938847715e-07,1.1366517765009248e-05,-1.661220968674332e-05
5290.0,6262959.627248262,-1752756.1874186874,-2168038.376560303,3100.228168150111,4324.091070144267,5475.534297806486,477.3139660061328,7634.831636909092,9.940751430909533e-13,1.0,0.9999999741515353,0.9999998229119834,-1.2995268009275034e-05,0.00024660759363663375,-0.000491421296803292,6.550302885289577e-07,-3.739093389514871e-07,1.1260375858432562e-06,-2.6444487176544413e-07,-1.1334118462721846e-05,1.6512493183976775e-05,2.3564390631370598e-07,1.1254187025081751e-05,-1.6373035144765665e-05
5300.0,6293571.996660277,-1709407.3089367351,-2113149.137989562,3022.4970037122607,4345.522309680785,5502.109821608497,477.26387116565274,7634.937116337221,9.94855713810195e-13,1.0,0.9999999741514071,0.9999998262189856,-9.745712771230163e-06,0.00024468900411028446,-0.0004856924189654745,6.44599243804149e-07,-3.928101882007672e-07,1.1655890859246699e-06,-3.8194655696325476e-07,-1.1216573210423912e-05,1.6264822452541024e-05,3.5229806631643544e-07,1.1137647027528673e-05,-1.6127337429231173e-05
5310.0,6323405.146885536,-1665846.8109892409,-2057997.5636671807,2944.3872705154777,4366.416715053848,5528.003682934881,477.21508588162624,7635.040016058647,9.956164682994216e-13,1.0,0.9999999741512734,0.9999998295955772,-6.549065743755846e-06,0.00024267654690397232,-0.00047976720126568866,6.338679257040001e-07,-4.114671600854653e-07,1.2045675527706165e-06,-4.96972398980874e-07,-1.1094850487713205e-05,1.601068333009932e-05,4.6649004080609434e-07,1.1016966669691077e-05,-1.5875236723793626e-05
5320.0,6352455.341042283,-1622080.0753964302,-2002590.4869772827,2865.9087014255174,4386.771611906557,5553.2125568090705,477.1676095317034,7635.140310501025,9.963573698899228e-13,1.0,0.999999974151134,0.9999998330365256,-3.4068158835391003e-06,0.00024057146320621313,-0.0004736485555611522,6.22841280681882e-07,-4.2987148969361503e-07,1.2429544482778341e-06,-6.094687578630705e-07,-1.0969021675413601e-05,1.575020006311349e-05,5.781665938702263e-07,1.0892216773056282e-05,-1.5616856238550173e-05
5330.0,6380718.93982848,-1578112.510380756,-1946934.774119067,2787.0710793451804,4406.5843940615405,5577.733205078637,477.12144145792814,7635.237974702939,9.9707838368551e-13,1.0,0.999999974150989,0.9999998365364979,-3.204270593006154e-07,0.0002383750376803755,-0.0004673394856534711,6.115243983947486e-07,-4.4801454747582227e-07,1.2807315348477943e-06,-7.193831686337518e-07,-1.0839160058975697e-05,1.548349989346428e-05,6.872756574233899e-07,1.076347004581432e-05,-1.53523221479342e-05
5340.0,6408192.873687507,-1533949.6669473704,-1891037.4680766312,2707.8844606522416,4425.852845193022,5601.562884853914,477.07708803379165,7635.333549526043,9.977715492209207e-13,1.0,0.9999999741508695,0.9999998400900483,2.7086844777927855e-06,0.000236088637261257,-0.000460843179330894,5.999175316473747e-07,-4.6589409194317385e-07,1.3178891100599646e-06,-8.266593665079046e-07,-1.0705334390505576e-05,1.5210707867027674e-05,7.937480759582418e-07,1.0630769707644472e-05,-1.5081731424316354e-05
5350.0,6434872.758907844,-1489596.7667401962,-1834905.2043184908,2628.3582868123594,4444.57385140865,5624.697713873072,477.03353468782643,7635.425880520986,9.984526798741428e-13,1.0,0.9999999741507134,0.9999998436917519,5.679028655754607e-06,0.0002337135082665061,-0.0004541625744215187,5.880323276823455e-07,-4.834941756004435e-07,1.3543995076180724e-06,-9.31251481492132e-07,-1.0567625692242303e-05,1.493195844946153e-05,8.975706277175018e-07,1.0494254537908366e-05,-1.4805280282998257e-05
5360.0,6460755.721321936,-1445059.4133601415,-1778545.0911813967,2548.5026960569653,4462.745337518051,5647.135128826566,476.9912876471635,7635.515509942716,9.991138254845689e-13,1.0,0.9999999741505521,0.9999998473359892,8.589263959550823e-06,0.0002312511255788003,-0.0004473010669464944,5.758747388449739e-07,-5.008061150795386e-07,1.3902449411618995e-06,-1.0331131061693185e-06,-1.0426116615371314e-05,1.4647392691567181e-05,9.986767361991355e-07,1.0353971587658157e-05,-1.4523071199089501e-05
5370.0,6485838.516755902,-1400343.1137608418,-1721964.117367839,2468.3276584790765,4480.364973978632,5668.8722437446095,476.95034613893927,7635.60241536746,9.997549578521358e-13,1.0,0.9999999741503849,0.9999998510171157,1.1438041290064512e-05,0.00022870294895988182,-0.00044026202339553233,5.634498999195549e-07,-5.178222216781026e-07,1.4254088873319976e-06,-1.132196419259148e-06,-1.0280887585395618e-05,1.4357149099435865e-05,1.0970192498604697e-06,1.0210000719011834e-05,-1.4235241555183006e-05
5380.0,6510118.000954581,-1355453.3978407101,-1665169.2999937194,2387.8431876809377,4497.430501335838,5689.906261860918,476.9107093680669,7635.686575028094,1.0003760503589442e-12,1.0,0.9999999741502127,0.9999998547294393,1.4224037805105026e-05,0.00022607047627760582,-0.0004330488920820744,5.507631780425869e-07,-5.345349361769432e-07,1.4598751397932492e-06,-1.2284549274983875e-06,-1.0132020680260182e-05,1.4061368790187217e-05,1.1925523043882814e-06,1.0062423480408438e-05,-1.3941931367208418e-05
5390.0,6533591.130009803,-1310395.8177403342,-1608167.6836941773,2307.059339440705,4513.939730574344,5710.234476049634,476.8723765196577,7635.76796782249,1.0009770779338699e-12,1.0,0.9999999741500346,0.999999858467228,1.69459580423627e-05,0.00022335524287310003,-0.0004256652015681535,5.378201570486662e-07,-5.509368236543096e-07,1.4936278060441038e-06,-1.321843492499202e-06,-9.97959960921203e-06,1.376019544119775e-05,1.2852313447286018e-06,9.911323064014006e-06,-1.3643283214395027e-05
5400.0,6556254.960775228,-1265175.9471364976,-1550966.339725211,2225.9862103705923,4529.890543458809,5729.854269248907,476.8353467613738,7635.846573321618,1.001558017017891e-12,1.0,0.9999999741498511,0.9999998622247233,1.9602534961577816e-05,0.00022055882094321964,-0.0004181145590939595,5.246266209998462e-07,-5.670205724117932e-07,1.5266513085633073e-06,-1.412318352724154e-06,-9.823709684677809e-06,1.3453775232425209e-05,1.3750131464696309e-06,9.756784262345829e-06,-1.33394421680217e-05
5410.0,6578106.651267795,-1219799.3805327103,-1493572.3650609746,2144.63393656637,4545.2808928641225,5748.7631148710725,476.7996192456819,7635.92237177736,1.0021188455306197e-12,1.0,0.9999999741496624,0.9999998659961483,2.21925309046649e-05,0.00021768281892010018,-0.0004104006489926717,5.111885379533118e-07,-5.827789960845944e-07,1.5589303894025368e-06,-1.4998371424504854e-06,-9.664437789696941e-06,1.3142256784580436e-05,1.4618558365691922e-06,9.598893424139718e-06,-1.3030555718992334e-05
5420.0,6599143.461055494,-1174271.7325466785,-1435992.8814872594,2063.0126922490035,4560.108803094955,5766.958577199176,476.7651931120027,7635.995344130045,1.002659542838145e-12,1.0,0.9999999741494682,0.9999998697757189,2.4714738476758772e-05,0.00021472888083401808,-0.00040252723107544807,4.975120446343607e-07,-5.982050381076317e-07,1.5904501174114726e-06,-1.5843589086446448e-06,-9.501872341365809e-06,1.2825791093455887e-05,1.545718913416721e-06,9.437738409485195e-06,-1.2716773704277898e-05
5430.0,6619362.751631588,-1128598.6371944994,-1378235.0346909284,1981.1326883981567,4574.372370194617,5784.438311769873,476.7320674887793,7636.065472015724,1.0031800897218453e-12,1.0,0.999999974149269,0.9999998735576542,2.7167981353766027e-05,0.00021169868564959932,-0.0003944981389752233,4.836034323937436e-07,-6.132917778191947e-07,1.6211958973664414e-06,-1.6658441264307035e-06,-9.336103250784524e-06,1.2504531460766682e-05,1.6265632662204816e-06,9.273408544249977e-06,-1.2398248232260407e-05
5440.0,6638761.986775101,-1082785.7471718714,-1320305.9933456418,1899.0041713781197,4588.069762243052,5801.200065742437,476.7002414954575,7636.13273777313,1.0036804683483021e-12,1.0,0.9999999741490645,0.999999877336186,2.955111502332283e-05,0.0002085939465687585,-0.0003863172784414479,4.6946913461812e-07,-6.280324375950384e-07,1.6511534803687293e-06,-1.7442547136319553e-06,-9.16722188000837e-06,1.2178633421886544e-05,1.7043511937112697e-06,9.105994573818602e-06,-1.2075133607019402e-05
5450.0,6657338.73289759,-1036838.733132228,-1262212.9481937767,1816.6374215560818,4601.199219643951,5817.24167825394,476.66971424437406,7636.197124450413,1.0041606622403804e-12,1.0,0.9999999741488552,0.9999998811055709,3.186302746653978e-05,0.0002054164102964735,-0.00037798862558076167,4.5511571561740733e-07,-6.42420390517793e-07,1.6803089749769832e-06,-1.81955404471294e-06,-8.995320996485358e-06,1.1848254670861264e-05,1.7790464221549321e-06,8.935588616169044e-06,-1.1747586251599276e-05
5460.0,6675090.659376017,-990763.2829622119,-1203963.1111250613,1734.042751913564,4613.759055400811,5832.561080760301,476.64048484259285,7636.258615811589,1.004620656248892e-12,1.0,0.9999999741486413,0.9999998848600987,3.410263978775078e-05,0.0002021678562677452,-0.0003695162250411118,4.4054986091537546e-07,-6.56449168193064e-07,1.7086488586344525e-06,-1.8917069643229365e-06,-8.820494725426536e-06,1.1513554983070757e-05,1.8506141226639132e-06,8.762284114310117e-06,-1.1415764630296457e-05
5470.0,6692015.538871902,-944565.1010541329,-1145563.7142514726,1651.2305066504484,4625.74765538201,5847.156297363328,476.6125523937289,7636.3171963428085,1.0050604365241949e-12,1.0,0.9999999741484223,0.9999998885941028,3.626890679899941e-05,0.00019885009583573186,-0.0003609041881386335,4.2577836881196425e-07,-6.70112468417427e-07,1.7361599890449948e-06,-1.9606798005541058e-06,-8.642838500506905e-06,1.1174696135879718e-05,1.9190209277995914e-06,8.586175788099547e-06,-1.1079829170000274e-05
5480.0,6708111.250702286,-898249.9080201822,-1087022.0095199288,1568.2110606646643,4637.163480678909,5861.0254477917015,476.5859191439673,7636.3728547652145,1.0054799409525419e-12,1.0,0.9999999741481989,0.9999998923019721,3.836081776369202e-05,0.00019546497158944652,-0.00035215669134341774,4.1080811109389867e-07,-6.834042018472474e-07,1.7628296601348734e-06,-2.0264403482259253e-06,-8.462448969068177e-06,1.083184179619249e-05,1.984234826310523e-06,8.407359373396961e-06,-1.0739941994314668e-05
5490.0,6723375.783942313,-851823.4402389702,-1028345.2681146868,1484.9948188344576,4648.005069766928,5874.166750131295,476.56059332214016,7636.425587203237,1.0058790142960805e-12,1.0,0.9999999741479726,0.9999998959781602,4.037739687407963e-05,0.00019201435630126793,-0.00034327797427848706,3.95645971714389e-07,-6.963185680155941e-07,1.7886456883234243e-06,-2.0889578148595905e-06,-8.279423839708859e-06,1.0485157358426989e-05,2.046225066556724e-06,8.225931375138458e-06,-1.039626668177988e-05
5500.0,6737807.227133252,-805291.4431251741,-969540.7720110392,1401.5922035838996,4658.271031518835,5886.578511904506,476.536576981727,7636.475383647261,1.0062575997157603e-12,1.0,0.9999999741477458,0.9999998996171979,4.23177032048133e-05,0.0001885001494110743,-0.0003342723322745437,3.8029893793213455e-07,-7.088499373851247e-07,1.81359628015379e-06,-2.1482029247092428e-06,-8.09386186738872e-06,1.013480981075718e-05,2.1049626441825057e-06,8.041989819272766e-06,-1.0048968876122255e-05
5510.0,6751403.7658491535,-758659.6833972196,-910615.8295100862,1318.013677066907,4667.960043414314,5898.259127949914,476.51386738112757,7636.52222941127,1.0066157172034784e-12,1.0,0.9999999741475164,0.9999999032136938,4.418082912492387e-05,0.0001849242803222028,-0.00032514412406992006,3.64774123667068e-07,-7.209928404009532e-07,1.8376700103133821e-06,-2.2041478862759337e-06,-7.905863032765644e-06,9.780968041307409e-06,2.1604202504855198e-06,7.855634168764369e-06,-9.698216206908364e-06
5520.0,6764163.694164906,-711933.9367799633,-851577.7595991098,1234.269718571015,4677.070859663517,5909.207090554334,476.492464270222,7636.566113349155,1.0069533487539685e-12,1.0,0.9999999741472845,0.9999999067623532,4.5965903922085346e-05,0.00018128870433557046,-0.0003158977619498211,3.4907878311510376e-07,-7.327419498205137e-07,1.8608558359559688e-06,-2.256766551789661e-06,-7.715528365070363e-06,9.423802462727955e-06,2.21257202044457e-06,7.666964730231659e-06,-9.344177684102763e-06
5530.0,6776085.411134023,-665119.9910824714,-792433.8958672018,1150.3708301151657,4685.602308750238,5919.420986380921,476.47236748697327,7636.607025148818,1.007270476227963e-12,1.0,0.9999999741470506,0.9999999102579844,4.76720933979943e-05,0.00017759540293682915,-0.0003065377123983234,3.332202652671819e-07,-7.440921167346846e-07,1.8831431233417004e-06,-2.3060343484501503e-06,-7.522959911810907e-06,9.063485011693643e-06,2.2613936319735834e-06,7.476082780986497e-06,-8.987023787910383e-06
5540.0,6787167.417531125,-618223.6496542,-733191.5908979628,1066.3275426354687,4693.553291162582,5928.899493639329,476.45357446550673,7636.644952519582,1.007567120691761e-12,1.0,0.9999999741468119,0.9999999136955039,4.929859945729255e-05,0.00017384638419725687,-0.00029706849711209573,3.1720602391334884e-07,-7.550383678971513e-07,1.9045216526734544e-06,-2.3519282732703304e-06,-7.328260761065109e-06,8.700189180116796e-06,2.306862411017356e-06,7.283090708399347e-06,-8.626926560930078e-06
5550.0,6797408.326767368,-571250.7180442947,-673858.1993132209,982.1503916057717,4700.9227871314,5937.641391716085,476.43608783370814,7636.679889776889,1.0078432224934421e-12,1.0,0.999999974146572,0.999999917069957,5.0844663309553046e-05,0.0001700436779859972,-0.0002874946816670811,3.0104357734675756e-07,-7.655759326022244e-07,1.924981647272545e-06,-2.3944269721867834e-06,-7.131534772008274e-06,8.334089572837639e-06,2.348957057988026e-06,7.0880913775064845e-06,-8.264058986836114e-06
5560.0,6806806.854319935,-524207.0157311274,-614441.0926834348,897.8499384197015,4707.709849182515,5945.645551892542,476.41990790707433,7636.711829364121,1.0080987597156816e-12,1.0,0.9999999741463315,0.999999920376514,5.2309562947136854e-05,0.00016618933869735867,-0.0002778208823534353,2.8474048904050995e-07,-7.75700263657931e-07,1.944513787208966e-06,-2.43351061787278e-06,-6.9328866834049895e-06,7.965362145287175e-06,2.3876579374488083e-06,6.891188650118802e-06,-7.89859543825485e-06
5570.0,6815361.8216254935,-477098.37120211264,-554947.6532733961,813.4367612885978,4713.91360491633,5952.910940802121,476.4050352746928,7636.740764773448,1.008333707372206e-12,1.0,0.9999999741460908,0.9999999236104841,5.3692614372756506e-05,0.00016228544289711001,-0.0002680517608587573,2.683043869077074e-07,-7.854070267979527e-07,1.963109210367661e-06,-2.469160979934319e-06,-6.7324220104059585e-06,7.594184006742356e-06,2.422946991204603e-06,6.692487135897733e-06,-7.530711408495504e-06
5580.0,6823072.156350888,-429930.6211423769,-495385.2730113401,728.9214536887027,4719.533257221435,5959.436620690527,476.39147090761924,7636.7666906678605,1.0085480356931922e-12,1.0,0.9999999741458502,0.9999999267673216,5.4993171918794115e-05,0.00015833408822183196,-0.00025819202191046663,2.5174295586359205e-07,-7.946921078204815e-07,1.980759522067432e-06,-2.5013614295187146e-06,-6.530246983391839e-06,7.220733326499462e-06,2.4548077425039563e-06,6.492092131082867e-06,-7.160583419458124e-06
5590.0,6829936.855505167,-382709.6048353888,-435761.3466571337,644.314613649139,4724.568058851973,5965.221717178549,476.3791786271613,7636.789561012188,1.0087423033323738e-12,1.0,0.999999974145607,0.9999999298426339,5.6210625532072286e-05,0.000154337389859577,-0.00024824640557421433,2.3506417641365987e-07,-8.035513131186114e-07,1.9974564891881226e-06,-2.530097108022695e-06,-6.326468771868187e-06,6.845189369630156e-06,2.483226789257077e-06,6.290112201295772e-06,-6.7883909717869525e-06
5600.0,6835955.09755618,-335441.177311827,-376083.28766052704,559.6268675502384,4729.017389879232,5970.265517415852,476.3681986630093,7636.809415790671,1.0089158627184754e-12,1.0,0.9999999741453662,0.9999999328321925,5.7344412347930064e-05,0.00015029748909221335,-0.00023821970297250298,2.1827595265990603e-07,-8.119808242815308e-07,2.013192534571439e-06,-2.555354972961087e-06,-6.12119531633688e-06,6.467732568537415e-06,2.508189320189788e-06,6.086651161025266e-06,-6.41431025373305e-06
5610.0,6841126.130381448,-288131.19486142986,-316358.51060292404,474.8688451788702,4732.880680237687,5974.56737191712,476.35853391575347,7636.8262540839105,1.0090686572902126e-12,1.0,0.9999999741451293,0.9999999357319368,5.839400464385957e-05,0.00014621654169719118,-0.0002281167351345056,2.0138592563269319e-07,-8.199773968327307e-07,2.027960880600672e-06,-2.577123060419925e-06,-5.914534467668965e-06,6.08854358699797e-06,2.5296836137564528e-06,5.881815983257545e-06,-6.038520311272264e-06
5620.0,6845449.336007589,-240785.49182284327,-256594.4013815747,390.0511365693271,4736.1574547630535,5978.1267512506865,476.35021289488395,7636.840104353747,1.0092002267919597e-12,1.0,0.999999974144912,0.9999999385380017,5.935891808466253e-05,0.00014209671015075136,-0.00021794233472408796,1.84401686156779e-07,-8.275380973810253e-07,2.0417553176376846e-06,-2.5953910882564503e-06,-5.7065939850479414e-06,5.707802915165464e-06,2.547698564407711e-06,5.675712192694432e-06,-5.6611993062707676e-06
5630.0,6848924.14020469,-193409.9672508043,-196798.4274838899,305.1844502162599,4738.84726994443,5980.943167091692,476.3432074825959,7636.850932452092,1.0093110075837759e-12,1.0,0.9999999741446969,0.9999999412466594,6.0238694372703774e-05,0.00013794019010721932,-0.00020770141031312587,1.6733089325843808e-07,-8.346602543444043e-07,2.0545700460200456e-06,-2.610149881036542e-06,-5.497482851684702e-06,5.325693337899658e-06,2.562226914439956e-06,5.468450052034491e-06,-5.282529561027284e-06
5640.0,6851550.112011939,-146010.49242632126,-136978.02027831212,220.27944298201928,4740.949783606429,5983.016259232184,476.33752248155696,7636.858741780877,1.009400916857852e-12,1.0,0.9999999741444849,0.9999999438543954,6.103292134929668e-05,0.00013374918086114904,-0.0001973988747447762,1.5018159055614781e-07,-8.413411122588043e-07,2.066399594411646e-06,-2.621392580295276e-06,-5.28731034808684e-06,4.9423974552728785e-06,2.5732617501000574e-06,5.2601377384174205e-06,-4.902691881096346e-06
5650.0,6853326.931333662,-98592.94359239348,-77140.61665310402,135.34678071646056,4742.464732185282,5984.345767240731,476.3331670520892,7636.863541334465,1.0094698041461417e-12,1.0,0.9999999741442773,0.999999946357889,6.174122724130211e-05,0.00012952589554220283,-0.00018703966865054084,1.3296176719282594e-07,-8.475782254495957e-07,2.077239047700328e-06,-2.6291138790488895e-06,-5.076186003450884e-06,4.55809828613338e-06,2.5807976190002976e-06,5.050883458295018e-06,-4.5218673070176335e-06
5660.0,6854254.40695487,-51163.18632128403,-17293.63911055811,50.39711013980769,4743.391943312616,5984.931546190061,476.3301723517999,7636.86536539531,1.0095171723019611e-12,1.0,0.9999999741440823,0.9999999487540284,6.236328288445172e-05,0.00012527255434888852,-0.0001766287458686306,1.1567918935476691e-07,-8.533696491662186e-07,2.08708422707024e-06,-2.633309912309772e-06,-4.864219017792512e-06,4.1729785574201475e-06,2.5848298327966468e-06,4.8407940561537915e-06,-4.140236011691312e-06
5670.0,6854332.068081269,-3727.0785136799514,42555.49761691132,-34.55894578377665,4743.731053199917,5984.773209054301,476.32818417147735,7636.8638189796875,1.009548621229293e-12,1.0,0.9999999741438519,0.999999951039855,6.28987688150093e-05,0.00012099138311355025,-0.00016617106342032404,9.834581143703066e-08,-8.587085754593865e-07,2.0959267089641882e-06,-2.633982141029895e-06,-4.651525305640073e-06,3.787225485479293e-06,2.585370658088109e-06,4.6300043021735455e-06,-3.7579980326546492e-06
5680.0,6853561.102957372,43709.47826212349,102399.3350179188,-119.51065637249903,4743.482847771187,5983.871824435438,476.3284010558929,7636.860240659006,1.0095451905158916e-12,1.0,0.9999999741437601,0.9999999532128097,6.334754696894345e-05,0.00011668466378060888,-0.0001556716957667388,8.095883313371758e-08,-8.636061017032829e-07,2.1037747953453995e-06,-2.631121946452425e-06,-4.43819980835497e-06,3.401013295949385e-06,2.5823722780033785e-06,4.418537488997205e-06,-3.3752749870775684e-06
5690.0,6851940.160285888,91140.59636834932,162230.41464962446,-204.44734251713908,4742.646357494682,5982.226239813713,476.3293742615562,7636.853014981734,1.0095297963319761e-12,1.0,0.9999999741435855,0.9999999552702069,6.370923715083778e-05,0.00011235458544485385,-0.00014513557854811524,6.353437434139209e-08,-8.680514038894331e-07,2.110616611352241e-06,-2.624733051396251e-06,-4.224361708142649e-06,3.014531802980739e-06,2.5758937523859806e-06,4.206607672496071e-06,-2.992322891882103e-06
5700.0,6849469.863638294,138560.37071328238,222041.26964487258,-289.3582987793563,4741.221981388005,5979.83703461362,476.33152167598064,7636.842610818027,1.0094958293241146e-12,1.0,0.9999999741433876,0.9999999572098108,6.398372247596688e-05,0.00010800344285532238,-0.00013456779765722859,4.608317228622816e-08,-8.720402015483522e-07,2.1164475210854937e-06,-2.614823781344359e-06,-4.010127100728178e-06,2.6279690823577418e-06,2.565921578670853e-06,3.9942946363822825e-06,-2.6093027808645217e-06
5710.0,6846150.560331323,185962.95711227626,281824.5082935773,-374.23292638929667,4739.209929475413,5976.70454865244,476.3348811603384,7636.8290736872605,1.0094426925344348e-12,1.0,0.9999999741431799,0.9999999590295743,6.417089680165243e-05,0.0001036335128351945,-0.0001239733889652883,2.8614024603904768e-08,-8.755701990197156e-07,2.1212646371795713e-06,-2.6014004386379995e-06,-3.7956083882005626e-06,2.2415094674498357e-06,2.552458982794154e-06,3.781705249429181e-06,-2.226394537703559e-06
5720.0,6841982.693394334,233342.47690436832,341572.6959370639,-459.0605637424603,4736.6104797395255,5972.829208420714,476.3394785390552,7636.81243654219,1.0093699805666767e-12,1.0,0.9999999741429649,0.9999999607276571,6.427069323667268e-05,9.924709425316892e-05,-0.00011335743066039694,1.1134992139693998e-08,-8.786401680189401e-07,2.1250661578512335e-06,-2.5844700070919557e-06,-3.580917590184058e-06,1.8553376782086642e-06,2.535511306185507e-06,3.5689473487637875e-06,-1.8437788162689582e-06
5730.0,6836966.794294971,280693.0568161524,401278.4053564824,-543.8305594499025,4733.423973292164,5968.211520463824,476.3453215938266,7636.792712999723,1.0092775745920852e-12,1.0,0.9999999741427444,0.9999999623024453,6.428308245511201e-05,9.484648877272499e-05,-0.00010272500471016833,-6.346181437907609e-09,-8.812495770187246e-07,2.1278511760932832e-06,-2.5640405855027196e-06,-3.3661659127009148e-06,1.4696376272269715e-06,2.5150862357951424e-06,3.3561299529955265e-06,-1.461636888140688e-06
5740.0,6831103.516558267,328008.818084883,460934.2032463506,-628.5322527069615,4729.6508376075735,5962.852100915822,476.3524323646398,7636.769933405821,1.009165131520199e-12,1.0,0.9999999741425215,0.9999999637525542,6.420807470816536e-05,9.043400306344739e-05,-9.208120415026e-05,-2.382199307769867e-08,-8.833985576507121e-07,2.1296196697805104e-06,-2.5401215694850227e-06,-3.1514639122935564e-06,1.0845927013329069e-06,2.4911925255236818e-06,3.143360923396487e-06,-1.0801490851973126e-06
5750.0,6824393.581741944,375283.9088360715,520532.6908076872,-713.1550328022864,4725.291549215341,5956.751627876098,476.36079728255606,7636.744089080221,1.0090328725764269e-12,1.0,0.9999999741422946,0.9999999650768292,6.404571453044545e-05,8.601193313287892e-05,-8.143110007632498e-05,-4.1284765144530764e-08,-8.850873254632784e-07,2.130371982795108e-06,-2.512723924714205e-06,-2.936921504462825e-06,7.003851017214753e-07,2.4638419491167818e-06,2.9307503840498237e-06,-6.994967996165551e-07
5760.0,6816837.83491069,422512.4658758428,580066.4557937643,-797.6882699608035,4720.346671944408,5949.910890285499,476.37041807370724,7636.715189249085,1.0088807782691413e-12,1.0,0.9999999741420647,0.9999999662743471,6.379608662444619e-05,8.158258020918977e-05,-7.077977570083501e-05,-5.8726715691561954e-08,-8.86316293357405e-07,2.1301089211934795e-06,-2.4818603541617794e-06,-2.722648598813475e-06,3.1719698998709037e-07,2.4330472963955494e-06,2.718407153606796e-06,-3.1986028427208777e-07
5770.0,6808437.227160692,469688.63627541694,639528.0997005212,-882.1213544335012,4714.81684489547,5942.330772432011,476.38129682731255,7636.683244305088,1.0087088245532394e-12,1.0,0.999999974141832,0.9999999673444168,6.345931475470582e-05,7.714824126959247e-05,-6.0132305278549e-05,-7.614003582489744e-08,-8.870861133169395e-07,2.1288318127112545e-06,-2.447545155096085e-06,-2.508754576661871e-06,-6.47903439857944e-08,2.3988229493811508e-06,2.506439678967432e-06,5.858088508752023e-08
5780.0,6799192.8151684385,516806.5739134529,698910.23339134,-966.4436902983417,4708.702782108469,5934.012253573614,476.39343519520946,7636.648264933728,1.0085169954891158e-12,1.0,0.9999999741415972,0.9999999682865801,6.303556176823227e-05,7.271120947094135e-05,-4.949375517516995e-05,-9.351688234309654e-08,-8.873976444515098e-07,2.1265424585163233e-06,-2.4097942290795236e-06,-2.295348356788687e-06,-4.4539639007326315e-07,2.3611849088413996e-06,2.2949560581788808e-06,4.3564782702269e-07
5790.0,6789105.761164634,563860.4402093525,758205.4780271628,-1050.6446969081371,4702.00527252334,5924.9564078779285,476.406834510237,7636.610262232334,1.0083052813706075e-12,1.0,0.9999999741413607,0.9999999691006102,6.252502978816652e-05,6.8273773188262e-05,-3.8869181570624804e-05,-1.1084937219805291e-07,-8.872519257688526e-07,2.1232431132694343e-06,-2.3686250964047005e-06,-2.082538385815879e-06,-8.244414800628205e-07,2.320150781739578e-06,2.0840639780402862e-06,8.111624478641079e-07
5800.0,6778177.332854424,610844.4048630266,817406.466004407,-1134.7138103165444,4694.725179914129,5915.164404328378,476.42149586534595,7636.569247802074,1.0080736774736766e-12,1.0,0.9999999741411227,0.9999999697865113,6.192796039835449e-05,6.383821514141588e-05,-2.8263628231996363e-05,-1.2812959542192403e-07,-8.866501733144457e-07,2.1189364758280395e-06,-2.3240568882459265e-06,-1.870432600532613e-06,-1.2017468579215e-06,2.2757397694833774e-06,1.8738706547277983e-06,1.184947532697037e-06
5810.0,6766408.9032992255,657752.6465973917,876505.8418960631,-1218.6404847262465,4686.863442787199,5904.637506584596,476.43742016868293,7636.525233803294,1.0078221831847608e-12,1.0,0.9999999741408842,0.999999970344518,6.124463476783528e-05,5.940681153369375e-05,-1.768212431901178e-05,-1.4534962073031253e-07,-8.855937717590131e-07,2.113625681832423e-06,-2.2761103448282906e-06,-1.659138397782562e-06,-1.5771347510068792e-06,2.227972656353434e-06,1.664482776369786e-06,1.5568268346444866e-06
5820.0,6753801.950768271,704579.3539020423,935496.2633940612,-1302.414193931118,4678.421074258476,5893.37707281634,476.45460818283726,7636.478232995651,1.0075508013793052e-12,1.0,0.9999999741406457,0.9999999707750932,6.047537373647278e-05,5.498183121404509e-05,-7.1296822117357325e-06,-1.6250150568332587e-07,-8.840842738901354e-07,2.10731430138983e-06,-2.224807806750384e-06,-1.4487625950702692e-06,-1.9504284457760793e-06,2.1768717978005426e-06,1.4560064470332735e-06,1.9266251628169873e-06
5830.0,6740358.05856544,751318.7257765746,994370.4022510194,-1386.0244327551268,4669.399161911693,5881.384555513333,476.4730605536606,7636.428258766435,1.0072595379649549e-12,1.0,0.9999999741404072,0.9999999710789246,5.962053784706005e-05,5.056553483261261e-05,3.3887046592261247e-06,-1.7957730739549845e-07,-8.821234032890644e-07,2.1000063396044737e-06,-2.1701732034520923e-06,-1.2394113864753635e-06,-2.321452366416468e-06,2.122461108401016e-06,1.248547131767226e-06,2.294168469166645e-06
5840.0,6726079.365039964,797965.0251485168,1053121.0149778083,-1469.46080178774,4659.799181084415,5868.661897254613,476.4932364434339,7636.375836764045,1.00694116584372e-12,1.0,0.9999999741402397,0.9999999712569937,5.868056079971533e-05,4.6160152895495925e-05,1.3868096381836978e-05,-1.9657426009593547e-07,-8.797193034175854e-07,2.091710679085594e-06,-2.1122272777619566e-06,-1.0311809922679746e-06,-2.6900379129580243e-06,2.0647483056354413e-06,1.0421761717181793e-06,2.6593027555782144e-06
5850.0,6710966.76177226,844512.3720551744,1111740.6687244547,-1552.712664460838,4649.62174228837,5855.209948370561,476.514219329997,7636.319958215175,1.0066101661977629e-12,1.0,0.9999999741400023,0.9999999713102977,5.7655779939371824e-05,4.176792540978489e-05,2.430350955645933e-05,-2.1347767260128288e-07,-8.768662686636269e-07,2.082426377509922e-06,-2.051000904278747e-06,-8.241863441935204e-07,-3.056004827867378e-06,2.0037959216212505e-06,8.370644554137586e-07,3.021818586259375e-06
5860.0,6695022.597018576,890955.0510251321,1170222.1488697508,-1635.7696817545866,4638.868467649588,5841.0308372295285,476.53646817059445,7636.261150155056,1.0062593153016468e-12,1.0,0.9999999741397657,0.9999999712402534,5.6546730455004755e-05,3.739108706210046e-05,3.4690034945618456e-05,-2.30279510086456e-07,-8.735662792658371e-07,2.0721589518973947e-06,-1.98652524024182e-06,-6.185322101078433e-07,-3.4191820661337852e-06,1.9396146742926356e-06,6.332817696867822e-07,3.3815649655551588e-06
5870.0,6678248.8720841445,937287.3105119054,1228558.1927990918,-1718.6214469162937,4627.5407408902365,5826.126391299919,476.5599833125053,7636.199428629469,1.0058886285172365e-12,1.0,0.9999999741395309,0.9999999710484245,5.5353938463227265e-05,3.303186501001812e-05,4.502277146577332e-05,-2.469724400796634e-07,-8.698221604839518e-07,2.060914406950506e-06,-1.918830105971548e-06,-4.143216931160615e-07,-3.779399470619561e-06,1.8722345841072635e-06,4.309304893564122e-07,3.738373267076692e-06
5880.0,6660647.697986933,983503.4140834146,1286741.5578286832,-1801.2575828466493,4615.6400233303175,5810.498536264967,476.5847710754499,7636.134817083088,1.0054980282930803e-12,1.0,0.9999999741392985,0.9999999707365854,5.4077967338398806e-05,2.8692471516642394e-05,5.529684973711743e-05,-2.635491318243294e-07,-8.656369838466772e-07,2.0486992333588303e-06,-1.847946811546523e-06,-2.1165685127122047e-07,-4.136488533819445e-06,1.8016869325403791e-06,2.3011164880119733e-07,4.092076660060513e-06
5890.0,6642221.288567696,1029597.6403032484,1344765.0210101116,-1883.6677419081266,4603.167849090286,5794.149289953491,476.61083700700664,7636.067338825155,1.0050874505710364e-12,1.0,0.9999999741390698,0.9999999703067165,5.2719417020018684e-05,2.437510289698669e-05,6.550743404524034e-05,-2.800022523619837e-07,-8.6101403923963e-07,2.035520382009964e-06,-1.7739081320160908e-06,-1.0638682341171504e-08,-4.490282442565984e-06,1.7280045077125465e-06,3.0925383766112694e-08,4.44250991542063e-06
5900.0,6622971.955453893,1075564.2826245502,1402621.3789637184,-1965.841605955178,4590.125821546784,5777.080757854551,476.6381809605332,7635.997011530864,1.0046569222587747e-12,1.0,0.9999999741388449,0.9999999697609983,5.1278923700340425e-05,2.0081938822776e-05,7.564972403141507e-05,-2.9632440581521446e-07,-8.559567400022248e-07,2.021385201904379e-06,-1.696748366867956e-06,1.8863278281893842e-07,-4.840616074297258e-06,1.6512217745176788e-06,-1.6652876121461115e-07,4.789509304863518e-06
5910.0,6602902.1132881325,1121397.6508972323,1460303.4498240596,-2047.768889207974,4576.515616912976,5759.295137625753,476.6668027846394,7635.923853584192,1.0042064715227702e-12,1.0,0.999999974138624,0.9999999691018071,4.975716066700442e-05,1.5815141598117187e-05,8.571895708445697e-05,-3.1250815444511154e-07,-8.504686219308649e-07,2.006301444357766e-06,-1.6165033501126524e-06,3.860585116026311e-07,-5.187326086585599e-06,1.5713746391435665e-06,-3.621522967306075e-07,5.132912907244037e-06
5920.0,6582014.279398283,1167092.072095333,1517804.0741602646,-2129.4393396410505,4562.338983973265,5740.7947187465825,476.696702321901,7635.847884071669,1.0037361278053242e-12,1.0,0.9999999741384074,0.9999999683317099,4.8154838433564404e-05,1.1576855513339833e-05,9.571041037156844e-05,-3.2854604937624105e-07,-8.445533568386904e-07,1.9902772704265884e-06,-1.5332104186353362e-06,5.815405189262699e-07,-5.530250998035497e-06,1.4885004316935656e-06,-5.558478373356513e-07,5.472560687195692e-06
5930.0,6560311.073453592,1212641.8910416584,1575116.115892853,-2210.842740364814,4547.59774380686,5721.58188215763,476.7278794073462,7635.769122775747,1.00324592184496e-12,1.0,0.9999999741381946,0.9999999674534565,4.647270472891159e-05,7.369206132029807e-06,0.00010561940290430383,-3.4443065638064085e-07,-8.382147656155961e-07,1.973321257484134e-06,-1.4469083808238174e-06,7.749819190524655e-07,-5.869231269561492e-06,1.4026378881291775e-06,-7.475191497980335e-07,5.8082945728221464e-06
5940.0,6537795.217106938,1258041.47112952,1632232.4632067587,-2291.9689109994665,4532.293789500309,5701.659099885878,476.7603338667946,7635.687590167803,1.0027358856989276e-12,1.0,0.9999999741379867,0.999999966469977,4.471154436929324e-05,3.1942995154063574e-06,0.00011544129763456773,-3.601545771478886e-07,-8.314568301683999e-07,1.95544240464124e-06,-1.3576374859124045e-06,9.662869789234552e-07,-6.20410938554098e-06,1.3138271315390072e-06,-9.370712007436916e-07,6.139958532416e-06
5950.0,6514469.533623304,1303285.1950415117,1689146.0294605035,-2372.8077090412107,4516.429085849116,5681.028934656141,476.7940655150143,7635.603307400769,1.0022060527683154e-12,1.0,0.999999974137783,0.999999965384371,4.287217903417361e-05,-9.457786092856689e-07,0.0001251715035743793,-3.757104665782508e-07,-8.242837038401006e-07,1.9366501368258575e-06,-1.2654393942500015e-06,1.1553611721402273e-06,-6.534729934420355e-06,1.222109652743861e-06,-1.1244102036677104e-06,6.467398650168608e-06
5960.0,6490337.4238944,1348367.5648389428,1745849.8831073206,-2453.34919844287,4500.006002093531,5659.6944596463645,476.82957761799355,7635.516857746425,1.0016485562201517e-12,1.0,0.9999999741376513,0.9999999641999608,4.095549961504586e-05,-5.04900186186279e-06,0.00013480554535104725,-3.910964278534976e-07,-8.167062863998577e-07,1.9169579845345486e-06,-1.1703521002696438e-06,1.3421217803859597e-06,-6.860945919003965e-06,1.1275097852569627e-06,-1.3094798083620028e-06,6.7904799501555025e-06
5970.0,6465400.958827036,1393282.808522618,1802336.7367504835,-2533.5829702719493,4483.025981911329,5637.657580681335,476.865863279243,7635.42714055722,1.0010792360775001e-12,1.0,0.9999999741374572,0.9999999629200529,3.896229831591993e-05,-9.113297743599684e-06,0.0001443388206015899,-4.062981771328877e-07,-8.087209499441194e-07,1.8963713200027504e-06,-1.0724241786667821e-06,1.5264647264579544e-06,-7.182597386055725e-06,1.0301088007385497e-06,-1.4921165123183502e-06,7.109019132847735e-06
5980.0,6439663.742287797,1438025.4669808347,1858599.70951512,-2613.499182833323,4465.491533962633,5614.921547135047,476.9034256744692,7635.334740471031,1.0004902249136677e-12,1.0,0.9999999741372678,0.999999961548278,3.689356139239984e-05,-1.3136658819085462e-05,0.00015376694152402997,-4.2130846543291986e-07,-8.00332041203964e-07,1.8749011004100847e-06,-9.717038948345662e-07,1.7082993264986175e-06,-7.499537775548671e-06,9.299335658514813e-07,-1.6722667584180095e-06,7.422886166392263e-06
5990.0,6413129.000001869,1482590.0071793515,1914631.8244654865,-2693.087858623539,4447.404906681191,5591.489280367684,476.94226455333455,7635.239681287299,9.998815617950568e-13,1.0,0.9999999741370832,0.999999960088352,3.4750262199206646e-05,-1.7117081081370224e-05,0.00016308551834159077,-4.361208107229534e-07,-7.915448576471415e-07,1.8525586594365518e-06,-8.682379415427893e-07,1.8875365172256434e-06,-7.811620918790915e-06,8.270308353508446e-07,-1.849842204714525e-06,7.731936334550961e-06
6000.0,6385800.057245357,1526970.9189192273,1970426.1343230612,-2772.3390647218334,4428.7684185579155,5567.363790292234,476.9823796434468,7635.14198744567,9.99253287281747e-13,1.0,0.9999999741369037,0.9999999585441264,3.2533406540855174e-05,-2.105258742836754e-05,0.00017229021897813442,-4.5072871830415277e-07,-7.823648628860566e-07,1.8293557414511796e-06,-7.620743250623313e-07,2.064088750688829e-06,-8.11870315452976e-06,7.214486250995653e-07,-2.024755980919443e-06,8.03602739909243e-06
6010.0,6357680.338393082,1571162.7155355737,2025975.7223497143,-2851.2429141046014,4409.584457779368,5542.548174906079,477.02377064787225,7635.04168401691,9.986054434609076e-13,1.0,0.9999999741367294,0.999999956919579,3.024403268766018e-05,-2.494122847059974e-05,0.00018137677109173549,-4.65125699815962e-07,-7.727976782033422e-07,1.805304493682379e-06,-6.53262343052073e-07,2.2378700215670083e-06,-8.420643393973424e-06,6.132361888697515e-07,-2.1969227312150304e-06,8.335019668756726e-06
6020.0,6328773.366453126,1615159.93459284,2081273.7032263817,-2929.7895669508157,4389.855481856016,5517.045619809636,477.066437242548,7634.938796693517,9.97938073981429e-13,1.0,0.9999999741365598,0.9999999552188058,2.788321129674803e-05,-2.8781083305096312e-05,0.00019034096407175033,-4.793052920604782e-07,-7.628490773424982e-07,1.7804174593819069e-06,-5.418525588546292e-07,2.4087958972434245e-06,-8.717303185512543e-06,5.024439945423487e-07,-2.3662586562940547e-06,8.628776066980862e-06
6030.0,6299082.762588488,1658957.1385761148,2136313.2239265935,-3007.969231937431,4369.584017240576,5490.859397712487,477.110379073617,7634.833351780121,9.972512240893599e-13,1.0,0.9999999741363959,0.9999999534460133,2.5452045241310013e-05,-3.257026026968391e-05,0.0001991786510035882,-4.932610747884903e-07,-7.525249837593433e-07,1.7547075717185346e-06,-4.278967733526513e-07,2.5767835502685745e-06,-9.008546779047318e-06,3.891236997162193e-07,-2.5326815546057896e-06,8.917162198349215e-06
6040.0,6268612.245625666,1702548.9155787763,2191087.464585264,-3085.7721675253056,4348.772658936373,5463.9928679268805,477.1555957546998,7634.725376183624,9.965449406639373e-13,1.0,0.9999999741362371,0.9999999516055087,2.2951669354636508e-05,-3.630689768820213e-05,0.00020788575060431654,-5.069866869476505e-07,-7.418314696282834e-07,1.7281881481651598e-06,-3.1144799525075064e-07,2.741751792763453e-06,-9.294241189784663e-06,2.733281267364013e-07,-2.6961108627903975e-06,9.200046413739209e-06
6050.0,6237365.631550583,1745929.8799859553,2245589.6393620847,-3163.1886832346545,4327.42407009604,5436.4494758490255,477.20208686408586,7634.61489740311,9.958192722544253e-13,1.0,0.9999999741360834,0.9999999497016906,2.0383250097329515e-05,-3.998916461382859e-05,0.00021645824913094652,-5.204758411531273e-07,-7.307747560004426e-07,1.700872885172939e-06,-1.9256041040978065e-07,2.9036211122939344e-06,-9.574256261355759e-06,1.5511123715471055e-07,-2.856467695279135e-06,9.477299874126686e-06
6060.0,6205346.832991668,1789094.6731540659,2299812.997299822,-3240.2091409104355,4305.540981610512,5408.232752428142,477.2498519418491,7634.50194351954,9.95074269117707e-13,1.0,0.9999999741359347,0.9999999477390413,1.774798515675746e-05,-4.3615261575023314e-05,0.00022489220226246397,-5.337223363258495e-07,-7.193612136185111e-07,1.6727758529617531e-06,-7.128935066439909e-08,3.0623137087642326e-06,-9.848464728112358e-06,3.452810563348579e-08,-3.0136748830423564e-06,9.748796613021969e-06
6070.0,6172559.862311151,1832037.9605168237,2353750.818687703,-3316.823949533766,4283.126194224908,5379.346316883761,477.2988912517242,7634.386544106029,9.94309971340854e-13,1.0,0.9999999741357942,0.9999999457221208,1.5047103873834842e-05,-4.7183420235234406e-05,0.00023318373441469373,-5.467200692872623e-07,-7.075973779040157e-07,1.643911499217045e-06,5.230870356578847e-08,3.217753498853254e-06,-1.0116742194897545e-05,-8.83651220429858e-08,-3.16765705145996e-06,1.0014413594300141e-05
6080.0,6139008.820262428,1874754.4430546877,2407396.4294922436,-3393.0235859360496,4260.182570549603,5349.793866432706,477.3492034537839,7634.268727419409,9.935264451095653e-13,1.0,0.9999999741356587,0.9999999436555458,1.2281864040839819e-05,-5.069190756794152e-05,0.0002413290483719733,-5.594630560379115e-07,-6.954899226536333e-07,1.614294636175961e-06,1.7817627445423927e-07,3.369866278375243e-06,-1.0378967467740407e-05,-2.1351120842620458e-07,-3.3183405356367314e-06,1.027403078095103e-05
6090.0,6104697.906172873,1917238.8470730868,2460743.1885009822,-3468.7985764238897,4236.713042128784,5319.579185376565,477.40078795738236,7634.148523223539,9.92723746004608e-13,1.0,0.9999999741355287,0.9999999415439925,9.453554021232261e-06,-5.4139023109113836e-05,0.0002493244191858336,-5.71945407123253e-07,-6.830456676915244e-07,1.583940416230787e-06,3.062547765258716e-07,3.518579605143233e-06,-1.0635022312959078e-05,-3.4085190158227697e-07,-3.465653539988881e-06,1.0527531184655702e-05
6100.0,6069631.413819762,1959485.9285240872,2513784.4927625447,-3544.13950458263,4212.7206065072305,5288.706141327739,477.45364412141123,7634.025961820644,9.919019314708358e-13,1.0,0.9999999741354036,0.999999939392182,6.563491323170487e-06,-5.752310087426062e-05,0.0002571661985585636,-5.841613556108343e-07,-6.70271587041447e-07,1.5528643448080792e-06,4.3648460419078536e-07,3.6638228986190856e-06,-1.088479162516977e-05,-4.7032794617496155e-07,-3.6095261315692383e-06,1.077480092506516e-05
6110.0,6033813.730851429,2001490.473664175,2566513.778416874,-3619.037012487194,4188.208326773141,5257.17868462015,477.50777125115786,7633.901074039967,9.910610608561965e-13,1.0,0.9999999741352839,0.9999999372048722,3.613021973730603e-06,-6.084251012865298e-05,0.00026485081659301056,-5.961052622746402e-07,-6.571748086517718e-07,1.5210822741006178e-06,5.688051638807769e-07,3.8055274775077656e-06,-1.112816348467705e-05,-6.018791121637185e-07,-3.749890274285688e-06,1.1015729284940369e-05
6120.0,5997249.338196429,2043247.2997073566,2618924.521519442,-3693.4818019013437,4163.179331092146,5225.000847708855,477.56316859509053,7633.773891226246,9.902011954513017e-13,1.0,0.999999974135169,0.9999999349868471,6.035198693482541e-07,-6.409565615470448e-05,0.00027237478351007966,-6.077716199576342e-07,-6.437626135400425e-07,1.4886103964263954e-06,7.03154905267672e-07,3.943626595452538e-06,-1.1365029212355759e-05,-7.354442239824908e-07,-3.886679862160076e-06,1.125020876374734e-05
6130.0,5959942.809460704,2084751.2554736051,2671010.238859467,-3767.4646354653783,4137.636812232599,5192.176744558647,477.61983534161186,7633.6444452279975,9.893223985288935e-13,1.0,0.999999974135059,0.9999999327429084,-2.463613893873117e-06,-6.728098101363811e-05,0.00027973469133212166,-6.191550572864664e-07,-6.300424343647397e-07,1.4554652372248753e-06,8.394713525080061e-07,4.078055475683388e-06,-1.1595283422923585e-05,-8.709611901874387e-07,-4.019830751614416e-06,1.1478135129682086e-05
6140.0,5921898.810312924,2125997.2220325135,2722764.488771945,-3840.976337872014,4111.584027082324,5158.710570021871,477.67777061575373,7633.512768385639,9.88424735383597e-13,1.0,0.9999999741349541,0.9999999304778652,-5.586951707118828e-06,-7.039696429862879e-05,0.00028692721553042226,-6.30250341883575e-07,-6.160218534517093e-07,1.421663647705713e-06,9.77691135573442e-07,4.2087513445212894e-06,-1.1818824076556908e-05,-1.008367033558884e-06,-4.14928079276638e-06,1.1699407470098286e-05
6150.0,5883122.097858196,2166980.113342004,2774180.871943331,-3914.007797030157,4085.0242961569666,5124.6065992056465,477.73697347583993,7633.3788935194125,9.875082733715267e-13,1.0,0.9999999741348538,0.9999999281965243,-8.765040150877887e-06,-7.344212387680209e-05,0.00029394911663508077,-6.41052383195794e-07,-6.017086003194162e-07,1.3872227971670942e-06,1.117750021724399e-06,4.335653463671788e-06,-1.2035552528806485e-05,-1.1475979216441808e-06,-4.274969859720395e-06,1.1913928240312447e-05
6160.0,5843617.520000125,2207694.8768821484,2825253.0322109237,-3986.5499652166563,4057.9610031000548,5089.869186828659,477.79744291010684,7633.2428539171715,9.865730819498918e-13,1.0,0.9999999741347587,0.9999999259036818,-1.1996400710350087e-05,-7.641501661771155e-05,0.00030079724180572936,-6.51556235034087e-07,-5.871105487540159e-07,1.3521601650109083e-06,1.2595829471694994e-06,4.458703161262295e-06,-1.22453735787855e-05,-1.2885891977273488e-06,-4.39683987983867e-06,1.2121603310762068e-05
6170.0,5803390.014791392,2248136.494283955,2875974.6573557784,-4058.593860215779,4030.3975941749136,5054.502766567637,477.85917783327494,7633.104683321987,9.856192327166707e-13,1.0,0.999999974134668,0.9999999236041118,-1.52795305029995e-05,-7.931423910619455e-05,0.0003074685263616021,-6.617570979005353e-07,-5.722357134937921e-07,1.3164935324744588e-06,1.4031240489574926e-06,4.577843861602485e-06,-1.2448195515596789e-05,-1.431275412210683e-06,-4.514834861977096e-06,1.2322342012492129e-05
6180.0,5762444.609773098,2288299.9819529597,2926339.4798889277,-4130.1305664460915,4002.3375777486544,5018.511850393877,477.92217708311136,7632.964415919614,9.846467994497262e-13,1.0,0.9999999741345817,0.9999999213025589,-1.861290301732951e-05,-8.213842833778495e-05,0.0003139599952696016,-6.716503211588579e-07,-5.570922465793644e-07,1.2802409741066116e-06,1.5483066971279718e-06,4.693021113656081e-06,-1.2643930162980033e-05,-1.5755903543945847e-06,-4.628900923674186e-06,1.2516057180946811e-05
6190.0,5720786.421302813,2328180.3916876647,2976341.277830997,-4201.151236074861,3973.784523768289,4981.901027899816,477.98643941693007,7632.8220863258,9.836558581461622e-13,1.0,0.9999999741345001,0.9999999190037283,-2.199496886221757e-05,-8.488626239516372e-05,0.0003202687645891607,-6.812314050899722e-07,-5.41688433425077e-07,1.2434208490111111e-06,1.6950635271475673e-06,4.804182618226278e-06,-1.2832492922159534e-05,-1.721467084639457e-06,-4.7389863172760295e-06,1.2702665198043117e-05
6200.0,5678420.653871601,2367772.8112926753,3025973.87548498,-4271.6470901196635,3944.7420632291887,4944.674965615979,478.0519635080798,7632.677729573472,9.826464870611274e-13,1.0,0.9999999741344225,0.9999999167122758,-2.5424156526307292e-05,-8.755646110437766e-05,0.0003263920428727822,-6.90496002862559e-07,-5.260326886629057e-07,1.206051791880001e-06,1.8433264726455504e-06,4.911278253862489e-06,-1.3013802812875984e-05,-1.8688379668957808e-06,-4.84504145498721e-06,1.2882086032504942e-05
6210.0,5635352.599410014,2407072.365186538,3075231.1442022347,-4341.609419537249,3915.213887635946,4906.838406318335,478.1187479424076,7632.5313810997595,9.816187667462272e-13,1.0,0.9999999741343494,0.9999999144328005,-2.8898873147093727e-05,-9.014778666981116e-05,0.00033232713252127167,-6.994399224381404e-07,-5.10133551804316e-07,1.1681527038378962e-06,1.9930267984584814e-06,5.014260101501428e-06,-1.3187782512588956e-05,-2.0176347015869934e-06,-4.947018932834306e-06,1.30542432784363e-05
6220.0,5591587.6365833515,2446074.2150040646,3124107.0031413715,-4411.029586299258,3885.2037484559237,4868.396168326461,478.18679121468404,7632.383076732924,9.805727800877625e-13,1.0,0.99999997413428,0.9999999121698336,-3.2417505289394e-05,-9.265904428709154e-05,0.0003380714310927427,-7.080591284227868e-07,-4.939996827591194e-07,1.129742743115238e-06,2.144095133986783e-06,5.113082467855704e-06,-1.3354358393835576e-05,-2.16778835882848e-06,-5.04487355352816e-06,1.3219064192112204e-05
6230.0,5547131.23007615,2484773.5601932276,3172595.420020189,-4479.899024454988,3854.7154565654973,4829.3531447924815,478.2560917250179,7632.232852679138,9.795086123443113e-13,1.0,0.9999999741342146,0.9999999099278327,-3.597841973296974e-05,-9.508908273331012e-05,0.00034362243256460596,-7.163497438718903e-07,-4.776398572445807e-07,1.0908413155675166e-06,2.2964615068604435e-06,5.207701907565201e-06,-1.3513460559735414e-05,-2.319229411968463e-06,-5.138562348215646e-06,1.3376479726968696e-05
6240.0,5501988.929866164,2523165.638606438,3220690.411860384,-4548.209241180831,3823.752881689243,4789.7143029811605,478.3266477752477,7632.08074550917,9.784263511838657e-13,1.0,0.999999974134153,0.9999999077111703,-3.9579964269062284e-05,-9.743679493407125e-05,0.00034897772854779126,-7.243080520504335e-07,-4.6106296211162843e-07,1.0514680650540662e-06,2.4500553769084445e-06,5.2980772441239965e-06,-1.3665022877628147e-05,-2.4718877714337683e-06,-5.228044597108137e-06,1.3526424566771951e-05
6250.0,5456166.370487893,2561245.7270861873,3268386.045725039,-4615.951817816437,3792.3199518321762,4749.4846835412145,478.39845756531787,7631.926792144946,9.773260867203677e-13,1.0,0.9999999741340947,0.9999999055241272,-4.3220468505624896e-05,-9.970111850701762e-05,0.0003541350094525391,-7.319304981482489e-07,-4.442779906100339e-07,1.0116428636889558e-06,2.6048056704219025e-06,5.3841695895957815e-06,-1.380898301083386e-05,-2.6256928188648157e-06,-5.313281848976791e-06,1.3668837156948893e-05
6260.0,5409669.270285806,2599009.1420449996,3315676.439448787,-4683.118410887443,3760.4206527051915,4708.669399768088,478.4715191896316,7631.771029846023,9.762079115497485e-13,1.0,0.9999999741340397,0.9999999033708842,-4.689824468101821e-05,-0.00010188103628156461,0.00035909206560514733,-7.392136909474999e-07,-4.27294037608146e-07,9.713858019742628e-07,2.760640814698852e-06,5.4659423631256845e-06,-1.3945282448524189e-05,-2.7805734415231e-06,-5.394237939503626e-06,1.3803659734061641e-05
6270.0,5362503.430657454,2636451.2400395535,3362555.762360528,-4749.700753114626,3728.059027143887,4667.273636858403,478.54583063341494,7631.613496195947,9.750719207849325e-13,1.0,0.9999999741339882,0.9999999012555143,-5.061158848591965e-05,-0.00010397557679464989,0.00036384678831510365,-7.461544044388457e-07,-4.101202947796543e-07,9.30717178823897e-07,2.917488772856108e-06,5.543361308256239e-06,-1.4073866533692712e-05,-2.936458066955386e-06,-5.470879008480907e-06,1.393083835340938e-05
6280.0,5314674.735286468,2673567.418339026,3409018.2359987106,-4815.690654409538,3695.2391745208556,4625.302651156191,478.62138976903447,7631.454229088544,9.739182120906707e-13,1.0,0.9999999741339399,0.9999998991819745,-5.435877989318835e-05,-0.00010598381476236031,0.00036839717089208446,-7.527495793824497e-07,-3.9276604576609947e-07,8.89657491486028e-07,3.0752770788933916e-06,5.6163945090528375e-06,-1.4194684489214312e-05,-3.0932746978965337e-06,-5.543173515845969e-06,1.4050322914741837e-05
6290.0,5266189.149365763,2710353.115487471,3455058.1348189646,-4881.080002856327,3661.9652501516853,4582.761769391224,478.69819435235115,7631.293266714116,9.727468857169258e-13,1.0,0.9999999741338942,0.9999998971540983,-5.8138083995386226e-05,-0.00010790487152732282,0.00037274130961231566,-7.589963248089392e-07,-3.7524066132034345e-07,8.482274253696603e-07,3.233932872991879e-06,5.685012405039799e-06,-1.4307689441980913e-05,-3.250950947395859e-06,-5.611092256547859e-06,1.416206718606978e-05
6300.0,5217052.718810936,2746803.8118602526,3500669.7868941254,-4945.860765679853,3628.2414646947345,4539.656387909509,478.7762420190331,7631.130647545559,9.715580445319678e-13,1.0,0.9999999741338513,0.9999998951755901,-6.194775184965475e-05,-0.00010973791548177777,0.000376877404633841,-7.648919194561002e-07,-3.5755359443381516e-07,8.064478437808674e-07,3.3933829370302995e-06,5.749187804947744e-06,-1.4412838445103246e-05,-3.4094140741481134e-06,-5.674608374233014e-06,1.4266028825558187e-05
6310.0,5167271.569464057,2782915.030214448,3545847.5746065155,-5010.02499019991,3594.0720835448874,4495.991971896224,478.8555302808899,7630.966410324421,9.70351794054224e-13,1.0,0.9999999741338107,0.9999998932500167,-6.578602132961171e-05,-0.00011148216246625947,0.00038080376086025255,-7.704338131377566e-07,-3.397143754505506e-07,7.643397775734947e-07,3.553553730300503e-06,5.8088958992719e-06,-1.4510092498167756e-05,-3.5685910180133258e-06,-5.733697373746124e-06,1.436216940148952e-05
6320.0,5116851.906288049,2818682.3362331092,3590585.9353323583,-5073.564804771461,3559.4614262214463,4451.774054591302,478.93605652220174,7630.80059404689,9.69128242483274e-13,1.0,0.9999999741337726,0.9999998913808021,-6.965111798391402e-05,-0.00011313687614381257,0.0003845187887524618,-7.756196280401506e-07,-3.21732607166456e-07,7.219244147178373e-07,3.714371425403151e-06,5.864114271636478e-06,-1.4599416565536694e-05,-3.7284084357071408e-06,-5.7883371324374524e-06,1.4450454410284415e-05
6330.0,5065800.012551585,2854101.339063485,3634879.362118453,-5136.472419711061,3524.4138657502012,4407.008236497679,479.0178179960381,7630.633237949722,9.678875007300428e-13,1.0,0.9999999741337364,0.9999998895712204,-7.354125590113347e-05,-0.00011470136834968174,0.0003880210050881274,-7.804471599434746e-07,-3.036179599150586e-07,6.792230897917892e-07,3.8757619443061815e-06,5.914822908963541e-06,-1.4680779592683152e-05,-3.888792736644673e-06,-5.8385079102701554e-06,1.4530853292569142e-05
6340.0,5014122.249004983,2889167.6918489016,3678722.404350722,-5198.740128208986,3488.933828040022,4361.700184582689,479.1008118206067,7630.4643814961255,9.666296824455921e-13,1.0,0.999999974133702,0.9999998878243904,-7.74546385805373e-05,-0.00011617499941639056,0.0003913090336683345,-7.84914379365073e-07,-2.8538016663779167e-07,6.362572733973585e-07,4.037650994545977e-06,5.961004210439679e-06,-1.4754154520548115e-05,-4.049670118920035e-06,-5.884192358723722e-06,1.460333944727901e-05
6350.0,4961825.053046911,2923877.0922544682,3722109.668414864,-5260.3603072274445,3453.025791253933,4315.855631472527,479.1850349755948,7630.294064361608,9.653549040490464e-13,1.0,0.9999999741336693,0.9999998861432704,-8.138945980839943e-05,-0.00011755717847414304,0.00039438160597118666,-7.890194326220683e-07,-2.6702901793863957e-07,5.9304856150682e-07,4.199964105553199e-06,6.002642995277224e-06,-1.4819518297913563e-05,-4.210966605403751e-06,-5.925375528486319e-06,1.4667890243788615e-05
6360.0,4908914.937882209,2958225.2829864556,3765035.8183488776,-5321.325418384566,3416.694285174911,4269.48037464009,479.2704842985226,7630.122326419771,9.6406328475437e-13,1.0,0.9999999741336382,0.9999998845306527,-8.534390453942284e-05,-0.00011884736372646045,0.0003972375617519531,-7.927606428111633e-07,-2.485743571215799e-07,5.496186647414373e-07,4.362626665083971e-06,6.039726509263615e-06,-1.4876851891779784e-05,-4.372608079940099e-06,-5.962044875932284e-06,1.472448703206058e-05
6370.0,4855398.491671025,2992208.0523052514,3807495.576487382,-5381.628008824135,3379.943890566586,4222.580275586436,479.3571564811142,7629.949207728086,9.627549465958785e-13,1.0,0.9999999741336082,0.9999998829891583,-8.931614978285048e-05,-0.0001200450627009658,0.000399875849589443,-7.961365107039451e-07,-2.3002607521062759e-07,5.059893975868754e-07,4.525563955737543e-06,6.0722444300941855e-06,-1.4926140295741983e-05,-4.534520323626259e-06,-5.994190268381048e-06,1.4773115150805023e-05
6380.0,4801282.376669186,3025821.2345319735,3849483.7240978098,-5441.260712071207,3342.779238528871,4175.161259015878,479.44504806567636,7629.77474851364,9.614300144526585e-13,1.0,0.9999999741335792,0.9999998815212336,-9.330436549285264e-05,-0.00012114983247523321,0.00040229552737831094,-7.991457155561157e-07,-2.1139410595180905e-07,4.621826675491296e-07,4.688701191542048e-06,6.100188871484301e-06,-1.4967372536356387e-05,-4.6966290511554395e-06,-6.0218039881333265e-06,1.4813763933643676e-05
6390.0,4746573.328360214,3059060.710548561,3890995.1020082515,-5500.216248873359,3305.205009848796,4127.229312005081,479.53415544151983,7629.598989158869,9.600886160713299e-13,1.0,0.9999999741335511,0.9999998801291456,-9.730671546274158e-05,-0.00012216127987760536,0.0004044957627669914,-8.017871158294067e-07,-1.92688420797124e-07,4.1822046425447023e-07,4.851963554588708e-06,6.123554386055112e-06,-1.500054167749151e-05,-4.8588599472058636e-06,-6.044880735283748e-06,1.4846426713272964e-05
6400.0,4691278.15457891,3091922.408291366,3932024.6112269843,-5558.487428027695,3267.225934346614,4078.790483166238,479.6244748413572,7629.421970187291,9.587308820881712e-13,1.0,0.9999999741335236,0.9999998788149785,-0.00010132135822258471,-0.00012307906166289485,0.0004064758335410049,-8.040597498250793e-07,-1.7391902387087972e-07,3.7412484849850385e-07,5.015276231696254e-06,6.142337966990227e-06,-1.5025644822658765e-05,-5.0211387028561115e-06,-6.063417629303561e-06,1.487110082362139e-05
6410.0,4635403.734626772,3124402.303238197,3972567.213553613,-5616.067147193529,3228.8467902173315,4029.8508818044993,479.71600233776496,7629.2437322492015,9.573569460492694e-13,1.0,0.9999999741334967,0.9999998775806302,-0.00010534644793976813,-0.00012390288466288,0.00040823512795138414,-8.05962836228102e-07,-1.5509594691873425e-07,3.2991794124775166e-07,5.178564451086589e-06,6.15653904845938e-06,-1.5042683115318295e-05,-5.183391052010346e-06,-6.077414209396994e-06,1.488778759999811e-05
6420.0,4578957.018379361,3156496.4188887407,4012617.9321817486,-5672.948393690723,3190.072403367831,3980.4166770699203,479.80873383965996,7629.064316107416,9.559669444294379e-13,1.0,0.9999999741334696,0.9999998764278094,-0.00010938013532206146,-0.0001246325059115127,0.0004097731449879988,-8.074957745613486e-07,-1.3622924424107678e-07,2.856219125993992e-07,5.34175351905243e-06,6.166159504806959e-06,-1.5051661737156532e-05,-5.34554280781362e-06,-6.086872433627096e-06,1.4896492377229893e-05
6430.0,4521945.025385792,3188200.827238306,4052171.852293146,-5729.124245283617,3150.9076467497443,3930.4940971040733,479.90266508879233,7628.88376262298,9.54561016649889e-13,1.0,0.9999999741334424,0.9999998753580336,-0.00011342056852273068,-0.00012526773274476507,0.0004110894945975784,-8.086581455494239e-07,-1.1732898761246517e-07,2.4125897070328516e-07,5.504768856599187e-06,6.171203648504256e-06,-1.5052589904333365e-05,-5.507519899038732e-06,-6.09179667681069e-06,1.4897224485785087e-05
6440.0,4464374.843960345,3219511.649244949,4091224.1216433574,-5784.587870950739,3111.357439688106,3880.0894281813903,479.99779165628087,7628.702112740929,9.53139305094251e-13,1.0,0.9999999741334149,0.9999998743726268,-0.00011746589404725644,-0.00012580842287504673,0.00041218389784626093,-8.094497113909025e-07,-9.840526118738928e-08,1.9685135065131237e-07,5.667536036041092e-06,6.1716782268631614e-06,-1.5045480861698925e-05,-5.669248406427033e-06,-6.092193727184113e-06,1.4889997245884239e-05
6450.0,4406253.630266602,3250425.055289774,4129769.9511386766,-5839.332531639973,3071.4267472061115,3829.2090138456506,480.0941089391764,7628.519407476054,9.517019551231607e-13,1.0,0.9999999741333869,0.9999998734727177,-0.0001215142576611791,-0.00012625448444013036,0.0004130561870265117,-8.098704159392129e-07,-7.946815639585682e-08,1.5242130333984775e-07,5.829980817533162e-06,6.167592417512067e-06,-1.5030351874978001e-05,-5.830654598963457e-06,-6.088072781839558e-06,1.4874827959597916e-05
6460.0,4347588.607394013,3280937.2656305125,4167804.615404487,-5893.351581009477,3031.120579345943,3777.8592540415466,480.1916121570598,7628.335687898688,9.502491150873321e-13,1.0,0.9999999741333585,0.9999998726592385,-0.0001255638052986331,-0.00012660587602654328,0.0004137063057082965,-8.09920384791573e-07,-6.052776683062648e-08,1.0799108430989082e-07,5.992029185520698e-06,6.158957822634954e-06,-1.5007224220925276e-05,-5.991664970067958e-06,-6.0794454409338355e-06,1.4851737900933298e-05
6470.0,4288387.064427077,3311044.550848318,4205323.453344923,-5946.638466154252,2990.4439904858455,3726.046604241586,480.2902963486817,7628.150995120544,9.48780936338997e-13,1.0,0.999999974133329,0.999999871932924,-0.00012961268397110228,-0.0001268626066673856,0.0004141343087344081,-8.095999252856993e-07,-4.1594183128088035e-08,6.358294257107383e-08,6.1536073850871875e-06,6.145788461974457e-06,-1.4976123175451759e-05,-6.15220627368462e-06,-6.066325700671778e-06,1.482075230391233e-05
6480.0,4228656.355507466,3340743.232287642,4242321.868693696,-5999.186728318259,2949.402078653694,3673.77757456861,480.39015636864303,7627.96537028059,9.472975732417388e-13,1.0,0.9999999741332986,0.9999998712943111,-0.0001336590426759254,-0.00012702473581455034,0.0004143403621598771,-8.08909526403695e-07,-2.2677487845554234e-08,1.921910941432478e-08,6.314641958181199e-06,6.1281007646006764e-06,-1.4937077999728691e-05,-6.312205560249303e-06,-6.048729945067042e-06,1.4781900348645187e-05
6490.0,4168403.898889005,3370029.6824892666,4278795.330556176,-6050.990003592261,2907.999984837049,3621.0587289139444,480.49118688410147,7627.778854530959,9.45799183178956e-13,1.0,0.9999999741332665,0.9999998707437392,-0.00013770103330410064,-0.00012709237328533538,0.0004143247431354299,-8.078498585834678e-07,-3.7877503372866356e-09,-2.5078212780651626e-08,6.47505977970442e-06,6.1059135594509205e-06,-1.489012192427026e-05,-6.47159021251737e-06,-6.026676936482533e-06,1.473521514540372e-05
6500.0,4107637.175985782,3398900.3256164244,4314739.37394262,-6102.04202359732,2866.2428922898885,3567.8966840514136,480.5933823715541,7627.591489022931,9.442859265601964e-13,1.0,0.9999999741332332,0.9999998702813503,-0.00014173681154691964,-0.00012706567918344816,0.00041408783973497854,-8.064217734371459e-07,1.5064978367188878e-08,-6.928686173673086e-08,6.634788093441703e-06,6.079248064640422e-06,-1.4835292130998641e-05,-6.630287981233632e-06,-6.000187804957219e-06,1.4680733716700977e-05
6510.0,4046363.730413418,3427351.6378739816,4350149.600292557,-6152.336616154044,2824.136025836107,3514.2981087473286,480.69673711363225,7627.403314892966,9.42757966826348e-13,1.0,0.9999999741331982,0.9999998699070899,-0.00014576453780097167,-0.00012694486379442069,0.00041363015072716156,-8.046263033766402e-07,3.387067068050078e-08,-1.1338472646563904e-07,6.793754547814616e-06,6.048127875553426e-06,-1.4772629733311775e-05,-6.7882270206247036e-06,-5.969286036320221e-06,1.4618496977383432e-05
6520.0,3984591.167023862,3455380.1479205773,4385021.677990171,-6201.867705937429,2781.684651170032,3460.269722866779,480.8012451959681,7627.214373248798,9.412154704527874e-13,1.0,0.9999999741331611,0.9999998696207074,-0.00014978237807103829,-0.0001267301874554619,0.00041295228529098134,-8.024646611457627e-07,5.261932756822163e-08,-1.5734975844058322e-07,6.951887231438901e-06,6.012578951714372e-06,-1.4702179754135112e-05,-6.945335923695889e-06,-5.9339974591007135e-06,1.4548549712744241e-05
6530.0,3922327.1509335954,3482982.437273818,4419351.342870795,-6250.629315117544,2738.8940741539245,3405.818296476168,480.90690050410944,7627.024705155617,9.396586069508735e-13,1.0,0.999999974133122,0.9999998694217596,-0.00015378850487042948,-0.00012642196039979183,0.00041205496267561394,-7.999382392596184e-07,7.130098364854998e-08,-2.0115998275165748e-07,7.109114708468525e-06,5.972629602448696e-06,-1.4623991101999e-05,-7.101543757314211e-06,-5.89435023023792e-06,1.4470940554666347e-05
6540.0,3859579.4065454914,3510155.140708419,4453134.39871841,-6298.615563985979,2695.7696401126454,3350.9506489422483,481.0136967204744,7626.8343516223,9.380875488679075e-13,1.0,0.9999999741330808,0.9999998693096109,-0.00015778109811829088,-0.00012602054257551614,0.00041093901180449714,-7.970486093507798e-07,8.990571227984436e-08,-2.4479350923694485e-07,7.265366053706977e-06,5.928310471339322e-06,-1.4538116545125407e-05,-7.256780097058707e-06,-5.850374819597317e-06,1.4385721955805806e-05
6550.0,3796355.7165646325,3536894.9466472236,4486366.717754039,-6345.82067156802,2652.3167331257227,3295.6736480279346,481.1216273213802,7626.643353587767,9.365024717850667e-13,1.0,0.9999999741330372,0.9999998692834364,-0.00016175834603340448,-0.00012552634343911126,0.0004096053708238337,-7.937975214224662e-07,1.0842363063235844e-07,-2.88228543583278e-07,7.4205708874670714e-06,5.879654519485326e-06,-1.4444612683546417e-05,-7.410975061819668e-06,-5.802103993301955e-06,1.4292950161826468e-05
6560.0,3732663.92100783,3563198.5975452224,4519044.241115199,-6392.238956220819,2608.540775316686,3239.994208984721,481.2306855741031,7626.451751907392,9.349035543139763e-13,1.0,0.999999974132991,0.9999998693422247,-0.00016571844602404414,-0.00012493982172360476,0.0004080550865956701,-7.901869030088323e-07,1.268449047415892e-07,-3.3144339839117284e-07,7.574659410161667e-06,5.8266970075698654e-06,-1.43435399192684e-05,-7.5640593481289155e-06,-5.749572795884049e-06,1.4192685181698216e-05
6570.0,3668511.916207488,3589062.8902663575,4551162.979326166,-6437.864836217283,2564.447226140094,3183.9192936422664,481.34086453404,7626.2595873395285,9.332909780908913e-13,1.0,0.999999974132942,0.9999998694847813,-0.00016965960557339016,-0.00012426148518155137,0.0004062893141357549,-7.862188582425143e-07,1.4515975454041784e-07,-3.7441650419725535e-07,7.727562436605724e-06,5.769475476747265e-06,-1.4234962424488562e-05,-7.715964264202655e-06,-5.692818531269151e-06,1.4084990756072257e-05
6580.0,3603907.653809537,3614484.676453247,4582719.01275915,-6482.692830315992,2520.041581666123,3127.4559094949655,481.4521570418775,7626.066900532124,9.316649277698837e-13,1.0,0.9999999741328902,0.9999998697097314,-0.00017358004312006595,-0.00012349189030291764,0.00040430931599639474,-7.818956668299254e-07,1.633584588671511e-07,-4.1712642044889936e-07,7.87921143001293e-06,5.7080297283582455e-06,-1.411894810788389e-05,-7.866621763678394e-06,-5.6318807425968195e-06,1.3969934323748245e-05
6590.0,3538859.1397658037,3639460.8628897094,4613708.492086327,-6526.717558317068,2475.329373862963,3070.6111087858035,481.56455572087225,7625.8737320094615,9.300255910135592e-13,1.0,0.9999999741328351,0.9999998700155246,-0.00017747798893332173,-0.00012263164200800175,0.00040211646159456823,-7.772197829342009e-07,1.81431360446989e-07,-4.595518464243728e-07,8.029538535667545e-06,5.642401802482841e-06,-1.3995568578986118e-05,-8.015964479028864e-06,-5.566801190892569e-06,1.3847586986247967e-05
6600.0,3473374.4333208553,3663988.41185612,4644127.638722693,-6569.9337416040635,2430.316169877067,3013.3919875875945,481.67805297416356,7625.680122158981,9.283731584824504e-13,1.0,0.9999999741327769,0.9999998704004391,-0.00018135168598240988,-0.00012168139331552787,0.00039971222648558163,-7.72193833966224e-07,1.9936887084436556e-07,-5.016716320928718e-07,8.178476614253901e-06,5.572635955339782e-06,-1.3864899110658147e-05,-8.163925754634224e-06,-5.497623832597529e-06,1.3718023470513064e-05
6610.0,3407461.6459935266,3688064.341477548,4673972.745259702,-6612.336203671915,2385.0075713114193,2955.80568488177,481.7926409821613,7625.486111218254,9.267078238225065e-13,1.0,0.9999999741327155,0.999999870862586,-0.00018519939079969,-0.00012064184498607017,0.0003970981915825844,-7.668206192844148e-07,2.1716147538269404e-07,-5.434647889082685e-07,8.325959274825907e-06,5.498778635546661e-06,-1.3727018599691316e-05,-8.31043967949527e-06,-5.42439479596868e-06,1.358132208974409e-05
6620.0,3341128.940553297,3711685.7260646364,4703240.175889664,-6653.919870640988,2339.409213501943,2897.8593816348916,481.90831170001906,7625.291739262054,9.250297836505468e-13,1.0,0.9999999741326504,0.9999998713999142,-0.00018901937433700666,-0.00011951374514097421,0.00039427604232229285,-7.611031088033469e-07,2.347997380298895e-07,-5.849105005304585e-07,8.471920907398259e-06,5.42087845924959e-06,-1.3582009525541647e-05,-8.45544111957007e-06,-5.347162356361667e-06,1.3437564702399491e-05
6630.0,3274384.5299914437,3734849.696447294,4731926.366820936,-6694.679771757395,2293.5267647920027,2839.5602998728345,482.0250568551384,7625.097046189565,9.233392375385002e-13,1.0,0.9999999741325818,0.9999998720102159,-0.00019280992281489688,-0.0001182978888569525,0.0003912475677772902,-7.550444415119258e-07,2.5227430624620376e-07,-6.259881334685035e-07,8.61629671514272e-06,5.3389861841355396e-06,-1.342995790722526e-05,-8.598865749716428e-06,-5.265976910405467e-06,1.3286836669374754e-05
6640.0,3207236.6764873755,3757553.4403010774,4760027.826683828,-6734.611039879485,2247.365925805305,2780.9157017530106,482.14286794479193,7624.902071711729,9.216363879951755e-13,1.0,0.9999999741325095,0.9999998726911324,-0.00019656933856416128,-0.0001169951177365519,0.0003880146597153191,-7.48647923901581e-07,2.69575915792241e-07,-6.666772476394754e-07,8.759022746170975e-06,5.253154682340747e-06,-1.3270953258392927e-05,-8.740650085223482e-06,-5.180890949086036e-06,1.3129226809381893e-05
6650.0,3139693.690370177,3779794.202466289,4787541.13692717,-6773.708911950616,2200.932428717202,2721.932888634658,482.26173623377457,7624.706855338716,9.199214404469137e-13,1.0,0.9999999741324334,0.9999998734401597,-0.00020029594085935675,-0.00011560631945469863,0.00038457931160599976,-7.419170283052521e-07,2.866953954940271e-07,-7.069576068369527e-07,8.90003592488783e-06,5.163438912268127e-06,-1.3105088540606773e-05,-8.88073151291446e-06,-5.091959029747912e-06,1.29648273525522e-05
6660.0,3071763.9290754725,3801569.285259787,4814462.952205615,-6811.968729458316,2154.2320365245046,2662.6192001473128,482.3816527521517,7624.511436367552,9.181946032161582e-13,1.0,0.9999999741323531,0.9999998742546545,-0.00020398806674376682,-0.00011413242728153997,0.0003809436175754393,-7.34855391147605e-07,3.036236719632741e-07,-7.468091891032443e-07,9.03927408289701e-06,5.069895889327441e-06,-1.293246011484211e-05,-9.019048321804694e-06,-4.999237747030829e-06,1.279373389228433e-05
6670.0,3003455.7960977126,3822876.0487794955,4840790.000757612,-6849.385938879884,2107.27054231384,2602.9820132575346,482.5026082930751,7624.315853869865,9.164560874983853e-13,1.0,0.9999999741322693,0.9999998751318417,-0.00020764407184541085,-0.0001125744195818139,0.0003771097713092265,-7.274668111074636e-07,3.2035177426950255e-07,-7.862121969995057e-07,9.17667598944366e-06,4.972584655613499e-06,-1.2753167691237406e-05,-9.155539733298004e-06,-4.902785702754489e-06,1.2616045335361908e-05
6680.0,2934777.739938213,3843711.9112015483,4866519.084773988,-6885.956092114417,2060.053768528838,2543.028741334191,482.6245934106735,7624.12014667983,9.147061073373413e-13,1.0,0.9999999741321811,0.9999998760688195,-0.00021126233118364232,-0.0001109333192909973,0.0003730800649043452,-7.19755247193037e-07,3.368708385619608e-07,-8.251470677676938e-07,9.312181381375651e-06,4.871566248537056e-06,-1.2567314277118815e-05,-9.290145930904673e-06,-4.8026634747672205e-06,1.243186385036614e-05
6690.0,2865738.253048793,3864074.349070133,4891647.080757224,-6921.674846901442,2012.587566235986,2482.76683321218,482.7475984180197,7623.924353382202,9.129448795985878e-13,1.0,0.999999974132089,0.9999998770625675,-0.0002148412399659196,-0.00010921019336848456,0.0003688568876705512,-7.117248167310373e-07,3.5317211263850457e-07,-8.63594483378695e-07,9.445730992609253e-06,4.766903668425174e-06,-1.2375006123324943e-05,-9.422808089465498e-06,-4.698933584773854e-06,1.224129481440869e-05
6700.0,2796345.8707713927,3883960.897579952,4916170.939871312,-6956.537967226153,1964.877814389447,2422.203772254884,482.8716133851679,7623.728512300568,9.111726239414727e-13,1.0,0.9999999741319927,0.9999998781099544,-0.00021837921437430527,-0.00010740615222807283,0.0003644427248818054,-7.033797932703418e-07,3.692469604592257e-07,-9.015353804604558e-07,9.577266583080982e-06,4.65866184510579e-06,-1.2176352668858292e-05,-9.553468403865514e-06,-4.59166046515934e-06,1.2044446758212566e-05
6710.0,2726609.1702736677,3903369.1508513372,4940087.688282236,-6990.541323711325,1916.9304190948155,2361.3470754153795,482.99662813726815,7623.532661485716,9.093895627894815e-13,1.0,0.999999974131892,0.9999998792077434,-0.0002218746923412787,-0.0001055223491460335,0.00035984015647837344,-6.94724604401398e-07,3.8508686660211875e-07,-9.389509601005107e-07,9.706730967171601e-06,4.546907603495037e-06,-1.1971466483892776e-05,-9.68207011722198e-06,-4.480910424824952e-06,1.1841431309568627e-05
6720.0,2656536.7694807835,3922296.7621979676,4963394.427489041,-7023.680893995969,1868.7513128719763,2300.204292296583,483.12263225276394,7623.336838704189,9.075959212989002e-13,1.0,0.9999999741317872,0.9999998803526022,-0.00022532613431443572,-0.0001035599796470704,0.00035505185572023724,-6.857638294923103e-07,4.006834406580656e-07,-9.758226975173975e-07,9.834068041585742e-06,4.431709628204622e-06,-1.1760463211165826e-05,-9.80855754853123e-06,-4.366751614055044e-06,1.1632363135196824e-05
6730.0,2586137.3260034453,3940741.444387213,4986088.334645481,-7055.952763100839,1820.3464539170627,2238.783004210341,483.24961506163885,7623.14108142699,9.05791927326329e-13,1.0,0.9999999741316781,0.9999998815411094,-0.00022873202400966794,-0.00010152028086846853,0.00035008058779248467,-6.765021973427181e-07,4.1602842156320464e-07,-1.0121323515946505e-06,9.959222812672054e-06,4.313138427186432e-06,-1.1543461505784842e-05,-9.932876119759165e-06,-4.249253988430823e-06,1.1417359881042443e-05
6740.0,2515419.1470100256,3958700.415461994,5008165.95919786,-7087.3521292119985,1771.7215538659668,2177.090487877862,483.3765895363372,7622.944343250012,9.03991637131589e-13,1.0,0.9999999741315251,0.999999882769818,-0.00023209081832078427,-9.940443912940412e-05,0.0003449289936581885,-6.669439597930537e-07,4.3111451196986327e-07,-1.0478604960999395e-06,1.0082138677259486e-05,4.191260928871166e-06,-1.1320576697737668e-05,-1.0054964360146682e-05,-4.128451529442809e-06,1.1196556717615454e-05
6750.0,2444391.754261096,3976172.613926049,5029626.03444334,-7117.877290575568,1722.8831490769428,2115.135038176254,483.50549654449617,7622.748828263038,9.021676069753402e-13,1.0,0.999999974131407,0.9999998840350376,-0.0002354011443675321,-9.721393512795758e-05,0.0003396004682496816,-6.570939572870958e-07,4.459385047016773e-07,-1.0829873085142345e-06,1.0202766427258047e-05,4.066152162795278e-06,-1.1091951984347912e-05,-1.0174786452726264e-05,-4.004493767613676e-06,1.0970048307158316e-05
6760.0,2373063.51891902,3993155.3806094336,5050465.26592528,-7147.523653322297,1673.8370127495944,2052.9240081996127,483.6353483683206,7622.553489710293,9.003339286895545e-13,1.0,0.9999999741312848,0.9999998853331862,-0.00023866151106967598,-9.495002982980925e-05,0.00033409782990497357,-6.469588986204635e-07,4.6048469204513683e-07,-1.1175006223245945e-06,1.032105450201995e-05,3.937894024096894e-06,-1.0857701448439914e-05,-1.0292282827745804e-05,-3.877417502704068e-06,1.073797500942382e-05
6770.0,2301443.2465499016,4009646.668549022,5070681.136443324,-7176.287735395552,1624.5891983870113,1990.465096665693,483.7661333281426,7622.358363770936,8.984908405471835e-13,1.0,0.9999999741311584,0.9999998866605688,-0.00024187050564041394,-9.261413022850037e-05,0.0003284241896464717,-6.365438643693023e-07,4.7474578837310473e-07,-1.1513831917153848e-06,1.043695246801321e-05,3.8065638597800563e-06,-1.0617955153720152e-05,-1.0407403578669096e-05,-3.7472995328025655e-06,1.050046576075351e-05
6780.0,2229539.7769944565,4025644.4914259207,5090271.205918414,-7204.166163752355,1575.145781468289,1927.766029285137,483.89783948824464,7622.16348627458,8.966385833365026e-13,1.0,0.9999999741310277,0.9999998880134437,-0.0002450267411570117,-9.020767941228462e-05,0.000322582743908514,-6.258541186723274e-07,4.887146328411187e-07,-1.1846181030517041e-06,1.0550411146285743e-05,3.6722405818730605e-06,-1.0372845890834134e-05,-1.0520100028549221e-05,-3.6142182672656345e-06,1.0257652155760459e-05
6790.0,2157361.9832765614,4041146.923781303,5109233.111657695,-7231.155674651279,1525.512858707042,1864.8345578166936,484.03045465552157,7621.968892691003,8.947774003207918e-13,1.0,0.9999999741308926,0.9999998893880298,-0.0002481288574558231,-8.773215596322837e-05,0.0003165767728301568,-6.148951000582972e-07,5.023841811388261e-07,-1.2171887928358449e-06,1.0661382637162008e-05,3.535004649092412e-06,-1.012250909735564e-05,-1.0630324753477971e-05,-3.4782536853272997e-06,1.0009668378917879e-05
6800.0,2084918.770508867,4056152.101224798,5127564.5686099725,-7257.2531139276625,1475.6965473095038,1801.6784591219962,484.1639663781812,7621.774618119993,8.929075371972669e-13,1.0,0.9999999741307533,0.9999998907805153,-0.00025117552198071654,-8.518907338438173e-05,0.0003104096384662847,-6.036724120616048e-07,5.157475023300581e-07,-1.2490790625061675e-06,1.0769820342946531e-05,3.394938043693728e-06,-9.867082777841462e-06,-1.0738031605382868e-05,-3.3394872938972077e-06,9.756651134820855e-06
6810.0,2012219.074795917,4070658.2206354016,5145263.369611634,-7282.455437256156,1425.7029842324857,1738.3055342202438,484.29836194450223,7621.580697281365,8.910292420550522e-13,1.0,0.9999999741306096,0.999999892187067,-0.000254165430584983,-8.257997953232404e-05,0.0003040847829316348,-5.92191814052804e-07,5.287977796996619e-07,-1.2802730905621163e-06,1.087567898901767e-05,3.252124243164434e-06,-9.606707424279662e-06,-1.0843175734159224e-05,-3.198002084570788e-06,9.498739577158234e-06
6820.0,1939271.8621344601,4084663.5403549704,5162327.385623106,-7306.7597104007855,1375.5383254409603,1674.7236073424933,484.43362838160897,7621.387164505117,8.891427653327765e-13,1.0,0.9999999741304617,0.9999998936038383,-0.0002570973082885371,-7.990645603755007e-05,0.0002976057264898722,-5.804592125467322e-07,5.415283146208831e-07,-1.3107554424847173e-06,1.097891464370142e-05,3.10664818724762e-06,-9.341525936875088e-06,-1.0945713609125716e-05,-3.0538824898720907e-06,9.23607523643091e-06
6830.0,1866086.1273115552,4098166.380374199,5178754.565955763,-7330.163109452446,1325.2087451656569,1610.940524986052,484.56975245428646,7621.194053721728,8.872483597755304e-13,1.0,0.9999999741303097,0.9999998950269786,-0.0002599699099931708,-7.717011769982848e-05,0.0002909760655976692,-5.684806531275629e-07,5.539325325771438e-07,-1.3405110788874564e-06,1.1079484737204052e-05,2.958596240847124e-06,-9.071683545075456e-06,-1.1045603039791519e-05,-2.907214338754364e-06,8.96880194645581e-06
6840.0,1792670.8928001504,4111165.122511159,5194542.938489338,-7352.662921054012,1274.720435160428,1546.9641549686617,484.706720663799,7621.001398452569,8.853462803916963e-13,1.0,0.9999999741301538,0.9999998964526412,-0.0002627820211591224,-7.437261184964564e-05,0.000284199470911586,-5.562623130424511e-07,5.660039905992294e-07,-1.3695253622901218e-06,1.1177348079797477e-05,2.8080561533857785e-06,-8.797327728705508e-06,-1.1142803195924087e-05,-2.7580848113800852e-06,8.697065769693761e-06
6850.0,1719035.2076526163,4123658.2105823257,5209690.609879779,-7374.2565426130395,1224.0796039596744,1482.8023854828475,484.84451924670765,7620.8092318004465,8.83436784409775e-13,1.0,0.9999999741299941,0.9999998978769923,-0.00026553245844628773,-7.151561767023921e-05,0.00027727968526378486,-5.438104944551819e-07,5.777363855098035e-07,-1.3977840628558971e-06,1.1272464879380589e-05,2.6551170151735983e-06,-8.518608139070723e-06,-1.1237274626906608e-05,-2.6065823932052485e-06,8.421014921442504e-06
6860.0,1645188.1463919962,4135644.150566136,5224195.765757605,-7394.941482502196,1173.2924761356549,1418.4631241502004,484.98313417369314,7620.6175864402385,8.815201312351321e-13,1.0,0.9999999741298302,0.9999998992962194,-0.0002682200703232786,-6.86008454774319e-05,0.00027022052161097376,-5.311316183129367e-07,5.89123562488819e-07,-1.4252733633811773e-06,1.1364796758489836e-05,2.499869211309908e-06,-8.23567651988327e-06,-1.1328979280375075e-05,-2.4527968283921745e-06,8.140799692934151e-06
6870.0,1571138.8079013275,4147121.510759045,5238056.670916686,-7414.715360247427,1122.365291555876,1353.9542970758566,485.1225511483308,7620.426494609644,8.795965824074298e-13,1.0,0.9999999741296629,0.9999999007065407,-0.0002708437376472207,-6.563003595663255e-05,0.00026302586095970556,-5.18232218757145e-07,6.001595235880156e-07,-1.451979863773766e-06,1.1454306770791704e-05,2.3424043735913377e-06,-7.948686627876746e-06,-1.1417880520124862e-05,-2.296819072574739e-06,7.856572373380675e-06
6880.0,1496896.3143108087,4158088.921924115,5251271.669493525,-7433.57590670398,1071.304304640383,1289.2838479029288,485.26275560586527,7620.235988099994,8.776664015581215e-13,1.0,0.9999999741294917,0.9999999021042122,-0.00027340237421682757,-6.260495935795458e-05,0.00025569965027004264,-5.051189379990069e-07,6.108384359208095e-07,-1.4778905852073983e-06,1.1540959417064144e-05,2.1828153308420206e-06,-7.657794152982658e-06,-1.1503943143277716e-05,-2.1387412450024653e-06,7.568487171007246e-06
6890.0,1422469.8106900519,4168545.079595483,5263839.187877063,-7451.520968071649,1020.1157842442248,1224.459737625708,485.4037362945378,7620.046102218941,8.757298052102349e-13,1.0,0.999999974129317,0.9999999034855369,-0.00027589492757537317,-5.952741491755784e-05,0.00024824590084893605,-4.917985212840389e-07,6.211546239973886e-07,-1.502992996269479e-06,1.162472067130917e-05,2.021196091090718e-06,-7.363156633413442e-06,-1.1587133403391633e-05,-1.978656685938468e-06,7.276700057558273e-06
6900.0,1347868.4640855496,4178488.745203075,5275757.736122414,-7468.548507784695,968.8060131330309,1159.4899439056717,485.5454868666958,7619.856877542655,8.737869414806631e-13,1.0,0.9999999741291401,0.9999999048468742,-0.00027832037964815995,-5.639923017276854e-05,0.00024066868621004737,-4.78277809079868e-07,6.311025573773253e-07,-1.527275044548801e-06,1.1705557996934578e-05,1.85764182531078e-06,-7.064933345592149e-06,-1.1667419021028221e-05,-1.8166599427097599e-06,6.981368646902539e-06
6910.0,1273101.4593897422,4187918.738096333,5287025.897839431,-7484.656592191883,917.3812850218945,1094.382457440776,485.68799246764837,7619.668345033394,8.718380740171085e-13,1.0,0.9999999741289608,0.9999999061846452,-0.00028067774616512823,-5.322225927399529e-05,0.0002329721377342449,-4.645637315472244e-07,6.406769005632883e-07,-1.55072509638061e-06,1.1783440316903761e-05,1.6922487206750137e-06,-6.76328520975469e-06,-1.1744769174038454e-05,-1.6528463244112328e-06,6.682652396663575e-06
6920.0,1198178.0002611608,4196833.940645297,5297642.336645902,-7499.843399622873,865.8479052143502,1029.1452826935117,485.83123803004065,7619.480535228184,8.69883467635079e-13,1.0,0.9999999741287795,0.9999999074953432,-0.0002829660777355074,-4.999838250866196e-05,0.0002251604439206464,-4.506633081442516e-07,6.49872527821548e-07,-1.5733319393228794e-06,1.185833805629903e-05,1.525113936524744e-06,-6.458374761320186e-06,-1.1819154534043443e-05,-1.4873121070238274e-06,6.380712356762106e-06
6930.0,1123107.2991587636,4205233.301388384,5307605.8000625605,-7514.107225752341,814.2121838188109,963.78642924659,485.9752115964331,7619.293481785725,8.679233430844741e-13,1.0,0.9999999741285994,0.9999999087755433,-0.000285184461446975,-4.672950341754332e-05,0.00021723784435934913,-4.365836358469595e-07,6.586845167880912e-07,-1.595084793473395e-06,1.1930223192246512e-05,1.3563354737769703e-06,-6.150365920936821e-06,-1.1890547289289181e-05,-1.3201545511045201e-06,6.075710972977522e-06
6940.0,1047898.6025149933,4213115.825966742,5316915.108267518,-7527.446467832395,762.4804530494757,898.3139338563801,486.1198944269335,7619.107210895871,8.659580117353183e-13,1.0,0.9999999741284178,0.9999999100219006,-0.0002873320177305492,-4.341755329244348e-05,0.00020920863915782926,-4.2233190399313413e-07,6.67108142225961e-07,-1.6159732955893353e-06,1.1999069146138844e-05,1.1860124018652735e-06,-5.839424354937837e-06,-1.1958921124891389e-05,-1.1514716426233419e-06,5.767812336431327e-06
6950.0,972561.1726998945,4220480.583526225,5325569.162037234,-7539.859635735592,710.6590547742749,832.7358445778721,486.26526751078575,7618.921748224767,8.63987786367622e-13,1.0,0.9999999741282322,0.9999999112311637,-0.0002894079032657987,-4.00644865633571e-05,0.0002010771794704594,-4.0791539675688184e-07,6.751389286730177e-07,-1.6359875312741647e-06,1.206485090274902e-05,1.0142445641504642e-06,-5.525717095359043e-06,-1.2024251263576706e-05,-9.8136218900465e-07,5.457181886521296e-06
6960.0,897104.2681802979,4227326.712714741,5333566.95015845,-7551.345362255449,658.7543270134943,767.0602035658648,486.41131841406974,7618.737126276926,8.620128886235727e-13,1.0,0.9999999741280454,0.9999999124001893,-0.0002914113136183578,-3.667227557292896e-05,0.00019284785668414735,-3.933414530022713e-07,6.827726311483422e-07,-1.6551180586062087e-06,1.2127545068116343e-05,8.411323517728199e-07,-5.209412125562099e-06,-1.2086514486059084e-05,-8.099258941179089e-07,5.143986082905492e-06
6970.0,821537.1694569449,4233653.412688328,5340907.538280301,-7561.902387430903,606.7726218173913,701.2950698583528,486.55803124692386,7618.553373615491,8.60033585207624e-13,1.0,0.9999999741278581,0.9999999135259385,-0.0002933414800898772,-3.324291532596849e-05,0.0001845251122930842,-3.786174869131892e-07,6.900051807379179e-07,-1.6733558685500036e-06,1.2187129767859387e-05,6.667770076940842e-07,-4.890678782611448e-06,-1.214568911499052e-05,-6.372631040452098e-07,4.828392664255598e-06
6980.0,745869.1689289428,4239459.946283041,5347590.0728380885,-7571.529563989915,554.7202983085198,635.4485105109547,486.7053900635494,7618.37051850587,8.580501416272251e-13,1.0,0.9999999741276706,0.9999999146054872,-0.00029519767125093307,-2.9778420595496828e-05,0.0001761134316321988,-3.6375098061988155e-07,6.968327224132262e-07,-1.6906924117284975e-06,1.2243584699721717e-05,4.91280435757195e-07,-4.569687499568248e-06,-1.2201755033696345e-05,-4.634748240041229e-07,4.5105704459505886e-06
6990.0,670109.5696834583,4244745.640131355,5353613.781190416,-7580.225857484237,502.60372189100815,569.5285995907285,486.8533789406316,7618.18858899431,8.560628211194858e-13,1.0,0.9999999741274832,0.999999915636032,-0.00029697919328135967,-2.628082483442746e-05,0.00016761734152574375,-3.4874947993269975e-07,7.032516154095529e-07,-1.707119604164969e-06,1.229689114211849e-05,3.1474514795769855e-07,-4.246609715774797e-06,-1.225469369416431e-05,-2.8866266644145126e-07,4.190689230368432e-06
7000.0,594267.6762560084,4249509.861407287,5358977.942160061,-7587.990304650303,450.4292574674706,503.5434099396334,487.00194380868135,7618.007570562222,8.540723954193539e-13,1.0,0.999999974127294,0.999999916614896,-0.0002986853872220784,-2.2752176562588218e-05,0.00015904140239833035,-3.336206163704386e-07,7.092585067157823e-07,-1.7226296658996237e-06,1.2347031869213403e-05,1.3727399560872502e-07,-3.921617758424304e-06,-1.2304488223229197e-05,-1.1292791610965531e-07,3.868920642412482e-06
7010.0,518352.81707801326,4253752.088099475,5363681.97500976,-7594.8221390615245,398.2032854699701,437.50103239476033,487.1511075034244,7617.827533745079,8.520786027551445e-13,1.0,0.9999999741271062,0.9999999175395368,-0.0003003156388050383,-1.9194544936719687e-05,0.0001503902234231403,-3.183720815073187e-07,7.148502396989013e-07,-1.7372153925312082e-06,1.2393991518014789e-05,-4.1029452492622624e-08,-3.5948851141952793e-06,-1.2351123160486908e-05,6.362582619174108e-08,3.5454352725360232e-06
7020.0,442374.31999654754,4257471.838734031,5367725.350444574,-7600.720665208477,345.9321854032012,371.4095560234579,487.3008545298232,7617.648506312861,8.500816947448388e-13,1.0,0.9999999741269208,0.9999999184075498,-0.00030186936907180645,-1.561001239706206e-05,0.00014166844246340005,-3.0301156801952393e-07,7.200237615054394e-07,-1.750870198847379e-06,1.2437756137225788e-05,-2.200611239290884e-07,-3.2665856510683424e-06,-1.2394584701295419e-05,2.408954462140212e-07,3.220405342240879e-06
7030.0,366341.4764918121,4260668.712958576,5371107.641581503,-7605.685330311523,293.6223111784709,305.27703624604493,487.45119449852405,7617.4705430475315,8.480815874414095e-13,1.0,0.999999974126749,0.999999919216686,-0.0003033460423341666,-1.2000666653306e-05,0.00013288070896617826,-2.8754676880913657e-07,7.247762239590474e-07,-1.763588024426383e-06,1.2478313507952483e-05,-3.9971697303959256e-07,-2.936893103984464e-06,-1.2434860563508396e-05,4.1877702048876764e-07,2.8940028767572064e-06
7040.0,290263.676740893,4263342.334847079,5373828.453469117,-7609.715625439598,241.28008363718448,239.1116129191435,487.60207991330327,7617.2936363417375,8.460789551429219e-13,1.0,0.9999999741265782,0.999999919964818,-0.0003047451507390976,-8.36863007137275e-06,0.00012403174546604217,-2.719854766831069e-07,7.291049011713366e-07,-1.775363179811841e-06,1.2515652641635738e-05,-5.798914453248264e-07,-2.605983450253939e-06,-1.2471940199469884e-05,5.971672829952728e-07,2.5664023082031532e-06
7050.0,214150.26602897682,4265492.4142583525,5375887.499389887,-7612.811192548183,188.91189159540312,172.92138402686658,487.7534942208538,7617.11781195662,8.440740569264537e-13,1.0,0.9999999741264091,0.9999999206499868,-0.00030606623156824014,-4.71602657095508e-06,0.00011512627877524468,-2.563355593013696e-07,7.330075326323304e-07,-1.7861904889907352e-06,1.2549764446289691e-05,-7.604795448150015e-07,-2.274032282980548e-06,-1.2505814603516723e-05,7.759621220656461e-07,2.2377775335797777e-06
7060.0,138010.59128704495,4267118.726191716,5377284.57517175,-7614.971788351009,136.52412425194456,106.71444705186819,487.90542261169196,7616.943097272954,8.420671267472947e-13,1.0,0.9999999741262423,0.9999999212703907,-0.00030730886176246733,-1.0449905536607019e-06,0.00010616905977037774,-2.4060491189392834e-07,7.364820654454992e-07,-1.7960652664731774e-06,1.2580641449758047e-05,-9.413760521516541e-07,-1.9412155486058846e-06,-1.2536476364954566e-05,9.550571696803779e-07,1.908302764747751e-06
7070.0,61853.99624394016,4268221.114441476,5378019.563763343,-7616.197290737723,84.12316800350614,40.4988948811566,488.0578579134168,7616.769527780276,8.400582961365382e-13,1.0,0.9999999741260802,0.999999921824391,-0.0003084726586937173,2.6423349054563805e-06,9.716485928794758e-05,-2.2480143832193542e-07,7.395266445443886e-07,-1.8049833415391387e-06,1.26082778079592e-05,-1.1224755987656568e-06,-1.6077093733822754e-06,-1.256391963695382e-05,1.1343477616594435e-06,1.5781522637334112e-06
7080.0,-14310.198125035868,4268798.787691853,5378091.545728872,-7616.486442581789,31.71537195195129,-25.717217001896646,488.20966659135183,7616.595891216795,8.380624860925697e-13,1.0,0.9999999741257987,0.9999999223104226,-0.0003095571791748868,6.343826955840201e-06,8.811841739305531e-05,-2.0893524283774075e-07,7.421421635980184e-07,-1.8129340259109328e-06,1.2632667838707921e-05,-1.3036774119948633e-06,-1.2736954907816205e-06,-1.2588146387522882e-05,1.313749373826151e-06,1.2475306318118169e-06
7090.0,-90472.60032572693,4268853.154428789,5377502.381768813,-7615.841911128066,-20.692827022220122,-91.92575591386125,488.3631573884487,7616.424788113207,8.360493821375839e-13,1.0,0.9999999741256602,0.9999999227273578,-0.0003105623422248158,1.0057289643097013e-05,7.903468829045315e-05,-1.930118187584514e-07,7.443247456957637e-07,-1.8199229383282142e-06,1.2653814997948053e-05,-1.4848710436584526e-06,-9.393466382025834e-07,-1.2609141549209962e-05,1.4931149727273066e-06,9.165506094468102e-07
7100.0,-166623.8847989194,4268383.813666394,5376251.646103441,-7614.263132853307,-73.09504066203368,-158.11862281748986,488.5176193896132,7616.255473668155,8.340284220155705e-13,1.0,0.9999999741255863,0.9999999230740099,-0.0003114878104368495,1.3780560497051414e-05,6.991843610028713e-05,-1.7703699439922273e-07,7.460702131877783e-07,-1.8259517652897139e-06,1.2671712710397512e-05,-1.6659469799840613e-06,-6.048324524024921e-07,-1.2626907133278273e-05,1.672353698023814e-06,5.854051224872446e-07
7110.0,-242754.6815105674,4267390.220893848,5374338.732235378,-7611.749286643202,-125.48487847354829,-224.2877135868097,488.672007215878,7616.086832219339,8.320133140851335e-13,1.0,0.999999974125458,0.9999999233493323,-0.0003123332541764616,1.7511466222742144e-05,6.077444572547794e-05,-1.6102076328780502e-07,7.473795536672145e-07,-1.8310127739358005e-06,1.2686359700598432e-05,-1.8468021555690322e-06,-2.703331869271181e-07,-1.2641449977952421e-05,1.851378414858578e-06,2.5429695700040114e-07
7120.0,-318855.6072243817,4265872.731746978,5371764.171288381,-7608.30115604375,-177.85593358055945,-290.42491724983853,488.8266211107457,7615.919238458746,8.300001348758577e-13,1.0,0.9999999741253113,0.9999999235525607,-0.0003130985180111088,2.1247814709307255e-05,5.160759804128885e-05,-1.4497191473845964e-07,7.482531277146594e-07,-1.8351029963012516e-06,1.2697760296448007e-05,-2.027331862388259e-06,6.397228182323955e-08,-1.2652770635903314e-05,2.030078666197782e-06,-7.66075916245429e-08
7130.0,-394917.3701368377,4263831.611887405,5368528.380142075,-7603.919360850807,-230.20186165125818,-356.5222006788954,488.9815159539096,7615.752794242101,8.279881819893098e-13,1.0,0.9999999741251572,0.9999999236830921,-0.0003137834679313316,2.49874383421461e-05,4.242273150765012e-05,-1.28898804795246e-07,7.486909776280173e-07,-1.8382204451846923e-06,1.2705919147101444e-05,-2.207432119942304e-06,3.9790766961078244e-07,-1.2660872606730486e-05,2.2083487858829475e-06,-4.07136283789259e-07
7140.0,-470930.6344552385,4261267.155008178,5364631.811704872,-7598.604569847606,-282.51628792074746,-422.5714926297121,489.1366878601108,7615.58753664041,8.259775204274087e-13,1.0,0.9999999741249979,0.9999999237404923,-0.00031438800445668185,2.8728158042134247e-05,3.322471561536252e-05,-1.128095832853978e-07,7.48692947297055e-07,-1.8403639469576176e-06,1.2710842030970218e-05,-2.386998121122408e-06,7.312964329970884e-07,-1.2665761316707638e-05,2.386084218874308e-06,-7.371154257383191e-07
7150.0,-546886.059605826,4258179.7251346065,5360075.00801822,-7592.357575630109,-334.7928342441546,-488.564718669278,489.2921423588889,7615.42351300422,8.239680931017904e-13,1.0,0.9999999741248363,0.9999999237245069,-0.0003149120694397742,3.246779114729273e-05,2.401843032089192e-05,-9.671227218286377e-08,7.482589630043678e-07,-1.84153319188098e-06,1.27125362269277e-05,-2.565924996433789e-06,1.0639625551757597e-06,-1.2667443683885829e-05,2.5631805508163994e-06,-1.0663719874516682e-06
7160.0,-622774.3362718255,4254569.725326238,5354858.560395744,-7585.179238141322,-387.02514440069956,-554.4938327502292,489.44784646713083,7615.260727492301,8.219603395706674e-13,1.0,0.9999999741246717,0.9999999236350589,-0.0003153556412805852,3.620416104389987e-05,1.4808741995227099e-05,-8.061486763424022e-08,7.473891341704464e-07,-1.8417283793379187e-06,1.271101044157073e-05,-2.7441084120607112e-06,1.3957310498029838e-06,-1.2665928497214313e-05,2.7395343109889096e-06,-1.3947324934436259e-06
7170.0,-698586.1642185787,4250437.632956255,5348983.154190244,-7577.070547957268,-439.2068686986586,-620.350798255935,489.6037845884385,7615.099203236312,8.199544718161349e-13,1.0,0.9999999741245046,0.999999923472252,-0.0003157187399072541,3.993509185470287e-05,5.600515582274797e-06,-6.452534319897372e-08,7.460837547212014e-07,-1.8409502672608022e-06,1.270627501703685e-05,-2.921444318533214e-06,1.7264275640842664e-06,-1.2661225988218974e-05,2.915042147507765e-06,-1.7220245678593703e-06
7180.0,-774312.2377112074,4245783.987578935,5342449.55359462,-7568.0326048485285,-491.33165391790914,-686.1275750752051,489.75993744412347,7614.938959142791,8.179507470059555e-13,1.0,0.9999999741243355,0.9999999232363695,-0.00031600142475106716,4.365840590383421e-05,-3.6013810453607608e-06,-4.845165524928605e-08,7.443433084520753e-07,-1.8392001704511688e-06,1.2698341855114867e-05,-3.0978288333253607e-06,2.0558782212080022e-06,-1.2653347985190662e-05,3.089601151267414e-06,-2.0480763668908063e-06
7190.0,-849943.3114978814,4240609.612131927,5335258.880534348,-7558.067012830946,-543.3931804074327,-751.8161700379816,489.91664259673655,7614.7804086846245,8.159448577243573e-13,1.0,0.9999999741242068,0.9999999229279055,-0.0003162038259372774,4.7371932662991235e-05,-1.2792102543255598e-05,-3.2400492399464196e-08,7.421678446311822e-07,-1.8364825743714574e-06,1.2687224187445976e-05,-3.27315784917309e-06,2.3839132455516305e-06,-1.2642304552142166e-05,3.263104865099974e-06,-2.3727272944887624e-06
7200.0,-925470.0323367445,4234914.732205382,5327411.503403753,-7547.174307295882,-595.3850708461397,-817.4085076723192,490.07316687769907,7614.622779606921,8.139461942768939e-13,1.0,0.9999999741240355,0.999999922547439,-0.00031632601174928966,5.107349356504766e-05,-2.196679978328725e-05,-1.6381360640588223e-08,7.395590204241921e-07,-1.8327963813939277e-06,1.2672936076125274e-05,-3.4473289833914137e-06,2.7103569879808737e-06,-1.2628117160007056e-05,3.435459726102753e-06,-2.6957864210782708e-06
7210.0,-1000883.1775559271,4228700.297038214,5318908.703959165,-7535.356312022997,-647.3010294493683,-882.8966270164635,490.2298465173067,7614.4664833373645,8.11950450079466e-13,1.0,0.9999999741238635,0.9999999220958161,-0.00031636819648400423,5.476093019711333e-05,-3.112064075002714e-05,-4.0216562526505314e-10,7.365182427147087e-07,-1.8281447220630382e-06,1.2655495586953257e-05,-3.6202405450499564e-06,3.035038721080849e-06,-1.2610799098866059e-05,3.606560195384363e-06,-3.0170948805125315e-06
7220.0,-1076173.5017534215,4221967.098560422,5309751.565634149,-7522.614568756704,-699.1347449482681,-948.2725450915926,490.38666058072357,7614.311535617582,8.099578933602401e-13,1.0,0.9999999741236913,0.9999999215740271,-0.0003163305992745701,5.8432086839004614e-05,-4.0248806135134196e-05,1.5529346006989432e-08,7.330468657180141e-07,-1.822531083135732e-06,1.2634920758024096e-05,-3.7917908779623083e-06,3.3577885939365883e-06,-1.2590368398038413e-05,3.7763056395366068e-06,-3.336484492775426e-06
7230.0,-1151331.775511028,4214715.99162681,5299941.251449362,-7508.950729407674,-750.8799170860812,-1013.528293870978,490.5435877250377,7614.157951410796,8.079687948755734e-13,1.0,0.9999999741235195,0.9999999209832345,-0.00031621347796031675,6.208481516248115e-05,-4.934649526462759e-05,3.140543335721001e-08,7.291464887235242e-07,-1.8159594215565626e-06,1.2611231168920684e-05,-3.9618790106949634e-06,3.678437919082814e-06,-1.2566844612225609e-05,3.9445961185052196e-06,-3.653788199086953e-06
7240.0,-1226348.7864912865,4206947.893931856,5289479.003894597,-7494.3665558838575,-802.5302573302328,-1078.655921183749,490.700606249555,7614.005744953556,8.059834272223448e-13,1.0,0.9999999741233481,0.9999999203247705,-0.00031601712904688985,6.571697545744361e-05,-5.840892841943315e-05,4.721836762130129e-08,7.248189569110467e-07,-1.8084341544110898e-06,1.2584447931522796e-05,-4.130404716556069e-06,3.996819245470416e-06,-1.254024880937964e-05,4.111332436096531e-06,-3.968840147380304e-06
7250.0,-1301215.3405339222,4198663.785909838,5278366.144792195,-7478.863919897384,-854.0794895834897,-1143.647491617249,490.85769413392154,7613.854929794268,8.040020643142188e-13,1.0,0.9999999741231781,0.9999999196001345,-0.00031574188763138996,6.93264378576608e-05,-6.743134911517005e-05,6.296043918920816e-08,7.200663602249385e-07,-1.7999601519985484e-06,1.2554593678523819e-05,-4.297268570948342e-06,4.312766433240127e-06,-1.2510603557848901e-05,4.27641619032399e-06,-4.281475776744689e-06
7260.0,-1375922.2627511837,4189864.7106226687,5266604.07514484,-7462.444802751575,-905.5213508939942,-1208.4950874177828,491.01482906796315,7613.705518822736,8.020249809703255e-13,1.0,0.9999999741230085,0.9999999188109875,-0.00031538812729038304,7.291108355750489e-05,-7.640902635438629e-05,7.86239650206973e-08,7.148910308432518e-07,-1.790542733275262e-06,1.2521692550124256e-05,-4.462372006388719e-06,4.626114729998525e-06,-1.2477932912794522e-05,4.439749823487397e-06,-4.591531900888592e-06
7270.0,-1450460.398621718,4180551.773636919,5254194.2749696765,-7445.11129511085,-956.8495921641238,-1273.1908093897007,491.1719884756813,7613.557524293502,8.000524525839694e-13,1.0,0.9999999741228409,0.9999999179591522,-0.0003149562599304848,7.646880601370172e-05,-8.533725686115191e-05,9.420129597696535e-08,7.092955396841771e-07,-1.7801876630185567e-06,1.2485770179276313e-05,-4.625617365504365e-06,4.936700848270359e-06,-1.24422624018775e-05,4.601236671906882e-06,-4.898846790641688e-06
7280.0,-1524820.6150822255,4170726.1428911462,5241138.303120145,-7426.865596755427,-1008.057978857791,-1337.7267777923514,491.32914953509345,7613.410957844776,7.980847548489626e-13,1.0,0.9999999741226748,0.9999999170466051,-0.00031444673560243613,7.999751212810758e-05,-9.42113673049423e-05,1.0968482390635801e-07,7.032826923047761e-07,-1.7689011501533056e-06,1.2446853675759722e-05,-4.786907952293468e-06,5.2443630437910695e-06,-1.2403619010219527e-05,4.760781015249048e-06,-5.203260255493533e-06
7290.0,-1598993.8027781697,4160389.051428009,5227437.800716851,-7407.7100214657075,-1059.1402924022352,-1402.095134161466,491.48629396077337,7613.265835786416,7.961221040804595e-13,1.0,0.999999974122511,0.9999999160754746,-0.00031386004266808587,8.349512359327902e-05,-0.00010302671696345948,1.250670075608955e-07,6.968555200388757e-07,-1.7566898788593736e-06,1.2404971602167362e-05,-4.946148084925975e-06,5.548941243495862e-06,-1.236203110552032e-05,4.918288099311015e-06,-5.5046138715448444e-06
7300.0,-1672970.8766630061,4149541.7954238094,5213094.488651716,-7387.6469935339655,-1110.090330514635,-1466.288041695709,491.6434050597232,7613.122175835179,7.941646945633246e-13,1.0,0.9999999741223504,0.9999999150480355,-0.00031319670715641666,8.69595779238945e-05,-0.00011177869997329719,1.4034038263742496e-07,6.900172739646111e-07,-1.7435610109993987e-06,1.2360153935790117e-05,-5.103243136958573e-06,5.850277129505422e-06,-1.2317528452215754e-05,5.073664212646589e-06,-5.802750972566488e-06
7310.0,-1746742.77485445,4138185.7287731543,5198110.160755301,-7366.679038089304,-1160.9019065216607,-1530.297684313523,491.80045900758074,7612.979987455984,7.92212807097399e-13,1.0,0.9999999741221934,0.9999999139667036,-0.00031245729166201727,9.038882918086607e-05,-0.00012046274684220552,1.5549753131353872e-07,6.827714292790803e-07,-1.7295221272127813e-06,1.2312432060362595e-05,-5.258099577738451e-06,6.14821413271747e-06,-1.2270142305286554e-05,5.2268167773135435e-06,-6.097516456965373e-06
7320.0,-1820300.4612594508,4126322.267142292,5182486.688893519,-7344.808788297433,-1211.5688511268927,-1594.116268957578,491.9574318207288,7612.83927957417,7.902667215928451e-13,1.0,0.9999999741220399,0.9999999128340302,-0.00031164239574856017,9.378084935963354e-05,-0.00012907432703589938,1.7053108666669124e-07,6.751216847726084e-07,-1.7145812290564025e-06,1.2261838777632452e-05,-5.410625038648433e-06,6.4425975272886375e-06,-1.2219905310144077e-05,5.377654349977587e-06,-6.38875707845214e-06
7330.0,-1893634.926653473,4113952.887793183,5166226.0227346355,-7322.038985048186,-1262.085013110324,-1657.7360264811564,492.1142993633868,7612.700060581442,7.883267169792396e-13,1.0,0.9999999741218901,0.9999999116526974,-0.00031075265567100243,9.713362949188153e-05,-0.00013760895109109363,1.8543374186813262e-07,6.670719565701779e-07,-1.6987467420492356e-06,1.2208408285220595e-05,-5.560728357551732e-06,6.733274509905749e-06,-1.2166851484067237e-05,5.526086668675093e-06,-6.67632152236803e-06
7340.0,-1966737.1897567024,4101079.129400289,5149330.189507059,-7298.372476632022,-1312.4442600262778,-1721.1492125323964,492.27103735436964,7612.562338341581,7.863930711212613e-13,1.0,0.9999999741217442,0.9999999104255113,-0.00030978874405485215,0.00010044518071735344,-0.0001460621727414723,2.0019825817039448e-07,6.586263724322487e-07,-1.6820275177821946e-06,1.2152176154210439e-05,-5.7083196225543715e-06,7.020094278546295e-06,-1.2111016196968049e-05,5.672024698932059e-06,-6.960060480900437e-06
7350.0,-2039598.2983067425,4087702.59186022,5131801.293748081,-7273.812218405707,-1362.640478899486,-1784.348108436095,492.427621373632,7612.426120196047,7.844660607394324e-13,1.0,0.999999974121602,0.9999999091553962,-0.00030875136953817394,0.00010371353532853591,-0.00015442959105152625,2.148174718379673e-07,6.497892666057862e-07,-1.664432834963359e-06,1.2093179306514434e-05,-5.853310215206613e-06,7.302908110408511e-06,-1.2052436151497074e-05,5.815380679213174e-06,-7.239826727151171e-06
7360.0,-2112209.3301279107,4073824.9360942678,5113641.517043597,-7248.361272447199,-1412.6675769194467,-1847.3250220731989,492.58402686863576,7612.2914129695255,7.825459613353975e-13,1.0,0.9999999741214638,0.9999999078453885,-0.00030764127638122763,0.00010693674779088766,-0.00016270685255279397,2.2928430017839716e-07,6.40565175186701e-07,-1.6459723993414364e-06,1.2031455992025684e-05,-5.99561285322013e-06,7.581569438753674e-06,-1.1991149362501074e-05,5.956068165677161e-06,-7.515475188022017e-06
7370.0,-2184561.3941970663,4059447.8838438573,5094853.117758878,-7222.022807199742,-1462.5194821330513,-1910.072288757988,492.7402291606227,7612.158222975475,7.806330471206898e-13,1.0,0.9999999741213295,0.9999999064986296,-0.0003064592440478623,0.00011011289574103421,-0.0001708896533768821,2.435917468237931e-07,6.309588319358338e-07,-1.6266563425061524e-06,1.1967045765539415e-05,-6.135141632739476e-06,7.855933928455935e-06,-1.192719513584466e-05,6.094002076214809e-06,-7.786863015883655e-06
7380.0,-2256645.631705585,4044573.2174590295,5075438.430760494,-7194.800097105346,-1512.190144135259,-1972.5822721126601,492.89620345079805,7612.026556021731,7.78727590948875e-13,1.0,0.9999999741211995,0.9999999051183596,-0.0003052060867620691,0.00011324008096501564,-0.00017897374137970743,2.5773290640023617e-07,6.209751644794907e-07,-1.6064952196056719e-06,1.1899989463416014e-05,-6.271812070175362e-06,8.12585955010102e-06,-1.1860614046609524e-05,6.229098733746344e-06,-8.053849658991363e-06
7390.0,-2328453.2171178316,4029202.77967989,5055399.867129354,-7166.696522227472,-1561.6735347580961,-2034.8473649396644,493.0519248264758,7611.896417416167,7.768298642504326e-13,1.0,0.9999999741210736,0.9999999037079091,-0.0003038826530424402,0.00011631643035834979,-0.00018695491825176548,2.717009687068368e-07,6.106192908214487e-07,-1.5855000060506404e-06,1.1830329179949141e-05,-6.4055411435858205e-06,8.391206652519293e-06,-1.1791447916683547e-05,6.361275908756804e-06,-8.316296930616033e-06
7400.0,-2399975.3592255046,4013338.473411168,5034739.913865006,-7137.715567863158,-1610.9636487575794,-2096.8599900912927,493.20736826719343,7611.767811972464,7.749401369702463e-13,1.0,0.9999999741209517,0.9999999022706929,-0.00030248982521672614,0.00011934009686926336,-0.00019482904160951525,2.8548922250768236e-07,5.998965160935597e-07,-1.5636820932923696e-06,1.1758108243403009e-05,-6.536247333572236e-06,8.651838033668e-06,-1.1719739791754026e-05,6.490452861046845e-06,-8.574069076854811e-06
7410.0,-2471203.302198332,3996982.261489798,5013461.133581125,-7107.860824144355,-1660.054504498935,-2158.6126013369776,493.36250865082815,7611.6407440159755,7.730586775073008e-13,1.0,0.999999974120834,0.9999999008102025,-0.0003010285189181989,0.00012230926042613692,-0.00020259202706356385,2.9909105902297486e-07,5.888123294761528e-07,-1.5410532837741e-06,1.1683371191683102e-05,-6.663850663647513e-06,8.907619009810496e-06,-1.1645533917717963e-05,6.616550380679168e-06,-8.827032843091665e-06
7420.0,-2542128.326630381,3980136.16644569,4991566.164192355,-7077.135985628746,-1708.940144639624,-2220.097684227693,493.51732075970807,7611.5152173897295,7.711857526566389e-13,1.0,0.9999999741207206,0.9999998993299979,-0.0002994996825651581,0.000125222128849828,-0.00021023985025969992,3.124999751881964e-07,5.773724012260939e-07,-1.517625785156223e-06,1.160616374761176e-05,-6.788272740024546e-06,9.15841748295622e-06,-1.1568875716524393e-05,6.7394908280990704e-06,-9.075057539073323e-06
7430.0,-2612741.3325308687,3962801.5845643063,4969056.85605319,-7045.543621789646,-1757.6143713647161,-2281.307409984243,493.6706012087073,7611.389932451074,7.693358284444421e-13,0.0,0.999999974120575,0.9999998978775162,-0.00029790422843741513,0.00012803974809783142,-0.00021758906524252332,3.256889685290022e-07,5.474818281004123e-07,-1.4058572557253154e-06,1.1526554335640993e-05,-6.883686099392567e-06,9.30748677662485e-06,-1.148989771636429e-05,6.7496110643082845e-06,-8.87997492145255e-06
7440.0,-2683034.5002245023,3944982.0309726736,4945937.7251526425,-7013.090081917657,-1806.0718253528355,-2342.2350450267513,493.8246802758966,7611.267499015956,7.674807381306775e-13,0.0,0.999999974120558,0.9999998965347465,-0.00029624340535869026,0.00013070065950019586,-0.00022434080165069625,3.3867355302803295e-07,5.18909995214942e-07,-1.2993904800726996e-06,1.1444575254611482e-05,-6.972809168582358e-06,9.438566660342732e-06,-1.1408486241703028e-05,6.8659922761392805e-06,-9.117718940057533e-06
7450.0,-2752998.8199951774,3926679.0173448357,4922210.767226577,-6979.77815292272,-1854.3063441982788,-2402.8728075714907,493.97835447072515,7611.1466160834,7.65634977974134e-13,0.0,0.9999999741205245,0.9999998952788193,-0.000294518144718242,0.00013323401915229816,-0.000230632085679655,3.514508471037532e-07,4.962045744089695e-07,-1.2208076763036259e-06,1.1360266624868198e-05,-7.0637332881898864e-06,9.582354086614383e-06,-1.1324770847100559e-05,6.97898632194553e-06,-9.35014332506365e-06
7460.0,-2822625.728511613,3907894.8024540874,4897878.918089762,-6945.611942756629,-1902.3120745224326,-2463.2133188922976,494.1315982557116,7611.027285630093,7.637988077694346e-13,0.0,0.9999999741204787,0.9999998940852424,-0.00029272951499372137,0.00013566607313721118,-0.0002365895385519019,3.640124936359473e-07,4.78161998761287e-07,-1.1650349576310028e-06,1.1273681219490233e-05,-7.1560963755375e-06,9.738090686738732e-06,-1.1238799783536363e-05,7.0885254971196905e-06,-9.577131834976844e-06
7470.0,-2891906.704034535,3888631.70346787,4872945.187162326,-6910.595661590089,-1950.083190623561,-2523.249236326,494.28438602863906,7610.909509182202,7.619724854467887e-13,0.0,0.9999999741204233,0.9999998929325596,-0.00029087862114840626,0.00013801727021891613,-0.00024231503760815102,3.763515031487211e-07,4.636690212153495e-07,-1.1272738856920342e-06,1.118487162469105e-05,-7.249378921545008e-06,9.904413068874692e-06,-1.1150622532930623e-05,7.194543128809641e-06,-9.798570076489409e-06
7480.0,-2960833.2674367297,3868892.0956677296,4847412.6571049625,-6874.733621339382,-1997.6138951473622,-2582.9732541202497,494.4366921288585,7610.793287822266,7.601562670244698e-13,0.0,0.9999999741203608,0.9999998918029711,-0.0002889665990007223,0.00014030279301628702,-0.0002478874729625875,3.8846180187725947e-07,4.5173235218644057e-07,-1.103143527557475e-06,1.109389055761692e-05,-7.342969702656004e-06,1.0079565772264751e-05,-1.1060289806727216e-05,7.2969736884264e-06,-1.0014345715071965e-05
7490.0,-3029396.9780098666,3848678.414123531,4821284.485973844,-6838.030238740957,-2044.898416171609,-2642.378099770278,494.5884914195286,7610.6786228655355,7.583503997199266e-13,0.0,0.9999999741202933,0.9999998906825408,-0.0002869946124182227,0.00014253320483469806,-0.00025336509586381805,4.003378875041202e-07,4.414938587740775e-07,-1.0887650458743908e-06,1.1000791167719856e-05,-7.436217542641664e-06,1.0261575182286e-05,-1.0967853524995144e-05,7.395752909487387e-06,-1.0224348691390937e-05
7500.0,-3097589.4502436793,3827993.1475475915,4794563.899291855,-6800.490024242634,-2091.931018708928,-2701.4565484943555,494.7397575393766,7610.565513827681,7.565551427859646e-13,0.0,0.9999999741202225,0.9999998895611534,-0.00028496384886466097,0.00014471512638664427,-0.0002587880671665854,4.119745972613272e-07,4.3223687988338926e-07,-1.0808106982193525e-06,1.0905627139101092e-05,-7.528472494889649e-06,1.044839323608297e-05,-1.0873366795792286e-05,7.490817924158419e-06,-1.042847141818226e-05
7510.0,-3165402.3389173774,3806838.8438158594,4767254.197167273,-6762.117592048828,-2138.7059944471484,-2760.2014103285014,494.8904646925321,7610.45396050458,7.547707462112414e-13,0.0,0.9999999741201491,0.9999998884322264,-0.0002828755207293259,0.00014685195223543748,-0.00026418133440055407,4.233669106267115e-07,4.233810791926861e-07,-1.076502678407738e-06,1.0808452978882074e-05,-7.6191134365019395e-06,1.063800025052837e-05,-1.0776883863037369e-05,7.582107370684003e-06,-1.0626608981423045e-05
7520.0,-3232827.345452744,3785218.10773149,4739358.751405534,-6722.917656109162,-2185.217666079936,-2818.6055355794037,495.0405870502302,7610.343962277329,7.529974578992179e-13,0.0,0.9999999741200751,0.999999887292357,-0.0002807308642426824,0.00014894450415568267,-0.0002695573054555341,4.345098646707496e-07,4.144740124451979e-07,-1.0735965741438286e-06,1.0709324077946476e-05,-7.707568171221167e-06,1.0828484204144447e-05,-1.067846006224002e-05,7.669561511688331e-06,-1.0818659310407165e-05
7530.0,-3299856.2189090187,3763133.6007115506,4710881.005102423,-6682.895029591486,-2231.4603879653346,-2876.661815656364,495.1900987573136,7610.235518119814,7.512355236283874e-13,0.0,0.999999974120002,0.9999998861408901,-0.0002785311395176879,0.0001509916386806945,-0.0002749184257841555,4.4539850086095586e-07,4.051783244150844e-07,-1.07034333312351e-06,1.0608296776506533e-05,-7.793325411580838e-06,1.1018093923789883e-05,-1.0578151767479744e-05,7.753122338450153e-06,-1.100452333033681e-05
7540.0,-3366480.7569724843,3740588.040467122,4681824.472228938,-6642.054624344115,-2277.428546781761,-2934.3631838998936,495.33897393876595,7610.128626606429,7.494851870140692e-13,0.0,0.9999999741199306,0.9999998849794667,-0.0002762776307574836,0.0001529907849899817,-0.0002802595328855279,4.560278482383962e-07,3.952568785693786e-07,-1.065439139018019e-06,1.0505428393100497e-05,-7.875940603969784e-06,1.1205271497372503e-05,-1.0476016335814674e-05,7.832733664393513e-06,-1.1184105093632944e-05
7550.0,-3432692.806940459,3717584.200676904,4652192.737207959,-6600.4014503473645,-2323.116562181285,-2991.7026164067265,495.48718670629614,7610.023285919921,7.477466894715375e-13,0.0,0.9999999741198621,0.9999998838115736,-0.0002739716464704713,0.00015493840617899376,-0.00028556994148400415,4.6639293159190596e-07,3.845571113135143e-07,-1.0579685549245413e-06,1.0400777223780032e-05,-7.95503700916682e-06,1.1388667864921051e-05,-1.0372112050892665e-05,7.908341207294652e-06,-1.1357311890653112e-05
7560.0,-3498484.2666999674,3694124.9106542193,4621989.454482556,-6557.940615154128,-2368.5188874403807,-3048.6731328515,495.6347111649271,7609.919493859347,7.460202701809744e-13,0.0,0.9999999741197968,0.9999998826421147,-0.0002716145195874552,0.00015683038259334253,-0.0002908352368376032,4.7648879527297037e-07,3.7299558487297835e-07,-1.0473452008572827e-06,1.029440251851008e-05,-8.030303292593703e-06,1.1567145260566059e-05,-1.0266498067147673e-05,7.979892660349973e-06,-1.1524054341363064e-05
7570.0,-3563847.085700544,3670213.0550075867,4591218.348076202,-6514.6773233198,-2413.6300101077895,-3105.2677973046443,495.78152141963875,7609.817247848164,7.443061660536427e-13,0.0,0.9999999741197355,0.9999998814770176,-0.0002692076074189676,0.00015866232006152514,-0.0002960387724018221,4.863105352740919e-07,3.605434351319755e-07,-1.0332532346812217e-06,1.0186364441170115e-05,-8.101488703051736e-06,1.1739769808417992e-05,-1.0159234355596212e-05,8.047337752708927e-06,-1.1684246470046324e-05
7580.0,-3628773.265921474,3645851.57329476,4559883.211144722,-6470.616875821226,-2458.4444526497136,-3161.479719046739,495.9275915820273,7609.716544942422,7.42604611699696e-13,0.0,0.999999974119678,0.9999998803228793,-0.00026675229142448246,0.00016042978873153163,-0.00030116288215992925,4.958533340258117e-07,3.472131755901523e-07,-1.015592022403985e-06,1.007672401869222e-05,-8.168396739045784e-06,1.190579715529816e-05,-1.0050381651918775e-05,8.110628300377717e-06,-1.1837805765409965e-05
7590.0,-3693254.862832989,3621043.4596703914,4527987.905520201,-6425.764669464957,-2502.956773092021,-3217.3020533789595,496.07289577700107,7609.617381839102,7.409158393973412e-13,0.0,0.9999999741196246,0.999999879186662,-0.00026424997678999154,0.0001621285000203038,-0.0003061898279061799,5.05112493979583e-07,3.330471257328475e-07,-9.94425623613024e-07,9.965543083929228e-06,-8.230878027848835e-06,1.2064653584287272e-05,-9.940001407225918e-06,8.169718248572455e-06,-1.1984653228512417e-05
7600.0,-3757283.986351624,3595791.762527229,4495536.361246731,-6380.126196284541,-2547.161565659605,-3272.728002429772,496.2174081495041,7609.519754884515,7.392400790634369e-13,0.0,0.9999999741195761,0.9999998780754346,-0.0002617020918274299,0.00016375443012706768,-0.00031110250825761677,5.140834674102172e-07,3.1810757927459637e-07,-9.699380827702004e-07,9.852884215885643e-06,-8.288822981131166e-06,1.2215914619642209e-05,-9.828155741671712e-06,8.22456370667135e-06,-1.2124713410853922e-05
7610.0,-3820852.8017893783,3570099.5841309824,4462532.576108182,-6333.707042927076,-2591.053461412661,-3327.7508159575946,496.361102871269,7609.423660082873,7.375775582254618e-13,0.0,0.9999999741195315,0.9999998769961622,-0.00025911008722010115,0.00016530389883331434,-0.0003158849597894138,5.227618809776879e-07,3.024687113490102e-07,-9.423950027703984e-07,9.738810680042685e-06,-8.342154646620966e-06,1.2359282723437663e-05,-9.714907400891112e-06,8.275122976908548e-06,-1.2257914444775598e-05
7620.0,-3883953.5307967896,3543970.0802487903,4428980.6151478775,-6286.512890028801,-2634.627128879958,-3382.3637921495097,496.5039541475791,7609.329093104892,7.359285019950485e-13,0.0,0.9999999741194909,0.9999998759555455,-0.00025647543514375787,0.0001667736120849776,-0.0003205226820219959,5.311435544476987e-07,2.862101394051298e-07,-9.121114751102364e-07,9.623386370695894e-06,-8.390822050235098e-06,1.2494565309520784e-05,-9.600319715097014e-06,8.321356577889723e-06,-1.2384188068052597e-05
7630.0,-3946578.45229966,3517406.4597713933,4394884.610180359,-6238.549511579874,-2677.8772746889385,-3436.5602784158054,496.6459362240722,7609.236049296556,7.342931330426803e-13,0.0,0.9999999741194541,0.9999998749598987,-0.00025379962829463293,0.00016816067627447854,-0.0003250028175689941,5.392245136042107e-07,2.694119956086649e-07,-8.794261399107222e-07,9.506675756526601e-06,-8.434794218180598e-06,1.2621653968465992e-05,-9.484456560575154e-06,8.363227263910332e-06,-1.2503469644271664e-05
7640.0,-4008719.9034293485,3490411.9843290313,4360248.759295218,-6189.8227742782965,-2720.7986441925723,-3490.333672180288,496.7870233935537,7609.144523687924,7.326716715738659e-13,0.0,0.9999999741194205,0.9999998740150688,-0.0002510841788545231,0.00016946259133642912,-0.00032931421705653094,5.470009978226413e-07,2.5215133417455074e-07,-8.446809360631676e-07,9.388743830056679e-06,-8.474054983250451e-06,1.2740505511696977e-05,-9.367382323255366e-06,8.40070004093534e-06,-1.2615698180277025e-05
7650.0,-4070370.280446573,3462989.9679010706,4325077.326353028,-6140.338636872945,-2763.3860220929414,-3543.6774216662925,496.9271900028279,7609.054511002061,7.310643353066603e-13,0.0,0.99999997411939,0.9999998731263868,-0.00024833061741996975,0.00017067722884217448,-0.0003334474158533784,5.544694630431039e-07,2.3449968073243738e-07,-8.082059635039256e-07,9.269656061186845e-06,-8.508598612664047e-06,1.2851125204554174e-05,-9.24916186400805e-06,8.433742179968802e-06,-1.2720816341675663e-05
7660.0,-4131522.0396585776,3435143.776419421,4289374.640473469,-6090.103149495749,-2805.634233061441,-3596.585026678283,497.06641045954547,7608.966005664023,7.294713394505175e-13,0.0,0.9999999741193625,0.999999872298647,-0.000245540491918418,0.00017180280030450304,-0.00033739454654833787,5.61626581021133e-07,2.1652152837410252e-07,-7.703088028339987e-07,9.14947835468518e-06,-8.538426244516562e-06,1.2953552365056333e-05,-9.129860485311008e-06,8.46232322841013e-06,-1.2818770467122063e-05
7670.0,-4192167.6983296536,3406876.8273657216,4253145.095515558,-6039.122452982895,-2847.538142355612,-3649.050039379027,497.2046592390602,7608.879001809943,7.278928966864865e-13,0.0,0.9999999741193374,0.9999998715361079,-0.0002427153665295773,0.00017283781994457804,-0.000341149207751362,5.684692357680333e-07,1.9827359275542747e-07,-7.312676096444678e-07,9.02827701126278e-06,-8.563543084073705e-06,1.304784835429902e-05,-9.009543898946772e-06,8.486415019869096e-06,-1.2909510581865117e-05
7680.0,-4252299.8355845865,3378192.589362481,4216393.149550312,-5987.402778185391,-2889.092656432268,-3701.0660650619566,497.34191089130564,7608.793493296173,7.263292171486173e-13,0.0,0.9999999741193143,0.999999870842511,-0.0002398568206255485,0.00017378106527107053,-0.0003447063063938847,5.749945180554903e-07,1.7980465334641146e-07,-6.913273105372323e-07,8.906118691731268e-06,-8.583956287561388e-06,1.3134086871594543e-05,-8.888278194420188e-06,8.505991682797906e-06,-1.2992990410839069e-05
7690.0,-4311911.09330542,3349094.5817579846,4179123.3243255303,-5934.950445268517,-2930.2927235572224,-3752.626762919054,497.4781400476675,7608.709473708514,7.247805084067691e-13,0.0,0.9999999741192928,0.9999998702211103,-0.00023696644773884838,0.00017463153800475803,-0.00034806188742312575,5.811997187699589e-07,1.6115582700190484e-07,-6.506982647987037e-07,8.783070383665507e-06,-8.599673447520465e-06,1.3212346387678025e-05,-8.766129807822784e-06,8.521029648198583e-06,-1.3069167391418689e-05
7700.0,-4370994.177021033,3319586.3742051767,4141340.2047229866,-5881.771863000518,-2971.133334411228,-3803.7258468038212,497.6133214278715,7608.626936371477,7.232469754505869e-13,0.0,0.999999974119273,0.9999998696747114,-0.00023404585456363944,0.00017538842716667606,-0.0003512129617388561,5.870823217852882e-07,1.4236114133380337e-07,-6.095568112648754e-07,8.659199369980977e-06,-8.610701588132839e-06,1.3282704497639065e-05,-8.64316549091427e-06,8.531507656578953e-06,-1.3138002685833745e-05
7710.0,-4429541.856789525,3289671.5862345053,4103048.4382080445,-5827.873528030488,-3011.6095226921507,-3854.357085989327,497.7474298468623,7608.545874357644,7.217288206748383e-13,0.0,0.9999999741192547,0.9999998692057119,-0.00023109665999219417,0.00017605107554114952,-0.0003541573404836939,5.926399968901848e-07,1.2344829725558055e-07,-5.680471868212143e-07,8.534573198863321e-06,-8.617046579261841e-06,1.334523394661819e-05,-8.519452280235662e-06,8.5374067642605e-06,-1.3199461193146624e-05
7720.0,-4487546.968073322,3259353.886820782,4064252.734271714,-5773.262024155395,-3051.716365713276,-3904.5143059212073,497.8804402216952,7608.46628049704,7.202262438658498e-13,0.0,0.999999974119237,0.9999998688161434,-0.00022812049418605696,0.00017661895022634148,-0.00035689348141062285,5.978705931757521e-07,1.0443953131412738e-07,-5.262843753074657e-07,8.409259654540524e-06,-8.618712882659362e-06,1.3400000071075721e-05,-8.395057466111176e-06,8.538710349086605e-06,-1.325351156063801e-05
7730.0,-4545002.412607038,3228636.9939439995,4024957.8638651217,-5717.944021576167,-3091.448984997779,-3954.191388965671,498.0123275784254,7608.388147386587,7.187394421891329e-13,0.0,0.9999999741192201,0.9999998685077154,-0.00022511899767944533,0.00017709161758884453,-0.0003594203510292314,6.027721331631178e-07,8.53525081706101e-08,-4.843575187375944e-07,8.283326728462477e-06,-8.615703551380796e-06,1.3447059402236058e-05,-8.270048561436877e-06,8.535404115536999e-06,-1.3300126194409224e-05
7740.0,-4601901.159257625,3197524.6741443253,3985168.6588266417,-5661.926276143148,-3130.8025468690435,-4003.3822751521056,498.14306705897485,7608.311467399581,7.172686101783974e-13,0.0,0.9999999741192038,0.9999998682818505,-0.0002220938205111554,0.0001774687226363442,-0.00036173730457009933,6.073428078408041e-07,6.620119128929914e-08,-4.4233359324236776e-07,8.156842590533969e-06,-8.608020412821145e-06,1.3486459192398094e-05,-8.144493270191488e-06,8.527476099224074e-06,-1.3339281268995302e-05
7750.0,-4658236.244877113,3166020.742071125,3944890.0113015296,-5605.21562859058,-3169.772263036982,-4052.0809629104706,498.272633928014,7608.236232695205,7.158139397254699e-13,0.0,0.9999999741191877,0.9999998681397193,-0.0002190466213804392,0.000177749972602463,-0.000363843984485223,6.115809726875172e-07,4.6996655247792494e-08,-4.0026111755869e-07,8.029875560127175e-06,-8.595664375938528e-06,1.35182376458081e-05,-8.018459455633372e-06,8.514916670727092e-06,-1.3370956735787264e-05
7760.0,-4714000.7751475135,3134129.0600262107,3904126.8731542844,-5547.8190037604545,-3208.353391180089,-4100.281509803139,498.40100357982425,7608.162435228097,7.143756200714446e-13,0.0,0.9999999741191719,0.99999986808227,-0.00021597906682204026,0.0001779351243884971,-0.0003657402371915766,6.154851446805426e-07,2.7747815990437113e-08,-3.5817372064292064e-07,7.90249407668053e-06,-8.578635813491132e-06,1.3542424661059066e-05,-7.892015108176639e-06,8.497718538707392e-06,-1.3395136330072712e-05
7770.0,-4769187.925417995,3101853.5375012327,3862884.255373647,-5489.743409815483,-3246.5412355232706,-4147.978033251255,498.52815154513905,7608.0900667579135,7.129538377990513e-13,0.0,0.999999974119156,0.9999998681102511,-0.00021289283039559181,0.0001780239754157682,-0.0003674260470292196,6.190540002322974e-07,8.462065853110626e-09,-3.160934461966789e-07,7.774766669759347e-06,-8.556934979949995e-06,1.3559042919254281e-05,-7.765228312958518e-06,8.475876752242485e-06,-1.3411807576526889e-05
7780.0,-4823790.941534022,3069198.1307093846,3821167.2274704636,-5430.995937441485,-3284.331147411224,-4195.164711255299,498.65405349798874,7608.019118858942,7.115487768258844e-13,0.0,0.9999999741191398,0.9999998682242301,-0.0002097895918849182,0.00017801635739806025,-0.0003689014859060049,6.222863739574917e-07,-1.0854191554519733e-08,-2.7403371524882244e-07,7.64676192851654e-06,-8.530562434771145e-06,1.3568109179716767e-05,-7.638167217126085e-06,8.449388702317156e-06,-1.3420961793012912e-05
7790.0,-4877803.140658669,3036166.842111279,3778980.916868206,-5371.583759038849,-3321.7185258774853,-4241.835783110047,498.77868526251615,7607.949582929717,7.10160618398826e-13,0.0,0.9999999741191231,0.9999998684246084,-0.00020667103650324803,0.00017791213253540625,-0.0003701666767988594,6.251812581475252e-07,-3.019510530065115e-08,-2.3200190355040718e-07,7.518548470540859e-06,-8.499519448748602e-06,1.3569635671574269e-05,-7.510899996882174e-06,8.418254122411573e-06,-1.3422594092576496e-05
7800.0,-4931217.912085509,3002763.719935321,3736330.508286595,-5311.51412790362,-3358.6988182087493,-4287.985550113359,498.9020228197733,7607.881450202649,7.087895410894793e-13,0.0,0.9999999741191059,0.9999998687116304,-0.000203538854101005,0.00017771119164879657,-0.00037122176913899325,6.277378028167104e-07,-4.95550341601975e-08,-1.9000151883890824e-07,7.390194910121617e-06,-8.463808378063278e-06,1.356363149416203e-05,-7.383494824338271e-06,8.382475088133232e-06,-1.3416703383549578e-05
7810.0,-4984028.718043512,2968992.8576923017,3693221.243117959,-5250.794377397673,-3395.2675205047017,-4333.608376269181,499.02404231448935,7607.814711753669,7.074357207906721e-13,0.0,0.9999999741190879,0.9999998690853893,-0.00020039473837344868,0.0001774134538120239,-0.00037206692409030845,6.29955316182119e-07,-6.892828802025742e-08,-1.4803398465287413e-07,7.261769825985689e-06,-8.423432996388233e-06,1.3550103961282185e-05,-7.256019834224516e-06,8.342056015845707e-06,-1.3403292367702809e-05
7820.0,-5036229.094493472,2934858.3936845027,3649658.418796699,-5189.4319201084245,-3431.4201782330315,-4378.698688984272,499.14472006182467,7607.749358511859,7.06099330713807e-13,0.0,0.9999999741190687,0.9999998695458309,-0.0001972403860661603,0.00017701886708502827,-0.0003727023078051572,6.318332654444085e-07,-8.830894325210785e-08,-1.0610005310319328e-07,7.133341728586139e-06,-8.378398780062737e-06,1.352905984360728e-05,-7.128543090509765e-06,8.297003660256096e-06,-1.3382367536411876e-05
7830.0,-5087812.651915934,2900364.510509301,3605647.3881618557,-5127.434246998043,-3467.1523867795813,-4423.25097975864,499.2640325540938,7607.685381269096,7.047805413871894e-13,0.0,0.9999999741190482,0.9999998700927535,-0.00019407749617698008,0.00017652741000725,-0.00037312809088210005,6.333712777486963e-07,-1.0769072090444968e-07,-6.420087966078289e-08,7.004979027031382e-06,-8.328713144932646e-06,1.350050647980769e-05,-7.0011325529835316e-06,8.24732711093015e-06,-1.3353939164821415e-05
7840.0,-5138773.076090719,2865515.4345571892,3561193.5588126658,-5064.808926541934,-3502.4597919936837,-4467.25980486973,499.3819564674534,7607.622770689673,7.034795206553258e-13,0.0,0.9999999741190262,0.9999998707258076,-0.00019090776915356984,0.00017593909356536066,-0.00037334445243315687,6.345691412193613e-07,-1.2706691658357904e-07,-2.2338799447294873e-08,6.876749995749054e-06,-8.274385636148708e-06,1.3464452740353301e-05,-6.873856043848688e-06,8.193037787711768e-06,-1.3318021304007671e-05
7850.0,-5189104.128867606,2830315.435504478,3516302.392457445,-5001.56360385695,-3537.338090728356,-4510.719786049981,499.4984686685512,7607.561517319925,7.021964336791747e-13,0.0,0.9999999741190028,0.9999998714444931,-0.00018773290608631855,0.0001752539634041305,-0.00037335158737413724,6.354268059787931e-07,-1.4643037143524586e-07,1.9482152475391628e-08,6.748722740981735e-06,-8.215428074091316e-06,1.3420909838558268e-05,-6.746781214371678e-06,8.134149435031085e-06,-1.3274631771154775e-05
7860.0,-5238799.648928384,2794768.825800543,3470979.404255637,-4937.705999819044,-3571.783031375464,-4553.625611157834,499.613546221165,7607.501611597808,7.009314429369673e-13,0.0,0.9999999741189776,0.9999998722481557,-0.00018455460789668828,0.00017447210209986402,-0.00037314971576584604,6.35944385078887e-07,-1.6577347455453604e-07,6.125593397706559e-08,6.620965167203392e-06,-8.151854660797751e-06,1.3369891991550586e-05,-6.619975511630655e-06,8.070678115092023e-06,-1.3223792137769946e-05
7870.0,-5287853.552539904,2758879.960149819,3425230.1621532682,-4873.243910170667,-3605.7904143955966,-4595.972034841927,499.7271663927659,7607.443043862484,6.996847082262732e-13,0.0,0.9999999741189504,0.9999998731359843,-0.0001813745745214683,0.0001735936313613585,-0.0003727390932446472,6.361221552901091e-07,-1.8508818828274218e-07,1.0297436069623844e-07,6.4935449435420645e-06,-8.083682051935118e-06,1.3311416939728743e-05,-6.493506145401195e-06,8.002642199933894e-06,-1.3165527715967294e-05
7880.0,-5336259.83429827,2722653.2349884296,3379060.2862116857,-4808.1852046176755,-3639.3560928427264,-4637.753879198518,499.8393066610629,7607.385804363856,6.984563866666201e-13,0.0,0.9999999741189208,0.9999998741070071,-0.0001781945040936335,0.00017261871406290384,-0.000372120021779623,6.359605577090988e-07,-2.0436608908561113e-07,1.4462710469412658e-07,6.36652947028328e-06,-8.010929399596467e-06,1.3245506337261886e-05,-6.3674400552106685e-06,7.93006236236829e-06,-1.30998675428576e-05
7890.0,-5384012.567863836,2686093.0879557165,3332475.447929902,-4742.537825916213,-3672.4759728833405,-4678.9660344218,499.9499447205169,7607.329883272079,6.972466327027344e-13,0.0,0.999999974118889,0.9999998751600893,-0.0001750160921207153,0.0001715475560471843,-0.00037129286017465477,6.354601981600553e-07,-2.2359841795811948e-07,1.8620179272376986e-07,6.239985845520683e-06,-7.93361837111638e-06,1.3172186028573537e-05,-6.24184387759121e-06,7.852961565795797e-06,-1.3026844363082349e-05
7900.0,-5431105.906687119,2649203.9973604786,3285481.369560322,-4676.309788949143,-3705.14601431019,-4719.603459447229,500.0590584887676,7607.275270687036,6.960555981089794e-13,0.0,0.9999999741188544,0.9999998762939297,-0.00017184103066166626,0.00017038040766312142,-0.000370258033893722,6.346218473770365e-07,-2.4277613550239723e-07,2.27684174355726e-07,6.113980832008347e-06,-7.851773148784188e-06,1.3091486226866738e-05,-6.116783913556934e-06,7.771365052907576e-06,-1.2946494609527884e-05
7910.0,-5477534.084725369,2611990.4816421936,3238083.823418168,-4609.509179792526,-3737.362231050355,-4759.661182587526,500.1666261130562,7607.221956647758,6.948834319940038e-13,0.0,0.9999999741188174,0.9999998775070601,-0.00016867100750329837,0.00016911756502512626,-0.0003690160439249531,6.334464409636544e-07,-2.618899779317426e-07,2.6905833481292155e-07,5.988580824262708e-06,-7.765420414872558e-06,1.3003441610863613e-05,-5.992326096325609e-06,7.685300333283693e-06,-1.2858858382260761e-05
7920.0,-5523291.41714974,2574457.0988271595,3190288.631184568,-4542.144154771971,-3769.1206916676415,-4799.134302161339,500.2726259765634,7607.1699311418015,6.937302808064398e-13,0.0,0.9999999741187774,0.9999998787978428,-0.00016550770533735668,0.00016775937099641132,-0.00036756747451325514,6.319350791351861e-07,-2.8093051123819013e-07,3.1030693189767034e-07,5.863851815950411e-06,-7.674589325846432e-06,1.2908091355287907e-05,-5.86853595930515e-06,7.59479716989702e-06,-1.2763979425717273e-05
7930.0,-5568372.301043024,2536608.4459796236,3142101.663203368,-4474.222939508977,-3800.4175198591784,-4838.017987114472,500.3770367047098,7607.119184114582,6.925962883410681e-13,0.0,0.9999999741187345,0.9999998801644714,-0.00016235280093927543,0.00016630621591063184,-0.0003659129996835957,6.300890262533819e-07,-2.9988818160853503e-07,3.51411440665964e-07,5.739859367591861e-06,-7.579311479031586e-06,1.280547910947365e-05,-5.7454786043598935e-06,7.499887564536123e-06,-1.266190510418241e-05
7940.0,-5612771.216087782,2498449.158647986,3093528.837771769,-4405.753827957349,-3831.248894946134,-4876.307477633459,500.4798371714018,7607.069705478634,6.914815957455708e-13,0.0,0.9999999741186882,0.9999998816049709,-0.00015920796434961223,0.00016475853805385831,-0.00036405338854881,6.279097101680465e-07,-3.187533608817242e-07,3.923523933931985e-07,5.616668574603485e-06,-7.479620874437333e-06,1.2695652936978934e-05,-5.623218670371279e-06,7.400605742159857e-06,-1.2552686375589133e-05
7950.0,-5656482.72524472,2459983.910306169,3044576.1204249454,-4336.745181429884,-3861.6110523583807,-4913.998085751395,500.58100650520714,7607.021485122813,6.903863415280103e-13,0.0,0.9999999741186385,0.9999998831171998,-0.00015607485805909136,0.000163116823933432,-0.00036198950944930203,6.253987213820879e-07,-3.3751638641140807e-07,4.331096058088328e-07,5.4943440356959865e-06,-7.375553873873975e-06,1.2578665227409398e-05,-5.501820302106139e-06,7.2969881341968396e-06,-1.2436377763666178e-05
7960.0,-5699501.475421427,2421217.4117900673,2995249.5232144888,-4267.205427615088,-3891.500284113174,-4951.085195946013,500.68052409547755,7606.974512921439,6.893106615647468e-13,0.0,0.9999999741185853,0.999999884698852,-0.00015295513619808756,0.0001613816083622568,-0.0003597223330095291,6.225578120576678e-07,-3.561675951432583e-07,4.736623835226322e-07,5.37294982164063e-06,-7.267149159000674e-06,1.2454572589917522e-05,-5.3813471194029225e-06,7.189073360803867e-06,-1.2313037328460924e-05
7970.0,-5741822.198131062,2382154.410729372,2945555.1039811033,-4197.143059584477,-3920.912939287524,-4987.564265729653,500.7783695984045,7606.928778743353,6.882546891089251e-13,0.0,0.9999999741185287,0.9999998863474597,-0.0001498504437313329,0.00015955347438718052,-0.0003572529342202433,6.193888948810559e-07,-3.7469735204771164e-07,5.139897050140538e-07,5.252549444414022e-06,-7.1544476894946776e-06,1.2323435736132572e-05,-5.26186218668761e-06,7.0769022120975e-06,-1.218272663526185e-05
7980.0,-5783439.7101411875,2342799.6909746113,2895498.9656212926,-4126.5666347901015,-3949.8454244843583,-5023.430826231224,500.8745229430087,7606.884272460903,6.872185547994468e-13,0.0,0.9999999741184684,0.9999998880603971,-0.00014676241565850543,0.0001576330530887711,-0.0003545824936684486,6.158940418029006e-07,-3.930960732831684e-07,5.540703795338952e-07,5.1332058267275395e-06,-7.037492662151794e-06,1.2185319358670022e-05,-5.143427982828434e-06,6.960517628372253e-06,-1.204551072194247e-05
7990.0,-5824348.914112502,2303158.0720195654,2845087.255348303,-4055.4847740526325,-3978.2942042923055,-5058.680482769958,500.96896433705837,7606.8409839588585,6.862023866704235e-13,0.0,0.9999999741184038,0.9999998898348837,-0.000143692676221307,0.00015562102327753275,-0.00035171229804129223,6.120754826697012e-07,-4.1135424461502467e-07,5.938831798035257e-07,5.0149812719467675e-06,-6.9163294714153265e-06,1.2040292009904865e-05,-5.026106371339578e-06,6.839964679319762e-06,-1.1901458064747866e-05
8000.0,-5864544.799227355,2263234.4084191895,2794326.1639474495,-3983.9061605401494,-4006.2558017389233,-5093.308915420724,501.06167427293025,7606.798903143212,6.852063101609138e-13,0.0,0.9999999741183356,0.9999998916679922,-0.00014064283811755974,0.00015351811110874645,-0.00034864374002768013,6.079356037602057e-07,-4.2946243569987487e-07,6.334069505405998e-07,4.897937434405672e-06,-6.791005671578731e-06,1.188842598440353e-05,-4.909958570943026e-06,6.715290542263486e-06,-1.1750640542544859e-05
8010.0,-5904022.441808065,2223033.5892029493,2743221.925025722,-3911.8395387375,-4033.7267987374344,-5127.31187957099,501.15263353336695,7606.758019949915,6.842304481253759e-13,0.0,0.9999999741182634,0.99999989355665,-0.0001376145017227697,0.0001513250896349708,-0.0003453783177341128,6.03476946238428e-07,-4.474113108757552e-07,6.726206946425662e-07,4.782135290119588e-06,-6.66157094071337e-06,1.1729797207298904e-05,-4.7950451264987265e-06,6.5865444794213214e-06,-1.1593133399553147e-05
8020.0,-5942777.005924839,2182560.5372837926,2691780.814255953,-3839.2937134065987,-4060.7038365267267,-5160.685206469121,501.2418231971897,7606.718324353515,6.83274920844151e-13,0.0,0.9999999741181865,0.9999998954976468,-0.0001346092543195728,0.0001490427783120661,-0.0003419176337207255,5.9870220453394e-07,-4.651916370895236e-07,7.115036393698722e-07,4.667635107900656e-06,-6.528077046232209e-06,1.1564485129980214e-05,-4.6814258803113825e-06,6.453777814212334e-06,-1.1429015206579141e-05
8030.0,-5980803.743993293,2141820.20886269,2640009.1486154697,-3766.2775485375223,-4087.1836161046303,-5193.424803764031,501.3292246449161,7606.67980637567,6.8233984603446e-13,0.0,0.9999999741181053,0.9999998974876413,-0.00013162866933541092,0.00014667204247151936,-0.00033826339375101573,5.936142246568714e-07,-4.82794289556457e-07,7.500352851478235e-07,4.554496420880597e-06,-6.390577811901226e-06,1.139257263371983e-05,-4.569159943824337e-06,6.3170439066200184e-06,-1.1258367820769763e-05
8040.0,-6018097.997361359,2100817.59282897,2587913.2856194964,-3692.799966290795,-4113.162898654272,-5225.526656035941,501.41481956429595,7606.642456093587,6.814253388617198e-13,0.0,0.9999999741180198,0.999999899523167,-0.000128674305588768,0.00014421379276902918,-0.0003344174053353877,5.8821600245468e-07,-5.002102556901591e-07,7.881954396922543e-07,4.442777998445949e-06,-6.24912908604994e-06,1.1214145941291266e-05,-4.4583056697102145e-06,6.176398127627049e-06,-1.1081276343906652e-05
8050.0,-6054655.196885669,2059557.7101563248,2535499.622549187,-3618.8699459306727,-4138.638505963531,-5256.986825318267,501.4985899557695,7606.606263648339,6.805315119510722e-13,0.0,0.9999999741179296,0.9999999016006388,-0.00012574770654424236,0.0001416689846167687,-0.00033038157613518706,5.82510681815209e-07,-5.174306377748993e-07,8.259642401097946e-07,4.332537818590902e-06,-6.103788710700912e-06,1.1029294536199194e-05,-4.348920624367376e-06,6.031897832735634e-06,-1.0897829079260266e-05
8060.0,-6090470.863497145,2018045.613294729,2482774.595674558,-3544.496522749787,-4163.6073208373955,-5287.801451610391,501.58051813784334,7606.571219253064,6.796584753991336e-13,0.0,0.9999999741178354,0.9999999037163603,-0.000122850399576732,0.00013903861760458224,-0.00032615791228103656,5.765015528197148e-07,-5.344466547804416e-07,8.633221654640521e-07,4.223833040694628e-06,-5.954616491329777e-06,1.0838111088847155e-05,-4.241061560832632e-06,5.8836023345882196e-06,-1.0708117487025062e-05
8070.0,-6125540.608755824,1976286.3855582376,2429744.67947231,-3469.688786985134,-4188.066287503191,-5317.966753381291,501.66058675235416,7606.537313201052,6.788063367862178e-13,0.0,0.9999999741177361,0.9999999058665301,-0.00011998389524497686,0.00013632373491354228,-0.0003217485166473635,5.701920498481506e-07,-5.512496436485385e-07,9.002500420713458e-07,4.116719978730222e-06,-5.801674166975861e-06,1.0640691388775834e-05,-4.134784392120452e-06,5.731572874702202e-06,-1.0512236138355657e-05
8080.0,-6159860.135394816,1934285.1405087675,2376416.38583865,-3394.4558827255773,-4212.0124120085775,-5347.479028063855,501.73877876967845,7606.504535873712,6.779752011883642e-13,0.0,0.9999999741176319,0.999999908047251,-0.0001171496865746982,0.00013352542272382684,-0.0003171555871143653,5.635857496384452e-07,-5.678310603118593e-07,9.367290435189243e-07,4.011254074912349e-06,-5.645025380445304e-06,1.043713428200599e-05,-4.030144164997199e-06,5.575872594335359e-06,-1.0310282668028227e-05
8090.0,-6193425.237853227,1892047.0213359904,2322796.2632972947,-3318.807006811082,-4235.442762612165,-5376.334652539769,501.81507749382314,7606.4728777484,6.771651711898135e-13,0.0,0.9999999741175235,0.9999999102545372,-0.00011434924835157074,0.00013064480961773463,-0.00031238141483942104,5.566863693004168e-07,-5.84182480645097e-07,9.727406871109716e-07,3.907489873792774e-06,-5.48473564837543e-06,1.0227541612486235e-05,-3.927195034201968e-06,5.416566504495523e-06,-1.0102357725748226e-05
8100.0,-6226231.802798087,1849577.2002332958,2268890.8962025847,-3242.7514077236187,-4258.354470166769,-5404.530083614917,501.88946656741575,7606.442329406138,6.76376346895681e-13,0.0,0.9999999741174103,0.9999999124843203,-0.00011158403642424666,0.00012768306597778757,-0.00030742838255213965,5.49497764284635e-07,-6.002956014925294e-07,1.0082668281576986e-06,3.80548099681175e-06,-5.320872330962659e-06,1.001201816667181e-05,-3.8259902371231225e-06,5.253721455109948e-06,-9.88856492612825e-06
8110.0,-6258275.809635136,1806880.877769974,2214706.903937926,-3166.298384470009,-4280.744728495117,-5432.0618584851345,501.9619299766189,7606.412881539175,6.756088259445087e-13,0.0,0.9999999741172921,0.9999999147324592,-0.00010885548701766293,0.00012464140337928298,-0.0003022989628808867,5.420239263065329e-07,-6.161622418699016e-07,1.0432896532452657e-06,3.70528011731426e-06,-5.153504601191283e-06,9.790671620319041e-06,-3.7265820689396808e-06,5.0874061033712965e-06,-9.669010797361777e-06
8120.0,-6289553.331008388,1763963.282259695,2160250.9401096343,-3089.457285456844,-4302.610794757968,-5458.926595192205,502.0324520559348,7606.38452495842,6.748627035210137e-13,0.0,0.9999999741171697,0.9999999169947477,-0.00010616501605685765,0.00012152107397626194,-0.0002969957167135778,5.342689812251463e-07,-6.317743444001945e-07,1.0777916733688173e-06,3.6069389360411357e-06,-4.9827034134316016e-06,9.563612486669118e-06,-3.629021858238017e-06,4.91769088127498e-06,-9.443804728617013e-06
8130.0,-6320060.533288357,1720829.6691253718,2105529.6917363005,-3012.237507357643,-4323.949989814517,-5485.120993069997,502.10101749288384,7606.357250600732,6.741380723691597e-13,0.0,0.9999999741170421,0.9999999192669216,-0.00010351401850152172,0.00011832336987964704,-0.00029152129159171463,5.262371868765314e-07,-6.471239770112852e-07,1.1117557175807583e-06,3.5105081571035226e-06,-4.808541471310599e-06,9.330954065297679e-06,-3.5333599431137065e-06,4.744647962363684e-06,-9.213058916176296e-06
8140.0,-6349793.677048983,1677485.3202604202,2050549.8784336974,-2934.6484939722855,-4344.759698575049,-5510.6418331806435,502.1676113326186,7606.331049536056,6.734350228048331e-13,0.0,0.9999999741169099,0.9999999215446685,-0.00010090386769150963,0.0001150496225262169,-0.0002858784201338683,5.179329308615083e-07,-6.622033348999834e-07,1.1451649276088532e-06,3.4160374644507307e-06,-4.631093194783265e-06,9.092812391014364e-06,-3.439645647765888e-06,4.568351227697363e-06,-8.976888308349503e-06
8150.0,-6378749.11753306,1633935.5433865415,1995318.2515953938,-2856.699735078954,-4365.037370345732,-5535.485978740661,502.23221898239103,7606.305912974405,6.727536427289734e-13,0.0,0.9999999741167727,0.9999999238236351,-9.833591470354023e-05,0.00011170120203711998,-0.00028006991848299537,5.093607282875385e-07,-6.770047427493741e-07,1.1780027537304724e-06,3.32357549884027e-06,-4.450434686361e-06,8.849306182308465e-06,-3.34792725959546e-06,4.38887623106282e-06,-8.735410549186022e-06
8160.0,-6406923.305106142,1590185.6714081354,1939841.5935692007,-2778.4007652787773,-4384.7805191654425,-5559.650375536871,502.2948262159275,7606.281832272699,6.720940176405101e-13,0.0,0.9999999741166308,0.9999999260994364,-9.581148771931759e-05,0.00010827951656472314,-0.0002740986847708887,5.005252194646996e-07,-6.915206571739402e-07,1.2102529520524446e-06,3.2331698353198542e-06,-4.266643696472416e-06,8.600556788940597e-06,-3.2582520068143887e-06,4.206300163441901e-06,-8.488745921015124e-06
8170.0,-6434312.7856988795,1546241.0617633394,1884126.7168294522,-2699.761162833202,-4403.986724134585,-5583.132052332064,502.35541917768774,7606.258798941421,6.714562306493271e-13,0.0,0.999999974116484,0.9999999283676633,-9.33318914052951e-05,0.00010478601162673286,-0.00026796769759258583,4.914311675559162e-07,-7.057436693598377e-07,1.2418995832385423e-06,3.1448669612297946e-06,-4.079799587949878e-06,8.346688138376562e-06,-3.1706660365751104e-06,4.020701816754318e-06,-8.237017285841525e-06
8180.0,-6460914.201237644,1502107.0957718682,1828180.4631453487,-2620.7905484944067,-4422.653629735785,-5605.9281212602555,502.41398438699173,7606.236804651119,6.708403624893751e-13,0.0,0.9999999741163327,0.9999999306238918,-9.089840630431598e-05,0.00010122216942671315,-0.0002616800144835856,4.820834561815129e-07,-7.1966650786328e-07,1.2729270126438266e-06,3.0587122547350647e-06,-3.889983299649464e-06,8.087826680848326e-06,-3.0852143936288543e-06,3.832161546892429e-06,-7.980350025624697e-06
8190.0,-6486724.290063453,1457789.1779796535,1772009.7027453505,-2541.498584328766,-4440.778946146424,-5628.035778211499,502.47050874204933,7606.215841238742,6.702464915315172e-13,0.0,0.9999999741161771,0.9999999328636916,-8.851228823935137e-05,9.75895081603e-05,-0.0002552387703930606,4.724870869789295e-07,-7.332820415289803e-07,1.3033199117564224e-06,2.9747499638952145e-06,-3.6972773092219725e-06,7.824101332898686e-06,-3.0019409995197726e-06,3.64076123606648e-06,-7.71887198147153e-06
8200.0,-6511739.887339042,1413292.73550047,1715621.3334778654,-2461.8949725337297,-4458.360449542838,-5649.452303206078,502.52497952384783,7606.195900713781,6.696746937965457e-13,0.0,0.9999999741160169,0.999999935082634,-8.617476772956358e-05,9.388958130661371e-05,-0.00024864717614688056,4.6264717711768136e-07,-7.465832824919275e-07,1.3330632608077204e-06,2.893023186280525e-06,-3.501765595060309e-06,7.555643419334299e-06,-2.9208886323239504e-06,3.4465842544770693e-06,-7.452713391770687e-06
8210.0,-6535957.925444106,1368623.2173544688,1659022.2799681372,-2381.989454248003,-4475.395982396262,-5670.175060758067,502.57738439992164,7606.176975264252,6.691250429680627e-13,0.0,0.9999999741158516,0.9999999372763007,-8.388704941890781e-05,9.01239769045294e-05,-0.00024190851689498188,4.525689567707251e-07,-7.595633892277617e-07,1.362142352389645e-06,2.8135738491421545e-06,-3.3035335974542888e-06,7.282586613556524e-06,-2.8420989069397927e-06,3.249715421333064e-06,-7.182006829297775e-06
8220.0,-6559375.434358546,1323786.0938039096,1602219.4927716916,-2301.7918083555437,-4491.883453760278,-5690.201500228089,502.6277114279782,7606.159057262478,6.685976104054689e-13,0.0,0.9999999741156822,0.9999999394402938,-8.165031151749749e-05,8.629431681365788e-05,-0.0002350261505385085,4.4225776654284445e-07,-7.722156696208188e-07,1.3905427959063595e-06,2.736442690144187e-06,-3.1026681789867688e-06,7.005066876288498e-06,-2.7656122559380114e-06,3.0502409652331372e-06,-6.906887137321655e-06
8230.0,-6581989.542033758,1278786.85568597,1545219.9475242023,-2221.3118502832076,-4507.820839549827,-5709.529156165255,502.6759490594109,7606.142139270699,6.680924651566892e-13,0.0,0.9999999741155086,0.9999999415702427,-7.946570525593406e-05,8.240225596000184e-05,-0.00022800350613295418,4.317190548572925e-07,-7.845335840227889e-07,1.418250522689338e-06,2.661669238664257e-06,-2.899257584206781e-06,6.723222392740065e-06,-2.691467910976944e-06,2.848248483929598e-06,-6.627491364741283e-06
8240.0,-6603797.474751831,1233631.0137428746,1488030.6440880687,-2140.5594307924844,-4523.206182811616,-5728.155648638126,502.7220861426666,7606.12621404646,6.676096739709381e-13,0.0,0.9999999741153308,0.9999999436618134,-7.733435435281592e-05,7.844948156640575e-05,-0.00022084408226442673,4.2095837530149403e-07,-7.965107482790597e-07,1.4452517916116947e-06,2.589291797670399e-06,-2.693391398615325e-06,6.4371935082803e-06,-2.6197038847909198e-06,2.6438269034925817e-06,-6.343958700283209e-06
8250.0,-6624796.557472642,1188324.0979493032,1430658.605695671,-2059.544434765293,-4538.037593985939,-5746.078683554688,502.76611192647556,7606.111274547852,6.671493013114122e-13,0.0,0.9999999741151488,0.9999999457107166,-7.525735449562017e-05,7.443771236799865e-05,-0.00021355144539690252,4.099813839331042e-07,-8.081409367040777e-07,1.4715331950507464e-06,2.519347426180246e-06,-2.4851605069996967e-06,6.147122662698314e-06,-2.550356953757724e-06,2.437066436893073e-06,-6.056430405789365e-06
8260.0,-6644984.214168739,1142871.6568372936,1373110.8780895637,-1978.276779984229,-4552.313251159759,-5763.296052971169,502.8080160629563,7606.097313938506,6.667114093677356e-13,0.0,0.9999999741149629,0.9999999477127165,-7.323577283515744e-05,7.03686978129324e-05,-0.00020612922818909177,3.9879383654782367e-07,-8.194180849904041e-07,1.4970816650639678e-06,2.451871922308976e-06,-2.2746570511503972e-06,5.853154323144769e-06,-2.4834626410510616e-06,2.2280585420246487e-06,-5.7650497486266954e-06
8270.0,-6664357.968148008,1097279.256818658,1315394.5286596396,-1896.7664159073463,-4566.031400311049,-5779.805635389694,502.84778861057106,7606.084325592436,6.662960580683901e-13,0.0,0.9999999741147726,0.9999999496636388,-7.127064749378317e-05,6.624421724876996e-05,-0.0001985811277801324,3.8740158590997027e-07,-8.30336293040414e-07,1.521884479661692e-06,2.386899806912098e-06,-2.0619743869937856e-06,5.555434915848293e-06,-2.419055200384508e-06,2.016895879181776e-06,-5.469961933248016e-06
8280.0,-6682915.44236416,1051552.481504767,1257516.6455770794,-1815.0233224372366,-4579.190355544381,-5795.605396044769,502.8854200369837,7606.072303098691,6.659033050925411e-13,0.0,0.9999999741145786,0.99999995155938,-6.936298708753613e-05,6.206607909490609e-05,-0.00019091090404383524,3.75810578947173e-07,-8.408898277119616e-07,1.545929269078364e-06,2.324464307828332e-06,-1.8472070411695007e-06,5.254112756699588e-06,-2.357167600350837e-06,1.803672268014743e-06,-5.171314031934841e-06
8290.0,-6700654.359714806,1005696.9310242685,1199484.3369258028,-1733.0575086854456,-4591.788499317587,-5810.693387178343,502.9209012218034,7606.0612402658435,6.655332058814159e-13,0.0,0.9999999741143811,0.9999999533959147,-6.751377026239696e-05,5.783612000150391e-05,-0.000183122377811763,3.640268539110245e-07,-8.510731254716569e-07,1.5692040219607933e-06,2.264597344727977e-06,-1.630450667085202e-06,4.949337980799537e-06,-2.297831509363283e-06,1.5884826439821349e-06,-4.869254914755579e-06
8300.0,-6717572.543327312,959718.2213383294,1141304.729830902,-1650.8790117315327,-4603.824282659573,-5825.067748303612,502.954223459268,7606.051131126356,6.651858136486427e-13,0.0,0.99999997411418,0.9999999551693032,-6.57239452448065e-05,5.3556203995362954e-05,-0.00017521942906561773,3.5205653750449005e-07,-8.608807949523034e-07,1.5916970914108428e-06,2.20732951457167e-06,-1.4118020004728932e-06,4.64126247105398e-06,-2.2410772812017722e-06,1.3714230143201649e-06,-4.563935178768396e-06
8310.0,-6733667.9189364165,913621.9838637371,1082984.9699548504,-1568.4978959765376,-4615.296226811883,-5838.726708276028,502.9853806193648,7606.041972329804,6.648611569035177e-13,0.0,0.9999999741139757,0.9999999568757002,-6.399442922621053e-05,4.922822177213269e-05,-0.00016720599541998266,3.399058544063078e-07,-8.703076058736459e-07,1.6133971891829114e-06,2.152690055803034e-06,-1.1913588400207042e-06,4.330039809395905e-06,-2.186933885860435e-06,1.1525905029662281e-06,-4.255507150134044e-06
8320.0,-6748938.520784712,867413.8655021124,1024532.2214709427,-1485.9242533749346,-4626.202927261503,-5851.668590398529,503.0143748957198,7606.03376950349,6.645591796858803e-13,0.0,0.9999999741137694,0.9999999585113633,-6.232610736037463e-05,4.485409031290017e-05,-0.0001590860711341351,3.275811665128144e-07,-8.793484417320341e-07,1.6342933480295311e-06,2.100706761743034e-06,-9.692200919214663e-07,4.015825280098408e-06,-2.135428748724919e-06,9.320835490784402e-07,-3.944125007374078e-06
8330.0,-6763382.474852818,821099.5254068149,965953.6631446526,-1403.1681975566046,-4636.5430423071075,-5863.891797897107,503.0411993429074,7606.026517916281,6.642799235217044e-13,0.0,0.9999999741135611,0.9999999600726581,-6.071983346934513e-05,4.043575114242545e-05,-0.00015086370302098487,3.150888986914436e-07,-8.879983693577674e-07,1.6543749813085508e-06,2.0514060956759977e-06,-7.454855954917861e-07,3.6987756621917633e-06,-2.086588185406116e-06,7.100011395660979e-07,-3.6299441124014857e-06
8340.0,-6776998.012873235,774684.6309413149,907256.4830728588,-1320.2398564264636,-4646.31530273905,-5875.394826094183,503.0658505183738,7606.020216477099,6.640233956959743e-13,0.0,0.9999999741133543,0.9999999615560712,-5.917642822016239e-05,3.597516819981921e-05,-0.00014254298629643496,3.02435530076741e-07,-8.962526505678788e-07,1.6736319014479493e-06,2.0048131295293722e-06,-5.20256002933207e-07,3.3790490584251924e-06,-2.040437061226013e-06,4.86443258105812e-07,-3.3131213328847475e-06
8350.0,-6789783.459085427,728174.8714252923,848447.8962090549,-1237.1493968659317,-4655.518502621937,-5886.176250994244,503.0883194635967,7606.014857741838,6.637896631384153e-13,0.0,0.9999999741131462,0.9999999629582056,-5.7696681475797753e-05,3.147433211488249e-05,-0.00013412807313936283,2.896276137701213e-07,-9.041067250903679e-07,1.6920542947452286e-06,1.960951615533573e-06,-2.9363300873279395e-07,3.0568052326200366e-06,-1.996999026857471e-06,2.615105340107767e-07,-2.993814766814546e-06
8360.0,-6801737.244060188,681575.9431232775,789535.1252267889,-1153.9069976225928,-4664.151508959669,-5896.23474124154,503.10860072133596,7606.010437904804,6.635787585847393e-13,0.0,0.9999999741129374,0.9999999642757988,-5.628134932271726e-05,2.6935254004518725e-05,-0.0001256231602096215,2.76671743191741e-07,-9.115562713662027e-07,1.7096328090767488e-06,1.9198439053841453e-06,-6.571896942564721e-08,2.7322050653976874e-06,-1.9562962603716673e-06,3.530449930364098e-08,-2.67218387015966e-06
8370.0,-6812857.896074375,634893.5583556172,730525.412133101,-1070.522865699524,-4672.2132556828,-5905.569050677675,503.12668629459387,7606.006950094485,6.633907434490541e-13,0.0,0.9999999741127249,0.9999999655057223,-5.493115553471598e-05,2.2359967948111763e-05,-0.00011703249368489827,2.63574573491704e-07,-9.185971753940304e-07,1.7263585100624167e-06,1.8815109851648788e-06,1.6338293564399333e-07,2.405410783444605e-06,-1.9183496220401592e-06,-1.9207266402329343e-07,-2.3483892480796526e-06
8380.0,-6823144.054335823,588133.4295943105,671425.9980083075,-987.0072077927919,-4679.7027529149655,-5914.178029777955,503.14257490655314,7606.004394672875,6.632256115793615e-13,0.0,0.9999999741125124,0.9999999666449993,-5.364678879298108e-05,1.7750524315052368e-05,-0.000108360355748952,2.503428101547538e-07,-9.25225528262638e-07,1.742222898709683e-06,1.8459723761289175e-06,3.9356902229446496e-07,2.0765854516068347e-06,-1.8831783935704573e-06,-4.205178508867863e-07,-2.0225927816746015e-06
8390.0,-6832594.45603486,541301.2838349772,612244.1413201266,-903.3702561916468,-4686.619077920614,-5922.060614459291,503.1562628322495,7606.002769039148,6.630833846127925e-13,0.0,0.9999999741123002,0.9999999676907991,-5.242890486992258e-05,1.3108994455925753e-05,-9.96110738859845e-05,2.3698323910575634e-07,-9.314375776134108e-07,1.7572178336862181e-06,1.8132461880223042e-06,6.247348099502363e-07,1.7458933922396375e-06,-1.8508005188133802e-06,-6.499273953994365e-07,-1.694957350972408e-06
8400.0,-6841207.9410112165,494402.8568673431,552987.1106244063,-819.6222584069563,-4692.961378389039,-5929.215830131113,503.16774703382515,7606.002071114934,6.629640793862694e-13,0.0,0.9999999741120886,0.9999999686404474,-5.127812542917619e-05,8.437467962299511e-06,-9.07890151955162e-05,2.2350270512992212e-07,-9.372297640398732e-07,1.771335586025641e-06,1.7833490952209115e-06,8.567752019335672e-07,1.413499921952053e-06,-1.8212325102891464e-06,-8.801970106887696e-07,-1.365646827827396e-06
8410.0,-6848983.452003817,447443.8925166141,493662.1836003874,-735.7734758009072,-4698.728872621948,-5935.642791919018,503.1770252636084,7606.002299458202,6.628677068819189e-13,0.0,0.9999999741118784,0.9999999694914318,-5.019503772331294e-05,3.7380516854635805e-06,-8.189858428801087e-05,2.0990811055221665e-07,-9.425987196101791e-07,1.7845688395851953e-06,1.7562963267550713e-06,1.0895845309346061e-06,1.079571275396027e-06,-1.794489439044432e-06,-1.1112218323565761e-06,-1.0348260018193862e-06
8420.0,-6855919.997765273,400430.1369601436,434276.6402407013,-651.8341730663124,-4703.920824313541,-5941.340672650265,503.1840585324718,7606.003411718662,6.627946620082626e-13,0.0,0.9999999741116662,0.9999999702414036,-4.9180197360856546e-05,-9.871336188318037e-07,-7.29442161231464e-05,1.9620627619864765e-07,-9.475414254931012e-07,1.7969108119702695e-06,1.7321019392150384e-06,1.3230569252956452e-06,7.442742258412255e-07,-1.7705858956755482e-06,-1.3428981611087509e-06,-7.026592229176604e-07
8430.0,-6862017.110473395,353367.3750469276,374837.80405371607,-567.8146908016809,-4708.536855594236,-5946.3090996475485,503.1892315868307,7606.005834347664,6.627409417571798e-13,0.0,0.9999999741114985,0.9999999708882351,-4.8234087073210424e-05,-5.735931693614895e-06,-6.393041950570079e-05,1.8240619720933773e-07,-9.520524341516507e-07,1.8083530771107121e-06,1.7107745149336733e-06,1.5570816112426527e-06,4.0777987583179275e-07,-1.7495240966550083e-06,-1.5751027474298924e-06,-3.693258539466427e-07
8440.0,-6867273.352807473,306261.3222767259,315352.9208850042,-483.72523489770344,-4712.575924761352,-5950.546859236975,503.19185163999254,7606.008800513721,6.627137351378588e-13,0.0,0.9999999741112933,0.9999999714298486,-4.735724157946583e-05,-1.0506206426156902e-05,-5.48616491105488e-05,1.6851239222037445e-07,-9.5613173907682e-07,1.8188915670829667e-06,1.692329953224225e-06,1.791555912918268e-06,7.025295048876479e-08,-1.7313326420935881e-06,-1.8077604672629575e-06,-3.496965065311634e-08
8450.0,-6871688.454489981,259117.74483185666,255829.28861033628,-399.5760998262738,-4716.037790569281,-5954.053751596474,503.19229354267384,7606.012725372606,6.627091465326348e-13,0.0,0.9999999741111025,0.9999999718644814,-4.655007992905258e-05,-1.529579514738743e-05,-4.574244170764072e-05,1.545319517760766e-07,-9.597770904591268e-07,1.8285211617186125e-06,1.6767765838522173e-06,2.026373072863788e-06,-2.681379164843182e-07,-1.7160111135385282e-06,-2.040747972288104e-06,3.0022932111675847e-07
8460.0,-6875261.839050803,211942.44841720758,196274.25829642118,-315.37765595136955,-4718.922001104086,-5956.82931139239,503.19052755012547,7606.017575804115,6.627274843410177e-13,0.0,0.9999999741109147,0.9999999721904904,-4.58130207413147e-05,-2.0102509464215093e-05,-3.65773812409989e-05,1.4047241600278363e-07,-9.629856011456826e-07,1.8372361385547382e-06,1.664122121300204e-06,2.261424146671778e-06,-6.072216938343209e-07,-1.7035681116836821e-06,-2.27395948436653e-06,6.36103667824094e-07
8470.0,-6877993.07057205,164741.21134444102,136695.1449059751,-231.1402229137242,-4721.228201346652,-5958.873195599683,503.186557877019,7606.023356069578,6.627687066983598e-13,0.0,0.9999999741107304,0.9999999724064357,-4.514644057461893e-05,-2.4924160213456275e-05,-2.7371053597136304e-05,1.2634109399013022e-07,-9.657549819260673e-07,1.8450316761703369e-06,1.6543728788759325e-06,2.4966009680361226e-06,-9.468282335085959e-07,-1.6940098941249608e-06,-2.5072876033228595e-06,9.724846673587108e-07
8480.0,-6879881.820455928,117519.81719593382,77099.26896471428,-146.8741293240233,-4722.956109995314,-5960.185154789491,503.1803933592569,7606.03007528762,6.628327261083728e-13,0.0,0.9999999741105512,0.9999999725110706,-4.4550679075157196e-05,-2.9758546340952898e-05,-1.812806958706241e-05,1.1214533790781363e-07,-9.680830984606394e-07,1.8519033382253061e-06,1.64753364259393e-06,2.7317950096271506e-06,-1.2867868941773024e-06,-1.6873411440157337e-06,-2.7406245000040065e-06,1.3092030868243023e-06
8490.0,-6880927.885479456,70284.03971619139,17493.937256980676,-62.58968604889229,-4724.105532016034,-5960.76504873087,503.1720650869878,7606.03776697143,6.629192262431604e-13,0.0,0.9999999741103826,0.9999999725033486,-4.4026036541339136e-05,-3.460346102663063e-05,-8.85305193565243e-06,9.789260188706555e-08,-9.6996787736818e-07,1.857847015099001e-06,1.6436075045929865e-06,2.9668975531910693e-06,-1.6269269504541788e-06,-1.6835645100378085e-06,-2.973861207484183e-06,1.6460887811924347e-06
8500.0,-6881130.757514495,23039.642173108034,-42113.5535213687,21.702824241503315,-4724.676063343188,-5960.612472680684,503.16119718006996,7606.046013901354,6.630321208232632e-13,0.0,0.9999999741101777,0.9999999723823659,-4.35728159120874e-05,-3.94567025274846e-05,4.4938341901923493e-07,8.358802072090634e-08,-9.714105357157557e-07,1.862861340584252e-06,1.6426003987476217e-06,3.201804485483622e-06,-1.9670807492009867e-06,-1.6826917178163296e-06,-3.2069078036772284e-06,1.982984953512213e-06
8510.0,-6880490.535450345,-24207.553092987237,-101715.83823460499,105.99301435411708,-4724.6677160863255,-5959.727549745219,503.1479182253955,7606.054957316072,6.631700871902361e-13,0.0,0.9999999741099495,0.9999999721474805,-4.319124966623098e-05,-4.4316046474369065e-05,9.77455369957937e-06,6.923843929386797e-08,-9.724107435340067e-07,1.86694423411155e-06,1.644513456151489e-06,3.4364086238233803e-06,-2.307077546186265e-06,-1.6847199815077337e-06,-3.4396506250418864e-06,2.319717595659893e-06
8520.0,-6879008.450490565,-71451.76861262467,-161305.62026292813,190.27055103553354,-4724.08128041985,-5958.111387085203,503.1333856400587,7606.06587714825,6.63321111495806e-13,0.0,0.9999999741098501,0.9999999717983976,-4.288143080484608e-05,-4.917925526049179e-05,1.9117758410774676e-05,5.485752007264659e-08,-9.729588928003803e-07,1.870086795328296e-06,1.6493341615439154e-06,3.6705898317313377e-06,-2.646738934048629e-06,-1.6896184132082588e-06,-3.6719271424140385e-06,2.656079080772678e-06
8530.0,-6876683.237833569,-118687.21272187149,-220875.55914067064,274.52509517399074,-4722.915832549186,-5955.762923725561,503.1161577170277,7606.077175052072,6.635001906153089e-13,0.0,0.99999997410969,0.9999999713346756,-4.264362824483089e-05,-5.404408065483295e-05,2.8474323686892545e-05,4.044881107033066e-08,-9.73058121204842e-07,1.8722893125955305e-06,1.657068839893482e-06,3.904244107143713e-06,-2.985896747005353e-06,-1.697421950713412e-06,-3.903697843031737e-06,2.9919475105145398e-06
8540.0,-6873515.540591891,-165908.07449840356,-280418.30983505445,358.7462829741158,-4721.171758629801,-5952.682756480613,503.0965961245168,7606.089249366785,6.637035861470746e-13,0.0,0.9999999741095166,0.9999999707563221,-4.2477934986020925e-05,-5.89082709293358e-05,3.7839521941062285e-05,2.601862457892557e-08,-9.727094929595322e-07,1.873551863146836e-06,1.6677137163293947e-06,4.137264887553336e-06,-3.324380924387791e-06,-1.7081173845495247e-06,-4.1348380694553485e-06,3.3271414316448334e-06
8550.0,-6869505.794201274,-213108.5948339227,-339926.59072043875,442.9238400536072,-4718.849302756625,-5948.871301740315,503.07475497715546,7606.10215779962,6.639307574755978e-13,0.0,0.9999999741093368,0.9999999700635063,-4.238443651845696e-05,-6.376959886318587e-05,4.7208672084610715e-05,1.1573859726528203e-08,-9.719133235241894e-07,1.8738740018297795e-06,1.6812639641491494e-06,4.369545706799836e-06,-3.662022488366359e-06,-1.7216980185412496e-06,-4.365238034591037e-06,3.661490112268025e-06
8560.0,-6864654.496304491,-260282.99022535697,-399393.0899645088,527.0474479157698,-4715.948751582712,-5944.329030436904,503.0506466890154,7606.11591168607,6.641815997792731e-13,0.0,0.9999999741091533,0.999999969256599,-4.236318648576192e-05,-6.862582683899505e-05,5.6577068756943245e-05,-2.878161854467752e-09,-9.70669486334689e-07,1.8732550725036263e-06,1.6977129681150301e-06,4.600978989872448e-06,-3.998651355253785e-06,-1.7381567777427735e-06,-4.594789989605311e-06,3.994824297721951e-06
8570.0,-6858962.262860149,-307425.4711423097,-458810.4893504444,611.1067776615134,-4712.470473025496,-5939.056516664558,503.02429797759373,7606.130537992149,6.644558616682652e-13,0.0,0.9999999741089691,0.9999999683361785,-4.241420008231849e-05,-7.347471257421355e-05,6.593999583074666e-05,-1.7329904298841634e-08,-9.68977752140675e-07,1.8716946281313359e-06,1.7170523188192611e-06,4.831456799986441e-06,-4.334097272154493e-06,-1.7574847607472017e-06,-4.823385678693301e-06,4.32697457136173e-06
8580.0,-6852429.773525048,-354530.2743696316,-518171.5046307698,695.0915482811864,-4708.414879037896,-5933.054389964468,502.99569925442336,7606.146023309967,6.647536719441191e-13,0.0,0.9999999741087823,0.9999999673030219,-4.253745825756582e-05,-7.831402221397123e-05,7.529275531879474e-05,-3.177391706863018e-08,-9.66838113554141e-07,1.8691926464707587e-06,1.73927233399722e-06,5.060871897074671e-06,-4.668191082489382e-06,-1.779672566998435e-06,-5.0509190129236125e-06,4.657773313529314e-06
8590.0,-6845057.828374218,-401591.6247610101,-577468.8377308478,778.991458648951,-4703.782464196319,-5926.323384860722,502.9648569278261,7606.162371727011,6.650749953849234e-13,0.0,0.9999999741085934,0.9999999661581146,-4.273290321177669e-05,-8.314151563932416e-05,8.463063612468457e-05,-4.620273355675447e-08,-9.642507244826356e-07,1.8657494890489768e-06,1.7643617643005093e-06,5.289116958635349e-06,-5.000763557536645e-06,-1.8047089319236337e-06,-5.277283393377767e-06,4.98705279112377e-06
8600.0,-6836847.330191496,-448603.75670154893,-636695.2037208512,862.7962256594988,-4698.573793743227,-5918.864325330612,502.9317781270184,7606.1795879360025,6.654197916232886e-13,0.0,0.9999999741084034,0.999999964902646,-4.30004398522424e-05,-8.7954955647198e-05,9.394893353829787e-05,-6.060889587023618e-08,-9.612159195970926e-07,1.8613659468399693e-06,1.7923078788410198e-06,5.516085046244476e-06,-5.33164615008949e-06,-1.8325811351671748e-06,-5.502372599534203e-06,5.314645883271653e-06
8610.0,-6827799.284040005,-495560.91062420077,-695843.3264064674,946.4955780018448,-4692.7895032536335,-5910.67812444797,502.89646992152836,7606.197676359213,6.657880232509301e-13,0.0,0.9999999741082123,0.9999999635380071,-4.3339935860650503e-05,-9.275210717844283e-05,0.00010324294789695075,-7.498495698227394e-08,-9.57734214721392e-07,1.8560432267573207e-06,1.823096470518203e-06,5.7416695678025144e-06,-5.6606709296453245e-06,-1.8632750249587846e-06,-5.726080856764543e-06,5.64038615610853e-06
8620.0,-6817914.797273817,-542457.3336958485,-754905.9391993904,1030.079257447584,-4686.430298642497,-5901.765784378663,502.8589394555809,7606.216641295518,6.661796543979373e-13,0.0,0.9999999741080209,0.9999999620657899,-4.375122177401434e-05,-9.753073827108735e-05,0.0001125079866972062,-8.932349837719586e-08,-9.538063340609391e-07,1.8497829744637998e-06,1.856711880275442e-06,5.965764359845017e-06,-5.987670682597047e-06,-1.896775020937849e-06,-5.948302879042483e-06,5.96410793636935e-06
8630.0,-6807195.079490393,-589287.280511204,-813875.7859970815,1113.537020107104,-4679.496956136149,-5892.128396330875,502.8191940360358,7606.236487020709,6.665946497926838e-13,0.0,0.9999999741078299,0.9999999604877844,-4.4234091133405066e-05,-0.00010228862112214102,0.0001217393668012629,-1.0361713261481197e-07,-9.494332149739472e-07,1.8425872798767177e-06,1.893137006388862e-06,6.188263745495806e-06,-6.312478997711331e-06,-1.9330641188283616e-06,-6.168933913616259e-06,6.285646386280358e-06
8640.0,-6795641.442442551,-636045.013789942,-872745.6220661985,1196.8586377111983,-4671.99032220934,-5881.7671404615785,502.7772411924768,7606.2572178499995,6.670329741091957e-13,0.0,0.9999999741076392,0.9999999588059756,-4.4788300649579585e-05,-0.00010702353317603935,0.0001309324166739072,-1.1785850966613837e-07,-9.446160186629987e-07,1.8344586858732009e-06,1.9323533186117045e-06,6.409062600968197e-06,-6.634930355724325e-06,-1.972123896474117e-06,-6.3878697867484965e-06,6.604837579058693e-06
8650.0,-6783255.299919844,-682724.8050756751,-931508.2149280296,1280.0338988883857,-4663.911313502349,-5870.6832857577665,502.73308871949837,7606.278838183242,6.674945914976311e-13,0.0,0.9999999741074493,0.9999999570225416,-4.541357039430146e-05,-0.00011173325825399097,0.00014008247865457608,-1.3204031982852687e-07,-9.39356134503969e-07,1.8254001921323446e-06,1.9743408693654263e-06,6.628056415714555e-06,-6.954860215227921e-06,-2.0139345209770853e-06,-6.605006950043524e-06,6.921518574657204e-06
8660.0,-6770038.167605474,-729320.9354350474,-990156.3452438217,1363.0526104403477,-4655.2609167206065,-5858.878189895542,502.68674470712153,7606.301352537138,6.679794652362691e-13,0.0,0.9999999741072605,0.9999999551398496,-4.610958400427481e-05,-0.0001164155876981219,0.00014918491124328516,-1.4615529556011587e-07,-9.336551815458339e-07,1.8154152564298507e-06,2.019078304107651e-06,6.8451413494146056e-06,-7.27210509635475e-06,-2.058474756781298e-06,-6.8202425270644865e-06,7.235527495514727e-06
8670.0,-6755991.66291245,-775827.6961566027,-1048682.8076995932,1445.9045986151689,-4646.040188519364,-5846.3532990802605,502.63821756312717,7606.324765568466,6.684875574656711e-13,0.0,0.9999999741070732,0.999999953160452,-4.687598889334645e-05,-0.00012106832151796092,0.00015823509138869395,-1.6019621274667814e-07,-9.275150079118418e-07,1.8045077939539605e-06,2.066542871343684e-06,7.060214286236888e-06,-7.586502662459474e-06,-2.105721974601538e-06,-7.033474360047394e-06,7.5467036021542644e-06
8680.0,-6741117.504801389,-822239.3894488816,-1107080.4118897782,1528.5797103776063,-4636.250255375132,-5833.110147869887,502.58751602961775,7606.349082091008,6.690188289810187e-13,0.0,0.9999999741068876,0.9999999510870824,-4.7712396470862285e-05,-0.00012568926953018892,0.0001672284167693338,-1.7415589174806685e-07,-9.209376887043397e-07,1.792682175123003e-06,2.116710432615197e-06,7.273172886751079e-06,-7.897891799977692e-06,-2.1556521611339286e-06,-7.244601056586554e-06,7.85488736851895e-06
8690.0,-6725417.513581449,-868550.3291374649,-1165341.9831993536,1611.0678146760174,-4625.8923134448605,-5819.150358982889,502.53464919529296,7606.3743070877,6.695732390672233e-13,0.0,0.9999999741067042,0.9999999489226516,-4.8618382365573267e-05,-0.0001302762524853738,0.0001761603080613655,-1.8802719845426522e-07,-9.139255229087584e-07,1.7799432223099554e-06,2.169555472719106e-06,7.483915637858995e-06,-8.206112696649383e-06,-2.208239929506637e-06,-7.453522036204704e-06,8.15992055696441e-06
8700.0,-6708893.610695796,-914754.8413606639,-1223460.3636840873,1693.3588037054897,-4614.96762841391,-5804.475643091883,502.4796265047528,7606.400445719521,6.701507453631616e-13,0.0,0.999999974106523,0.9999999466702416,-4.959348665539652e-05,-0.00013482710317765047,0.00018502621118814336,-2.018030454878926e-07,-9.064810296848129e-07,1.766296205802493e-06,2.2250511103340516e-06,7.69234190107492e-06,-8.511006918282201e-06,-2.263458530433113e-06,-7.660137576726945e-06,8.461646292832195e-06
8710.0,-6691547.820839271,-960847.2656194464,-1281428.413423113,1775.4425947503921,-4603.477536958001,-5789.08780065302,502.42246018601304,7606.427506010988,6.707512783091601e-13,0.0,0.9999999741063443,0.9999999443331017,-5.063721387940404e-05,-0.00013933966760722088,0.00019382159973839824,-2.154763804121658e-07,-8.986069229767112e-07,1.7517468242192853e-06,2.2831690846242456e-06,7.898351934626474e-06,-8.812417475597487e-06,-2.3212798017391697e-06,-7.864348735875699e-06,8.75990906435721e-06
8720.0,-6673382.275719987,-1006821.9561973601,-1339239.0123566382,1857.3091325626492,-4591.423449358776,-5772.988725189092,502.3631694348305,7606.455503477468,6.713746969699095e-13,0.0,0.9999999741061697,0.999999941914643,-5.174903281076645e-05,-0.0001438118060511382,0.0002025419774589363,-2.29040154275146e-07,-8.90306050268212e-07,1.7363011579189387e-06,2.3438797088170325e-06,8.101846863075225e-06,-9.110188865593401e-06,-2.381674073597228e-06,-8.066057179512688e-06,9.054554670752938e-06
8730.0,-6654399.198288626,-1052673.280505553,-1396885.058030914,1938.948386529952,-4578.806838616044,-5756.180389544242,502.30176442663094,7606.484443417856,6.720209569961047e-13,0.0,0.9999999741059993,0.9999999394184318,-5.292837789491972e-05,-0.00014824139310350466,0.0002111828787636385,-2.424873873937723e-07,-8.815814833643637e-07,1.7199657263195532e-06,2.4071520045988616e-06,8.30272879786461e-06,-9.404167147704111e-06,-2.4446105934162316e-06,-8.265166049982585e-06,9.345430785851136e-06
8740.0,-6634600.911656063,-1098395.6210280997,-1454359.4681541198,2020.3503543008164,-4565.629246568082,-5738.664853587809,502.23825574373734,7606.51433135081,6.726900116751013e-13,0.0,0.9999999741058331,0.9999999368481829,-5.41746488752668e-05,-0.00015262631931320798,0.0002197398718158963,-2.558111776521473e-07,-8.724365335523901e-07,1.7027475047344864e-06,2.4729536985301552e-06,8.500900938939326e-06,-9.694200073972046e-06,-2.510057296690645e-06,-8.461579529500736e-06,9.6323867386948e-06
8750.0,-6613989.838805323,-1143983.3760095595,-1511655.1814655045,2101.505063025742,-4551.892283686227,-5720.444263940462,502.1726543729622,7606.545173010832,6.73381811908674e-13,0.0,0.9999999741056713,0.9999999342077547,-5.548721116783981e-05,-0.00015696449235277733,0.00022820856078207093,-2.690046955248453e-07,-8.628747404696502e-07,1.6846539139200946e-06,2.5412512310397863e-06,8.696267615845374e-06,-9.980137159219164e-06,-2.577980821522936e-06,-8.655202885103069e-06,9.915273585439994e-06
8760.0,-6592568.50229093,-1189430.9601406036,-1568765.1586019453,2182.4025705937675,-4537.59762886035,-5701.52085368876,502.1049717029473,7606.576974344055,6.740963061917767e-13,0.0,0.9999999741055141,0.9999999315011416,-5.686539621581457e-05,-0.0001612538381340725,0.00023658458803408968,-2.820611809336573e-07,-8.528998619879057e-07,1.665692810201076e-06,2.6120097668127038e-06,8.888734327641099e-06,-1.0261829749988537e-05,-2.648346523752546e-06,-8.845942513167279e-06,1.0193944180566765e-05
8770.0,-6570339.523925832,-1234732.805241363,-1625682.382961483,2263.0329668637746,-4522.747029175327,-5681.896942088354,502.03521952128597,7606.609741503733,6.748334405919859e-13,0.0,0.9999999741053612,0.9999999287324671,-5.830850183232463e-05,-0.000165492301876219,0.0002448636363043374,-2.94973941654574e-07,-8.425158652389353e-07,1.645872476287745e-06,2.685193206570276e-06,9.078207782051368e-06,-1.0539131092492029e-05,-2.721118492685035e-06,-9.033705983483345e-06,1.0468253247365588e-05
8780.0,-6547305.624455972,-1279883.360942411,-1682399.8615637238,2343.3863748903573,-4507.3422996786085,-5661.574934255916,501.963410011447,7606.643480845457,6.755931587294641e-13,0.0,0.9999999741052127,0.9999999259059767,-5.98157925386217e-05,-0.00016967784913160546,0.0002530414307964438,-3.077363529985618e-07,-8.317269188117446e-07,1.6252016128308659e-06,2.7607642001940057e-06,9.264595934186313e-06,-1.0811896399742324e-05,-2.79625956741548e-06,-9.218402082853295e-06,1.0738057447667948e-05
8790.0,-6523469.623222538,-1324877.0953634286,-1738910.625907165,2423.4529521443164,-4491.385323138895,-5640.557320849854,501.88955574952627,7606.678198922139,6.763754017572026e-13,0.0,0.9999999741050691,0.9999999230260309,-6.138649990330252e-05,-0.00017380846677573554,0.00026111374125567836,-3.2034185851075026e-07,-8.205373860814974e-07,1.6036893307070606e-06,2.8386841611152906e-06,9.44780802505006e-06,-1.1079982917996436e-05,-2.8737313537400296e-06,-9.399940858200556e-06,1.1003215450790493e-05
8800.0,-6498834.437812044,-1369708.4957892296,-1795207.732823048,2503.2228917271696,-4474.8780497961,-5618.846677739982,501.81366970081257,7606.71390247875,6.771801083417232e-13,0.0,0.9999999741049302,0.9999999200970959,-6.301982288710397e-05,-0.00017788216396637124,0.0002690763840024694,-3.3278397146155196e-07,-8.089518195835251e-07,1.5813451439908273e-06,2.9189132818796885e-06,9.627754619984836e-06,-1.134324999259168e-05,-2.953494241649687e-06,-9.578233659169824e-06,1.1263588001661385e-05
8810.0,-6473403.083694166,-1414372.0693434144,-1851284.265326059,2582.6864235801454,-4457.822497102542,-5596.445665666108,501.73576521621084,7606.750598446863,6.780072146438376e-13,0.0,0.9999999741047959,0.9999999171237376,-6.471492819673157e-05,-0.00018189697307693394,0.00027692522393236817,-3.4505627693369706e-07,-7.969749563126384e-07,1.5581789635405159e-06,3.001410550789047e-06,9.804347647127733e-06,-1.1601559133217988e-05,-3.035507423399658e-06,-9.75319318019806e-06,1.1519037988099424e-05
8820.0,-6447178.673847504,-1458862.3436592813,-1907133.333461432,2661.8338156869613,-4440.220749455507,-5573.3570298857485,501.6558560285028,7606.788293938956,6.788566542997014e-13,0.0,0.9999999741046665,0.9999999141106122,-6.647095065026998e-05,-0.00018585095060843294,0.0002846561764852698,-3.571524343422428e-07,-7.846117138138894e-07,1.5342010911119901e-06,3.0861337695278586e-06,9.977500435905229e-06,-1.1854774078637447e-05,-3.1197289121479354e-06,-9.924733502037936e-06,1.176943050721496e-05
8830.0,-6420164.418373351,-1503173.867548014,-1962748.0751484619,2740.6553752704135,-4422.074957921259,-5549.58359981102,501.5739562484873,7606.826996242543,6.797283584017624e-13,0.0,0.9999999741045416,0.9999999110624578,-6.828699355599369e-05,-0.00018974217808353442,0.0002922652095863021,-3.690661802535366e-07,-7.718671869235939e-07,1.509422213903153e-06,3.173039571685591e-06,1.0147127755548924e-05,-1.2102760860836885e-05,-3.206115561155542e-06,-1.0092770132713702e-05,1.201463293090221e-05
8840.0,-6392363.624097509,-1547301.211663981,-2018121.657020218,2819.141449982435,-4403.387339950608,-5525.1282886348445,501.49008036096205,7606.866712814111,6.806222554800609e-13,0.0,0.9999999741044218,0.9999999079840874,-7.016212910579361e-05,-0.00019356876292567001,0.0002997483455602863,-3.807913313971926e-07,-7.587466450236922e-07,1.4838533994327368e-06,3.2620834420964194e-06,1.0313145853586883e-05,-1.2345387868580378e-05,-3.294623083542478e-06,-1.0257220047893132e-05,1.2254514970394483e-05
8850.0,-6363779.694160105,-1591238.9691673405,-2073247.275259718,2897.282429087976,-4384.160179085956,-5499.994092946426,501.40424322058726,7606.907451272856,6.815382714834838e-13,0.0,0.9999999741043066,0.999999904880378,-7.209539878398018e-05,-0.00019732883932545092,0.00030710166302124663,-3.9232178778881185e-07,-7.452555296813784e-07,1.4575060906586114e-06,3.353219736927872e-06,1.0475472494246882e-05,-1.2582525910315938e-05,-3.3852060725917205e-06,-1.0418001730656402e-05,1.248894873985328e-05
8860.0,-6334416.1275937725,-1634981.7563833604,-2128118.1564318025,2975.0687446416305,-4364.395824660139,-5474.184092336377,501.31646004762223,7606.949219394265,6.824763297611232e-13,0.0,0.9999999741041963,0.9999999017562639,-7.408581379183156e-05,-0.00020102056909597618,0.0003143212987378614,-4.036515359014366e-07,-7.313994525587162e-07,1.4303921012488434e-06,3.44640170445851e-06,1.063402699669232e-05,-1.2814048276377412e-05,-3.477818022593252e-06,-1.057503521064294e-05,1.2717808818960231e-05
8870.0,-6304276.518889907,-1678524.2134589828,-2182727.558311385,3052.490872657918,-4344.0966914869,-5447.70144899124,501.22674642355463,7606.992025103522,6.834363510435726e-13,0.0,0.9999999741040907,0.9999998986167262,-7.613235548803587e-05,-0.00020464214251817768,0.00032140344947551816,-4.1477465184000166e-07,-7.171841934909915e-07,1.4025236109257585e-06,3.5415815064957563e-06,1.0788730273008952e-05,-1.303983080042168e-05,-3.5724113502212448e-06,-1.0728242102559722e-05,1.2940972314485822e-05
8880.0,-6273364.557553349,-1721861.005016033,-2237068.770707319,3129.539334274161,-4323.265259543255,-5420.549407277798,501.13511828659193,7607.035876468734,6.84418253424532e-13,0.0,0.9999999741039899,0.999999895466785,-7.823397584493548e-05,-0.00020819177917678604,0.00032834437381508023,-4.256853044872539e-07,-7.026156986501761e-07,1.3739131608153818e-06,3.63871024039199e-06,1.0939504865857477e-05,-1.3259751920034088e-05,-3.668937416436416e-06,-1.0877545644033565e-05,1.3158318920804989e-05
8890.0,-6241684.027645418,-1764986.8208013044,-2291135.1162821734,3206.2046969063394,-4301.904073643716,-5392.731293317132,501.041591927059,7607.080781694023,6.854219523423041e-13,0.0,0.9999999741038939,0.9999998923114891,-8.038959792038584e-05,-0.0002116677287871887,0.0003351403939482906,-4.3637775859921595e-07,-6.877000787234281e-07,1.3445736487434376e-06,3.737737961625272e-06,1.1086274985710626e-05,-1.3473692736437793e-05,-3.767346548905056e-06,-1.1022870732788967e-05,1.3369730979331893e-05
8900.0,-6209238.8073154325,-1807896.3763332956,-2344919.9513676343,3282.4775753975127,-4280.01574310654,-5364.250514548569,500.946183982661,7607.126749112436,6.864473605616635e-13,0.0,0.9999999741038026,0.9999998891559081,-8.259811634493351e-05,-0.0002150682720131028,0.0003417878974494005,-4.4684637783719365e-07,-6.724436070529563e-07,1.3145183244311068e-06,3.838613706916971e-06,1.1228966547598097e-05,-1.3681537073242667e-05,-3.867588064927256e-06,-1.1164143963136263e-05,1.3575093536846735e-05
8910.0,-6176032.871430825,-1850584.4103544408,-2398416.6627717386,3358.3486274678917,-4257.602943525173,-5335.110562022003,500.84891197148056,7607.17378776957,6.874943823622033e-13,0.0,0.9999999741037182,0.9999998860051252,-8.485839700174752e-05,-0.0002183917201989461,0.00034828333685666465,-4.5708561753391066e-07,-6.568527108248598e-07,1.28376078355269e-06,3.941285472853512e-06,1.1367507146404307e-05,-1.3883171455322973e-05,-3.969610273515994e-06,-1.130129362275447e-05,1.3774294373372311e-05
8920.0,-6142070.281807361,-1893045.6951300064,-2451618.680705571,3433.8085720573977,-4234.668410120337,-5305.315001777616,500.74979265009614,7607.22190561657,6.885629311360196e-13,0.0,0.9999999741036386,0.9999998828642187,-8.716927997513581e-05,-0.00022163641940989773,0.0003546232379956329,-4.670900655514204e-07,-6.40933994597031e-07,1.25231497836615e-06,4.045700382302067e-06,1.1501826282361235e-05,-1.407848541875582e-05,-4.073360563864616e-06,-1.1434249846776835e-05,1.3967224148253823e-05
8930.0,-6107355.1959315855,-1935275.0273397095,-2504519.467355775,3508.8481731058187,-4211.2149436386135,-5274.867482491961,500.6488436704734,7607.271111330547,6.89652911503349e-13,0.0,0.9999999741035631,0.9999998797382619,-8.952957771653607e-05,-0.0002248007479848232,0.0003608041950230939,-4.768543975010718e-07,-6.246942063671649e-07,1.2201951799501655e-06,4.151804558292289e-06,1.1631855198228125e-05,-1.4267371294434848e-05,-4.178785364676649e-06,-1.1562944530964944e-05,1.4153776362779459e-05
8940.0,-6071891.863390227,-1977267.2319873925,-2557112.521794659,3583.458246497361,-4187.245407916653,-5243.771732316548,500.5460830119336,7607.32141368768,6.907642253402397e-13,0.0,0.9999999741034923,0.9999998766323117,-9.193807633496657e-05,-0.00022788311837574287,0.00036682287429464167,-4.863733997663266e-07,-6.081402484480969e-07,1.1874159910764838e-06,4.2595432024725074e-06,1.1757526981893295e-05,-1.444972435947128e-05,-4.285830190916628e-06,-1.1687311406375513e-05,1.433384744528418e-05
8950.0,-6035684.625345207,-2019017.1630301138,-2609391.380772595,3657.6296611702205,-4162.762729508566,-5212.031558392828,500.44152897595336,7607.372821555452,6.918967717608207e-13,0.0,0.9999999741034252,0.9999998735513974,-9.439353615763975e-05,-0.00023088197791311258,0.00037267601600898787,-4.956419721116089e-07,-5.912791750230424e-07,1.1539923404926763e-06,4.368860620889471e-06,1.1878776599939164e-05,-1.4625442890814465e-05,-4.394439669148345e-06,-1.1807286072142519e-05,1.4507336803527193e-05
8960.0,-5998737.91399766,-2060519.70400339,-2661349.619505401,3731.3533402177927,-4137.769897305869,-5179.650846357783,500.3352001808481,7607.425343884749,6.930504471000791e-13,0.0,0.9999999741033626,0.9999998705005139,-9.689469230342722e-05,-0.00023379580955848865,0.0003783604358230705,-5.046551302195319e-07,-5.741181895457126e-07,1.1199394769696165e-06,4.479700249965168e-06,1.1995540930273021e-05,-1.4794428217165414e-05,-4.504557563327667e-06,-1.192280602747128e-05,1.4674146875801391e-05
8970.0,-5961056.252040906,-2101769.7686426775,-2712980.852456834,3804.6202619816927,-4112.269962149946,-5146.63355984012,500.2271155563779,7607.478989701841,6.942251448967685e-13,0.0,0.9999999741033037,0.9999998674846095,-9.944025526885363e-05,-0.00023662313264383302,0.0003838730264368337,-5.13408008165323e-07,-5.566646419926072e-07,1.0852729631236658e-06,4.592004682899662e-06,1.2107758793916846e-05,-1.4956584769562441e-05,-4.616126801039535e-06,-1.2033810702827266e-05,1.4834183180748789e-05
8980.0,-5922644.25210246,-2142762.3015010096,-2764278.7341160877,3877.4214611364364,-4086.26603643717,-5112.983739947171,500.1172943382552,7607.533768100245,6.954207558767255e-13,0.0,0.999999974103249,0.9999998645085793,-0.00010202891152632106,-0.00023936250359674166,0.0003892107591465767,-5.218958608343735e-07,-5.389260259773415e-07,1.0500086690242928e-06,4.705715696494874e-06,1.2215370985935801e-05,-1.5111820130610325e-05,-4.7290895001696046e-06,-1.2140241490305543e-05,1.4987354365857478e-05
8990.0,-5883506.616175494,-2183492.278562385,-2815236.959769773,3949.7480297650586,-4059.761293716917,-5078.705504742898,500.0057560625784,7607.589688232458,6.966371679364011e-13,0.0,0.9999999741031979,0.9999998615772536,-0.00010465932413426774,-0.0002420125166509106,0.0003943706853657836,-5.30114066286864e-07,-5.209099757373149e-07,1.0141627655984727e-06,4.8207742783922e-06,1.2318320305485922e-05,-1.526004508232556e-05,-4.843386995998759e-06,-1.2242041773163612e-05,1.5133572254613386e-05
9000.0,-5843648.135039303,-2223954.7078513773,-2865849.2662689947,4021.5911184265383,-4032.7589682822995,-5043.803048716691,499.8925205601705,7607.646759301611,6.978742661268848e-13,0.0,0.9999999741031501,0.9999998586953914,-0.0001073301333590381,-0.00024457180454126365,0.0003993499381125168,-5.380581280717919e-07,-5.026242630027429e-07,9.777517178420044e-07,4.937120654718282e-06,1.2416551584966913e-05,-1.5401173652575803e-05,-4.958959868711992e-06,-1.2339156954505623e-05,1.5272751892285154e-05
9010.0,-5803073.687669246,-2264144.630038518,-2916109.432790932,4092.9419372141992,-4005.2623547538865,-5008.280642243349,499.7776079508476,7607.704990552987,6.991319326382087e-13,0.0,0.9999999741031063,0.9999998558676698,-0.00011003995730819118,-0.0002470390391831555,0.00040414573346238546,-5.457236774925556e-07,-4.840767937594584e-07,9.407922778494626e-07,5.054694318129913e-06,1.2510011718267484e-05,-1.5535123160089914e-05,-5.075747971309266e-06,-1.2431534485100916e-05,1.540481159031602e-05
9020.0,-5761788.240636207,-2304057.1190413996,-2966011.28159488,4163.791756805047,-3977.2748076565285,-4972.142631034391,499.6610386375934,7607.7643912654485,7.004100467842524e-13,0.0,0.9999999741030657,0.9999998530986749,-0.00011278739257500925,-0.0002494129323351476,0.0004087553719662147,-5.531064758245787e-07,-4.652756049151476e-07,9.03301477672865e-07,5.173434056249874e-06,1.2598649688091694e-05,-1.566181425801713e-05,-5.1936904579080425e-06,-1.2519123890324266e-05,1.5529672969299912e-05
9030.0,-5719796.847495524,-2343687.282621608,-3015548.6787728895,4234.131909500222,-3948.7997409892505,-4935.393435580646,499.54283330068364,7607.824970742775,7.017084849878332e-13,0.0,0.9999999741030281,0.999999850392894,-0.00011557101489397678,-0.0002516922362449046,0.0004131762400316014,-5.602024164847251e-07,-4.4622886087762337e-07,8.652966220179164e-07,5.2932779804837074e-06,1.2682416592356841e-05,-1.578117097601678e-05,-5.312725812425677e-06,-1.2601876796201792e-05,1.5647261000518e-05
9040.0,-5677104.648165513,-2383030.26297736,-3064715.5349948145,4303.95379025636,-3919.8406277883546,-4898.037550586288,499.4230128917061,7607.886738304902,7.030271207666273e-13,0.0,0.9999999741029935,0.9999998477547072,-0.00011838937980698387,-0.0002538757442777904,0.0004174058112675587,-5.670075271519904e-07,-4.2694485005292775e-07,8.267952807865092e-07,5.414163555207199e-06,1.2761265669652539e-05,-1.589312076085736e-05,-5.432791877631507e-06,-1.2679746954551719e-05,1.575750404601425e-05
9050.0,-5633716.868295953,-2422081.2373314956,-3113505.806247387,4373.248857707294,-3890.4009996840077,-4860.079544394696,499.30159862753095,7607.94970327908,7.043658247193899e-13,0.0,0.9999999741029617,0.9999998451883786,-0.00012124102333999072,-0.0002559622915277659,0.0004214416477914727,-5.735179718390762e-07,-4.0743198127112553e-07,7.878152814735975e-07,5.536027627313512e-06,1.2835152323752912e-05,-1.5997594515506594e-05,-5.553825884554753e-06,-1.2752690267203116e-05,1.58603338971854e-05
9060.0,-5589638.81862608,-2460835.4185153493,-3161913.494567916,4442.0086351769705,-3860.4844464500165,-4821.524058405736,499.1786119842185,7608.013874990935,7.057244645126766e-13,0.0,0.9999999741029322,0.9999998426980478,-0.00012412446268994352,-0.00025795075541027194,0.0004252814014977197,-5.797300529133305e-07,-3.8769878014480587e-07,7.483747014241396e-07,5.658806456109886e-06,1.2904034147173413e-05,-1.6094526636694345e-05,-5.675764482238421e-06,-1.282066480928131e-05,1.5955685811865663e-05
9070.0,-5544875.894332704,-2499288.0555478404,-3209932.6487718206,4510.224711682512,-3830.0946155472775,-4782.375806485093,499.05407469083553,7608.079262755468,7.071029048684344e-13,0.0,0.9999999741029052,0.9999998402877229,-0.00012703819692164463,-0.0002598400562367434,0.00042892281528719814,-5.856402130656111e-07,-3.6775388536503886e-07,7.084918599564053e-07,5.782435743550032e-06,1.29678709437615e-05,-1.6183855050928814e-05,-5.7985437678261575e-06,-1.2883630851547748e-05,1.6043498549883792e-05
9080.0,-5499433.574368369,-2537434.43420998,-3257557.3651742344,4577.888742927739,-3799.2352116608527,-4742.639574365609,498.9280087232329,7608.145875867984,7.085010075519657e-13,0.0,0.9999999741028808,0.9999998379612727,-0.00012998070767433046,-0.00026162915777046584,0.00043236372425714894,-5.912450372262127e-07,-3.4760604493962945e-07,6.6818531035678e-07,5.906850664791574e-06,1.302662475031418e-05,-1.6265521248947814e-05,-5.922099316969098e-06,-1.2941550881779474e-05,1.612371440707108e-05
9090.0,-5453317.420789446,-2575269.8776148637,-3304781.788305765,4644.992452287333,-3767.909996230622,-4702.3202190405245,498.8004362977575,7608.213723594932,7.099186313605936e-13,0.0,0.9999999741028579,0.9999998357224174,-0.0001329504598776999,-0.00026331706776349967,0.00043560205685064116,-5.965412544257658e-07,-3.2726411237557866e-07,6.274738317495645e-07,6.031985899065851e-06,1.308025985721143e-05,-1.6339470318588054e-05,-6.046366214541347e-06,-1.299438962517768e-05,1.6196279247701055e-05
9100.0,-5406533.07807457,-2612789.746772804,-3351600.1116219778,4711.527631781019,-3736.1227869758495,-4661.422668149106,498.6713798648939,7608.282815164706,7.113556321131773e-13,0.0,0.999999974102837,0.9999998335747242,-0.00013594590247709265,-0.00026490283847438803,0.0004386358359650855,-6.015257396003974e-07,-3.067370428097312e-07,5.863764208467086e-07,6.157775660846573e-06,1.3128742828057586e-05,-1.640565097605217e-05,-6.171279085650572e-06,-1.3042114063793483e-05,1.626114253534028e-05
9110.0,-5359086.27243342,-2649989.441151672,-3398006.578206694,4777.486143037961,-3703.8774574136605,-4619.951919354599,498.5408621028662,7608.353159758362,7.128118626401647e-13,0.0,0.9999999741028176,0.9999998315215981,-0.00013896546916754345,-0.00026638556716639816,0.00044146318001919406,-6.061955153388962e-07,-2.860338890882962e-07,5.449122835796621e-07,6.284153731304684e-06,1.3172042518319291e-05,-1.6464015595557964e-05,-6.296772126930369e-06,-1.3084693454957897e-05,1.63182573620908e-05
9120.0,-5310982.811105743,-2686864.399232514,-3443995.4814691697,4842.859918251464,-3671.1779363714218,-4577.913039714544,498.40890591118017,7608.424766500314,7.142871727745048e-13,0.0,0.9999999741027995,0.9999998295662766,-0.0001420075791364308,-0.00026776439658605266,0.00044408230397781313,-6.105477535712921e-07,-2.651637977977679e-07,5.031008266169856e-07,6.41105349003635e-06,1.3210130092952075e-05,-1.651452023734985e-05,-6.422779138102146e-06,-1.312209934870623e-05,1.6367580476206e-05
9130.0,-5262228.58165102,-2723410.0990601475,-3489561.1658348045,4907.64096112354,-3638.0282074932925,-4535.311165043776,498.2755344041176,7608.4976444489475,7.157814093433182e-13,0.0,0.9999999741027826,0.9999998277118229,-0.0001450706378144035,-0.00026903851542169966,0.00044649152033404997,-6.145797771969923e-07,-2.441360052482859e-07,4.6096164877038405e-07,6.5384079470502105e-06,1.324297904300471e-05,-1.6557124674057632e-05,-6.5492335537921604e-06,-1.3154305604185185e-05,1.6409072308061223e-05
9140.0,-5212829.551228681,-2759622.058788827,-3534698.027429499,4971.821347799511,-3604.4323087409502,-4492.151499270104,498.1407709041741,7608.571802587211,7.172944161605009e-13,0.0,0.9999999741027664,0.9999998259611189,-0.00014815303763429178,-0.00027020715874189307,0.00044868924004814987,-6.182890616511383e-07,-2.2295983341010644e-07,4.185145322911726e-07,6.6661497749997334e-06,1.3270565201191047e-05,-1.6591792415381038e-05,-6.676068475590713e-06,-1.3181288405032926e-05,1.6442696994461735e-05
9150.0,-5162791.7658689795,-2795495.83722295,-3579400.514757578,5035.393227792596,-3570.394331888548,-4448.439313782773,498.00463893547095,7608.6472498131725,7.188260340199817e-13,0.0,0.999999974102751,0.9999998243168615,-0.00015125315879769254,-0.0002712696084133532,0.00045067397344258567,-6.216732364084399e-07,-2.016446858050731e-07,3.7577943406046243e-07,6.794211341647965e-06,1.3292866756421603e-05,-1.6618490731089823e-05,-6.803216704339138e-06,-1.3203026273720476e-05,1.6468422401270803e-05
9160.0,-5112121.349734775,-2831027.034352572,-3623663.129373055,5098.3488248981785,-3535.9184220121374,-4404.179946773967,497.8671622171039,7608.723994930516,7.203761006901136e-13,0.0,0.9999999741027358,0.9999998227815549,-0.00015436937004890033,-0.00027222519349827677,0.00045244433105282234,-6.24730086422559e-07,-1.8020004335295745e-07,3.3277647667477505e-07,6.922524742548736e-06,1.3309864267282432e-05,-1.6637190672315617e-05,-6.93061077263096e-06,-1.321950008484669e-05,1.648622014434169e-05
9170.0,-5060824.504374176,-2866211.2918838533,-3667480.4265443357,5160.680438097937,-3501.0087769735323,-4359.378802573362,497.7283646564698,7608.802046639036,7.219444509087913e-13,0.0,0.9999999741027209,0.9999998213575075,-0.0001575000294558695,-0.00027307329063077957,0.0004539990244332518,-6.274575535002111e-07,-1.586354601741343e-07,2.89525939429862e-07,7.0510218339313e-06,1.3321540674454435e-05,-1.664786709112543e-05,-7.058182977512544e-06,-1.3230693077375551e-05,1.6496065608737653e-05
9180.0,-5008907.507964224,-2901044.293764275,-3710847.015912198,5222.3804424536565,-3465.6696468987675,-4314.041350975884,497.58827034254745,7608.881413525099,7.235309163796382e-13,0.0,0.9999999741027058,0.9999998200468259,-0.00016064348519787426,-0.00027381332437225543,0.00045533686691779025,-6.298537376091462e-07,-1.369605593496807e-07,2.4604824920548946e-07,7.179634265773466e-06,1.3327881312062667e-05,-1.6650498658356894e-05,-7.18586541336919e-06,-1.3236590865808068e-05,1.6497937966224796e-05
9190.0,-4956376.714545525,-2935521.766702738,-3753757.562141151,5283.441289990892,-3429.9053336511174,-4268.173126562665,497.4469035391407,7608.962104052085,7.251353257692253e-13,0.0,0.9999999741026907,0.9999998188514111,-0.00016379807635954276,-0.0002744447675454392,0.00045645677433465433,-6.319168981182078e-07,-1.151850286390351e-07,2.0236397125320488e-07,7.308293515048613e-06,1.332887391794609e-05,-1.6645067879706075e-05,-7.313590004982453e-06,-1.3237181450280074e-05,1.6491820191023668e-05
9200.0,-4903238.553248355,-2969639.480684175,-3796206.7855637604,5343.855510571957,-3393.720190299039,-4221.779728015642,497.3042886780975,7609.044126550814,7.267575047052309e-13,0.0,0.9999999741026754,0.9999998177729547,-0.00016696213373090007,-0.00027496714154696294,0.00045735776567482815,-6.336454549692904e-07,-9.33186161576497e-08,1.5849379989068958e-07,7.4369309191313985e-06,1.3324508642842004e-05,-1.6631561110045465e-05,-7.441288540742537e-06,-1.323245522557701e-05,1.6477699073805163e-05
9210.0,-4849499.527509875,-3003393.2494789828,-3838189.4628182678,5403.615712758726,-3357.118620578832,-4174.866817425532,497.16045035250204,7609.1274892099755,7.283972757756401e-13,0.0,0.9999999741026592,0.9999998168129342,-0.00017013398061310303,-0.000275380016638212,0.0004580389637137718,-6.350379897792175e-07,-7.137112601422451e-08,1.1445854910468267e-07,7.5654777093475005e-06,1.3314778058473618e-05,-1.660996856596691e-05,-7.5688927060021736e-06,-1.3222404989058441e-05,1.64555652339181e-05
9220.0,-4795166.214282967,-3036778.931146902,-3879700.427479082,5462.7145846647245,-3320.1050783523897,-4127.440119593681,497.0154133098265,7609.212200066543,7.300544585291887e-13,0.0,0.9999999741026414,0.9999998159726106,-0.00017331193362948969,-0.00027568301221427656,0.0004584995955859155,-6.360932468713069e-07,-4.9352413909856256e-08,7.027914306648812e-08,7.693865044651537e-06,1.3299677164535142e-05,-1.6580284336530477e-05,-7.69633411655611e-06,-1.3207025947485806e-05,1.6425413129836252e-05
9230.0,-4740245.263236293,-3069792.4285356626,-3920734.5706805205,5521.144894797061,-3282.6840670597617,-4079.505421327394,496.8692024450833,7609.298266996193,7.317288694766602e-13,0.0,0.9999999741026228,0.9999998152530267,-0.00017649430354162054,-0.00027587579705081784,0.0004587389933115154,-6.368101342352116e-07,-2.7272382700055777e-08,2.5976606562170157e-08,7.822024045418967e-06,1.3279203394567083e-05,-1.6542506392212487e-05,-7.823544352231286e-06,-1.3186315722744375e-05,1.638724106781231e-05
9240.0,-4684743.395946427,-3102429.6897738394,-3961286.841733111,5578.899492887289,-3244.86013916718,-4031.068570729609,496.72184279391917,7609.385697703735,7.33420322093754e-13,0.0,0.9999999741026027,0.9999998146550032,-0.00017967939606990425,-0.00027595808952866153,0.0004587565942754468,-6.371877244143788e-07,-5.140977921242686e-09,-1.8427944658078108e-08,7.94988582733476e-06,1.3253356620713952e-05,-1.649663659203457e-05,-7.95045499057187e-06,-1.31602743564567e-05,1.634105120872949e-05
9250.0,-4628667.405081292,-3134686.70875846,-4001352.2487331266,5635.9713107122,-3206.637895609971,-3982.1354764821754,496.57335952574294,7609.474499713555,7.351286268245412e-13,0.0,0.9999999741025809,0.9999998141791365,-0.00018286551271849805,-0.00027592965783594686,0.0004585519416575447,-6.37225255319846e-07,1.7031816717331607e-08,-6.291331360869548e-08,8.07738153536486e-06,1.3222139157358012e-05,-1.6442680688863137e-05,-8.076997640603531e-06,-1.3128904313476275e-05,1.6286849573138276e-05
9260.0,-4572024.153575789,-3166559.5256367815,-4040925.8591646287,5692.3533629035655,-3168.0219852310565,-3932.7121071236106,496.42377793678736,7609.564680360072,7.368535910867094e-13,0.0,0.9999999741025571,0.9999998138257982,-0.00018605095160406277,-0.00027579032014766276,0.0004581246848141096,-6.369221309699452e-07,3.923598387351333e-08,-1.0745823187187419e-07,8.204442377793055e-06,1.3185555763626587e-05,-1.63806483328917e-05,-8.2031039766617e-06,-1.3092210484262028e-05,1.6224646044471652e-05
9270.0,-4514820.573799076,-3198044.2272826275,-4080002.800494504,5748.038747747582,-3129.0171042146285,-3882.8044903208324,496.27312344318534,7609.656246778229,7.385950192777248e-13,0.0,0.9999999741025313,0.9999998135951332,-0.00018923400828804062,-0.000275539944782416,0.0004574745796102126,-6.362779221546902e-07,6.14614771434259e-08,-1.5204136947068614e-07,8.330999660308916e-06,1.3143613644761215e-05,-1.6310553073248222e-05,-8.328705772267591e-06,-1.305020018612388e-05,1.6154454370427823e-05
9280.0,-4457063.6667141365,-3229136.947766887,-4118578.2607600186,5803.020647973349,-3089.627995515491,-3832.418712135467,496.1214215740338,7609.749205893987,7.403527127822927e-13,0.0,0.9999999741025026,0.9999998134870594,-0.00019241297661204426,-0.0002751784503362758,0.00045660148870246305,-6.352923670240109e-07,8.369822566165097e-08,-1.966413448093567e-07,8.456984820128618e-06,1.3096322452350526e-05,-1.623241235777724e-05,-8.4537349340354e-06,-1.3002883163336965e-05,1.6076292162514122e-05
9290.0,-4398760.501029479,-3259833.868822332,-4156647.489149039,5857.292331530725,-3049.859448283937,-3781.560916284604,495.9686979644485,7609.8435644148885,7.421264699811164e-13,0.0,0.9999999741024715,0.9999998135012673,-0.00019558614953599072,-0.0002747058057935608,0.0004555053817719146,-6.339653715993073e-07,1.0593613872856639e-07,-2.41236734675485e-07,8.582329460134208e-06,1.3043694283416425e-05,-1.614624753094496e-05,-8.578123535595148e-06,-1.2950271586120199e-05,1.5990180893744626e-05
9300.0,-4339918.212343101,-3290131.2203026507,-4194205.796572835,5910.847152357435,-3009.7162972863066,-3730.2373033961453,495.81497834860625,7609.939328820627,7.439160862610689e-13,0.0,0.9999999741024376,0.9999998136372199,-0.00019875181997859356,-0.00027412203061443467,0.00045418633570680733,-6.32297010207582e-07,1.28165110462408e-07,-2.858060843006922e-07,8.706965383014264e-06,1.2985743678357546e-05,-1.6052083829883564e-05,-8.701803851514826e-06,-1.2892380048476062e-05,1.589614589448555e-05
9310.0,-4280544.002278703,-3320025.280635741,-4231248.556231506,5963.678551135549,-2969.2034223212077,-3678.4541302587368,495.6602885527993,7610.036505353686,7.457213540265392e-13,0.0,0.9999999741024002,0.9999998138941533,-0.00020190828165982767,-0.0002734271947991858,0.00045264453473486325,-6.302875258365164e-07,1.503750244758322e-07,-3.3032791747584705e-07,8.830824625388942e-06,1.2922487617737887e-05,-1.5949950378560852e-05,-8.824708391205266e-06,-1.2829225564887239e-05,1.5794216346442583e-05
9320.0,-4220645.137614529,-3349512.377271073,-4267771.20417178,6015.780056037068,-2928.32574763166,-3626.2177090666332,495.50465448847973,7610.1351000100085,7.475420627122568e-13,0.0,0.9999999741023595,0.9999998142710779,-0.00020505382994496016,-0.0002726214189290828,0.0004508802705048769,-6.279373304111148e-07,1.7255575857288853e-07,-3.747807467154932e-07,8.953839491903856e-06,1.2853945517923695e-05,-1.5839880180073298e-05,-8.946769932791141e-06,-1.2760827565869195e-05,1.568442527478649e-05
9330.0,-4160228.9494048064,-3378588.887121143,-4303769.239837234,6067.145283458713,-2887.0882413131785,-3573.5344066594853,495.34810214530586,7610.235118529735,7.493779987975308e-13,0.0,0.9999999741023158,0.9999998147667799,-0.00020818676268975544,-0.00027170487418370264,0.0004488939421173676,-6.252470049902252e-07,1.9469718946569245e-07,-4.1914308346768717e-07,9.075942589274759e-06,1.2780139225565855e-05,-1.572191010705649e-05,-9.067921556931568e-06,-1.2687207892376142e-05,1.5566809538413036e-05
9340.0,-4099302.8320939313,-3407251.236996989,-4339238.226610892,6117.767938745902,-2845.4959147178774,-3520.4106437571777,495.1906575842127,7610.336566387996,7.512289458216707e-13,0.0,0.9999999741022678,0.9999998153798219,-0.00021130538108645513,-0.0002706777823346427,0.0004466860561040754,-6.222172998827221e-07,2.1678919750814515e-07,-4.633934483646495e-07,9.19706686026753e-06,1.2701093010924637e-05,-1.5596080890213315e-05,-9.188096680573074e-06,-1.260839078905792e-05,1.5441409818334616e-05
9350.0,-4037874.24262329,-3435495.9040377997,-4374173.792350217,6167.641816906048,-2803.553821854552,-3466.852894189653,495.0323469304666,7610.439448785764,7.530946844011328e-13,0.0,0.9999999741022163,0.999999816108547,-0.0002144079905101361,-0.0002695404157155284,0.00044425722635610344,-6.188491346824803e-07,2.3882167144502634e-07,-5.075103815095449e-07,9.317145617595604e-06,1.2616833560035989e-05,-1.5462437104954027e-05,-9.30722909061948e-06,-1.2524402896368878e-05,1.5308270604201735e-05
9360.0,-3975950.699531129,-3463319.4161344487,-4408571.62991432,6216.7608033109545,-2761.267058785012,-3412.867684122064,494.8731963667525,7610.543770640795,7.549749922478511e-13,0.0,0.9999999741021605,0.9999998169510803,-0.00021749290136502712,-0.00026829309716825355,0.00044160817400054647,-6.151435982216156e-07,2.6078451317409814e-07,-5.514724527944864e-07,9.436112577718283e-06,1.2527389965719827e-05,-1.532102715614827e-05,-9.425252977500193e-06,-1.243527324152627e-05,1.5167440178953565e-05
9370.0,-3913539.782045459,-3490718.352346969,-4442427.497683402,6265.118874388351,-2718.6407630166686,-3358.4615912752765,494.71323212625833,7610.649536578614,7.568696441892435e-13,0.0,0.9999999741021002,0.9999998179053319,-0.0002205584299303776,-0.00026693619996539023,0.0004387397272254586,-6.111019484417745e-07,2.826676425188225e-07,-5.952582722452387e-07,9.553901894522879e-06,1.2432793717429781e-05,-1.5171903260991286e-05,-9.542102968621073e-06,-1.2341033228320319e-05,1.5018970601597911e-05
9380.0,-3850649.1291701286,-3517689.3433159227,-4475737.220070342,6312.710098302614,-2675.6801128914667,-3303.6412441418156,494.55248048579136,7610.756750923628,7.58778412189507e-13,0.0,0.9999999741020353,0.9999998189690011,-0.0002236028992054682,-0.00026547014770872103,0.0004356528210530409,-6.06725612182314e-07,3.044610020098411e-07,-6.388465003876058e-07,9.670448192872962e-06,1.2333078689945328e-05,-1.5015121429982351e-05,-9.657714161680028e-06,-1.2241716625774947e-05,1.4862917688121284e-05
9390.0,-3787286.438763995,-3544229.0716677164,-4508496.688024527,6359.52863562473,-2632.3903269711213,-3248.4133211972157,494.3909677589098,7610.865417690264,7.607010653724632e-13,0.0,0.999999974101966,0.9999998201395802,-0.00022662463975335427,-0.0002638954142038512,0.00043234849706094214,-6.020161848854925e-07,3.261545616729533e-07,-6.822158586306148e-07,9.785686602006926e-06,1.2228281130906412e-05,-1.4850741446016925e-05,-9.772022157831123e-06,-1.2137359555661209e-05,1.4699340990530833e-05
9400.0,-3723459.4666136904,-3570334.2724136333,-4540701.859527624,6405.56873999129,-2588.776663419005,-3192.7845501072165,494.2287202890571,7610.975540574269,7.626373700461407e-13,0.0,0.9999999741018917,0.999999821414358,-0.00022962199054290787,-0.0002622125233108852,0.0004288279030516245,-5.969754302180325e-07,3.4773832382081814e-07,-7.253451396613278e-07,9.899552788768002e-06,1.2118439647194814e-05,-1.467882684159762e-05,-9.88496309467964e-06,-1.2028000478866679e-05,1.4528303774032171e-05
9410.0,-3659176.025499534,-3596001.7333428143,-4572348.760081592,6450.824758752841,-2544.844419378357,-3136.7617069303847,494.06576444276425,7611.087122944044,7.645870897283624e-13,0.0,0.9999999741018124,0.9999998227904251,-0.0002325932997887633,-0.00026042204877113455,0.0004250922926697149,-5.916052796081183e-07,3.692023278475137e-07,-7.682132178466414e-07,1.0011982990649497e-05,1.2003595190160246e-05,-1.449944487416532e-05,-9.996473679090667e-06,-1.1913680180619135e-05,1.434987299234491e-05
9420.0,-3594443.9842553874,-3621228.2954088445,-4603433.4831884885,6495.291133611171,-2500.5989303473843,-3080.351615316884,493.9021266028378,7611.200167832121,7.66549985174358e-13,0.0,0.9999999741017278,0.9999998242646793,-0.00023553692578871522,-0.0002585246140098748,0.0004211430249673634,-5.859078316986559e-07,3.9053665502148763e-07,-8.107990596362594e-07,1.012291404863771e-05,1.1883791039699887e-05,-1.431266649955702e-05,-1.0106491219794583e-05,-1.1794441754572949e-05,1.4164119261163447e-05
9430.0,-3529271.266821881,-3646010.8531102035,-4633952.190822407,6538.96240124596,-2456.045569550849,-3023.561145702873,493.7378331615953,7611.314677926722,7.685258144057183e-13,0.0,0.9999999741016381,0.9999998258338306,-0.00023845123775817636,-0.00025652089191513977,0.00041698156391757195,-5.798853517153091e-07,4.117314332765963e-07,-8.530817339622891e-07,1.0232283439835424e-05,1.175907278718959e-05,-1.41185663435937e-05,-1.021495365977228e-05,-1.1670330585757704e-05,1.3971116829766509e-05
9440.0,-3463665.8512935666,-3670346.3548643608,-4663901.113893281,6581.833193930541,-2411.1897473085146,-2966.397214501022,493.5729105141414,7611.430655563448,7.705143327407882e-13,0.0,0.9999999741015431,0.999999827494407,-0.0002413346166612497,-0.000254411604592584,0.0004126094778755534,-5.735402707494776e-07,4.32776841998181e-07,-8.950404226298719e-07,1.034002930984787e-05,1.1629488317273189e-05,-1.3917222671807644e-05,-1.032179960840235e-05,-1.1541394332394387e-05,1.3770943550783557e-05
9450.0,-3397635.7689599684,-3694231.8033755315,-4693276.552702565,6623.898240136819,-2366.0369104004344,-2908.8667832871092,493.4073850516668,7611.54810271708,7.725152928267778e-13,0.0,0.9999999741014423,0.9999998292427608,-0.0002441854560379969,-0.00025219752309644134,0.00040802843898817074,-5.668751849565295e-07,4.5366311680088805e-07,-9.366544306934174e-07,1.0446090504915519e-05,1.1495087788515373e-05,-1.3708717357314196e-05,-1.0426968373353722e-05,-1.140768290658476e-05,1.3563680848125702e-05
9460.0,-3331189.1033407375,-3717664.255996054,-4722074.877390705,6665.1523651293355,-2320.5925414292133,-2850.9768579828706,493.2412831547856,7611.667020993493,7.745284446734093e-13,0.0,0.9999999741013357,0.999999831075075,-0.0002470021628274716,-0.0002498794671366255,0.00040324022255154763,-5.59892854667984e-07,4.743805542975927e-07,-9.7790319681335e-07,1.0550406603774014e-05,1.1355923612921545e-05,-1.3493135846839304e-05,-1.0530399992206204e-05,-1.1269248453878775e-05,1.3349413683090374e-05
9470.0,-3264333.9892146103,-3740640.825081468,-4750292.528376597,6705.590491548722,-2274.8621581790276,-2792.7344880348314,493.074631186923,7611.787411621711,7.765535356880272e-13,0.0,0.9999999741012232,0.9999998329873707,-0.0002497831581861076,-0.0002474583047620165,0.00039824670631693473,-5.525962034187335e-07,4.949195168554182e-07,-1.0187663035877904e-06,1.0652917949226934e-05,1.1212050434331799e-05,-1.3270567124909671e-05,-1.0632035263782326e-05,-1.1126145331724753e-05,1.3128230518648073e-05
9480.0,-3197078.611642874,-3763158.678339077,-4777926.016788645,6745.20763998418,-2228.851312971878,-2734.14676558972,492.9074554877421,7611.909275446084,7.785903107122974e-13,0.0,0.9999999741011049,0.999999834975514,-0.00025252687830100955,-0.00024493495202001516,0.0003930498697450107,-5.449883168882101e-07,5.152704373376393e-07,-1.059223487853678e-06,1.0753565679411533e-05,1.1063525105694547e-05,-1.304110367621885e-05,-1.0731815779172619e-05,-1.0978430086810708e-05,1.290022328192417e-05
9490.0,-3129431.20498718,-3785215.039170052,-4804971.924887579,6783.99892953518,-2182.5655920209597,-2675.220824666318,492.73978236660736,7612.032612918615,7.80638512060593e-13,0.0,0.9999999741009804,0.9999998370352232,-0.0002552317751977281,-0.0002423103725924404,0.0003876517932087689,-5.370724417561378e-07,5.354238238281241e-07,-1.099254650951866e-06,1.0852291758741663e-05,1.0910406665228466e-05,-1.2804841446179696e-05,-1.0829683952438033e-05,-1.0826161431303764e-05,1.2665487324887051e-05
9500.0,-3061400.0519215073,-3806807.1870051534,-4831426.9064810965,6821.959578362557,-2136.010614780983,-2615.96384032354,492.5716380961165,7612.157424091409,7.826978795596868e-13,0.0,0.9999999741008503,0.9999998391620775,-0.00025789631754210543,-0.00023958557740784702,0.00038205465714515833,-5.288519844726426e-07,5.553702643364034e-07,-1.138839868950627e-06,1.0949039008510802e-05,1.0752756311478136e-05,-1.2561879799675987e-05,-1.0925583050972272e-05,-1.0669400217993299e-05,1.242412138325413e-05
9510.0,-2992993.4824390598,-3827932.45763382,-4857287.68732999,6859.084904228619,-2089.192033296003,-2556.3830278254404,492.40304890566784,7612.283708609289,7.847681505901878e-13,0.0,0.9999999741007142,0.9999998413515234,-0.0002605189914357352,-0.00023676162423039415,0.0003762607411557558,-5.203305099426866e-07,5.751004314808261e-07,-1.1779594028217256e-06,1.1043751137137455e-05,1.0590637377274198e-05,-1.2312321478028095e-05,-1.1019457225506948e-05,-1.0508209414349453e-05,1.2176227533632487e-05
9520.0,-2924219.8728534398,-3848588.2435268313,-4882551.065546077,6895.370325026737,-2042.1155315442568,-2496.485641802521,492.2340409750836,7612.4114657025575,7.868490601294926e-13,0.0,0.9999999741005714,0.9999998435988846,-0.00026309830120463954,-0.00023383961722535046,0.00037027242305665714,-5.115117401252639e-07,5.946050871469067e-07,-1.216593708563912e-06,1.1136372770036874e-05,1.0424115302604787e-05,-1.205627255418608e-05,-1.1111251539743452e-05,-1.0342654075503288e-05,1.192191114890628e-05
9530.0,-2855087.644794978,-3868771.9941523043,-4907213.911981575,6930.811359299969,-1994.786824780614,-2436.278975410117,492.0646404282963,7612.540694179912,7.889403407961904e-13,0.0,0.9999999741004227,0.9999998458993706,-0.00026563277018070856,-0.00023082070650139684,0.00036409217787793254,-5.023995525472695e-07,6.138750871189053e-07,-1.2547234472675164e-06,1.122684947910128e-05,1.025325760640969e-05,-1.1793842386168506e-05,-1.120091199959385e-05,-1.017280131615998e-05,1.166128085188989e-05
9540.0,-2785605.2642014595,-3888481.2162852287,-4931273.17061022,6965.403626749239,-1947.2116588761137,-2375.7703594831532,491.89487332708853,7612.671392421535,7.910417228960584e-13,0.0,0.9999999741002673,0.9999998482480844,-0.0002681209414755066,-0.0002277060876298301,0.00035772257681287696,-4.929979787322714e-07,6.329013856820623e-07,-1.2923294951151197e-06,1.1315127811773012e-05,1.0078133857304915e-05,-1.1525143568760456e-05,-1.1288385582015389e-05,-9.998720281453544e-06,1.1394448467260743e-05
9550.0,-2715781.240304351,-3907713.4743102435,-4954725.85889973,6999.142848730511,-1899.3958096552922,-2314.9671616882315,491.7247656649062,7612.8035583723295,7.931529344694224e-13,0.0,0.9999999741001059,0.9999998506400333,-0.0002705613787459876,-0.00022449700114086487,0.00035116628611748065,-4.833112025447608e-07,6.516750401923108e-07,-1.3293929533118204e-06,1.1401155319692544e-05,9.898815643252077e-06,-1.1250291883493584e-05,-1.137362026342074e-05,-9.820482116755756e-06,1.1121528971793799e-05
9560.0,-2645624.1246097353,-3926466.3905178816,-4977569.06817591,7032.0248487414865,-1851.345082230773,-2253.876785672306,491.55434336071556,7612.937189535345,7.952737013402618e-13,0.0,0.9999999740999383,0.9999998530701365,-0.00027295266695172835,-0.00022119473199716278,0.0003444260659604058,-4.733435584499852e-07,6.70187215611716e-07,-1.3658951579399633e-06,1.1484880586906433e-05,9.715376540180227e-06,-1.0969406246923223e-05,-1.145656504764933e-05,-9.63815993644979e-06,1.0842640442913492e-05
9570.0,-2575142.509874465,-3944737.645394143,-4999799.963978225,7064.045552897611,-1803.0653103354232,-2192.506670208395,491.38363225294836,7613.072282965386,7.974037471665249e-13,0.0,0.9999999740997644,0.9999998555332353,-0.00027529341310324396,-0.00021780060904478247,0.0003375047692238959,-4.6309952968971796e-07,6.884291890068896e-07,-1.4018176897322407e-06,1.15662532576179e-05,9.527892079574348e-06,-1.0682608657224096e-05,-1.1537169993482222e-05,-9.45182879167984e-06,1.0557904005584965e-05
9580.0,-2504344.518698602,-3962524.297759032,-5021414.921181184,7095.199783905214,-1754.561981487473,-2130.8638289591345,491.2114472202668,7613.207496054224,7.995579630911779e-13,1.0,0.9999999740994856,0.9999998580724407,-0.0002775822113038409,-0.00021428921467334547,0.00033027612508774426,-4.526116611973166e-07,7.218873403274852e-07,-1.5121727793270444e-06,1.1645255398748848e-05,9.314713341127539e-06,-1.0308395538969538e-05,-1.161552290803893e-05,-9.152404258694511e-06,9.830034523015242e-06
9590.0,-2433239.8560241493,-3979825.5017942316,-5042412.980534369,7125.486097733259,-1705.841715618797,-2068.956665057315,491.04023515252027,7613.345504416591,8.017057766309416e-13,1.0,0.9999999740991637,0.9999998608043796,-0.0002798179198951632,-0.00021059246799388576,0.0003224008275897297,-4.418598050296534e-07,7.56796640431311e-07,-1.632178205453703e-06,1.1721818796933065e-05,9.090121377593253e-06,-9.898694578499689e-06,-1.169130856109005e-05,-8.958266735119936e-06,9.533943951260388e-06
9600.0,-2361836.7096761665,-3996638.437748645,-5062790.6715181265,7154.899514051754,-1656.9100714070244,-2006.792280100642,490.86881080514377,7613.484963955703,8.038620334745397e-13,1.0,0.9999999740988557,0.9999998636679853,-0.0002819991223986598,-0.00020673838940387718,0.000314002318765337,-4.3083552260000534e-07,7.850769490454261e-07,-1.7223102871655799e-06,1.1795875669959766e-05,8.866927020474342e-06,-9.501522656533647e-06,-1.176461498908262e-05,-8.760346420941567e-06,9.232370265213058e-06
9610.0,-2290143.8270885255,-4012961.021650994,-5082545.459909838,7183.436373995914,-1607.7729903373051,-1944.3782447615474,490.69719963620696,7613.625869873547,8.060264491768498e-13,1.0,0.9999999740985638,0.9999998666012263,-0.00028412449865162067,-0.00020275703795342962,0.00030521715345757725,-4.1954751109744473e-07,8.079334339273181e-07,-1.7876530029672043e-06,1.1867383657507063e-05,8.644949882220139e-06,-9.116471457562745e-06,-1.18353946641703e-05,-8.558729262489906e-06,8.925450920559694e-06
9620.0,-2218169.9917587168,-4028791.2290723138,-5101674.887349216,7211.093123538193,-1558.4364391412055,-1881.72216052458,490.5254269939559,7613.768216894458,8.081987374011825e-13,1.0,0.9999999740982887,0.9999998695552257,-0.00028619276423955044,-0.0001986726520168554,0.00029615703403373944,-4.0800300820904075e-07,8.264864284935891e-07,-1.833037664007164e-06,1.1936300068882418e-05,8.423842904859233e-06,-8.742497158098584e-06,-1.190360175360055e-05,-8.353502419489899e-06,8.613325640431441e-06
9630.0,-2145924.022197676,-4044127.0953750485,-5120176.571642132,7237.866313900467,-1508.9064091154346,-1818.8316588156538,490.3535181112867,7613.911999259964,8.103786099770217e-13,1.0,0.9999999740980285,0.9999998724928896,-0.00028820266514282823,-0.00019450415809564998,0.00028691047160688557,-3.962084124007112e-07,8.417399015730474e-07,-1.8628934142399206e-06,1.2002582415030098e-05,8.203160249159199e-06,-8.378140351220695e-06,-1.1969192079307302e-05,-8.144754228597638e-06,8.296136263031994e-06
9640.0,-2073414.7708752754,-4058966.715955403,-5138048.207055805,7263.75260195578,-1459.1889154382757,-1755.714400128487,490.1814981003124,7614.057210723849,8.12565776958933e-13,1.0,0.9999999740977807,0.9999998753872346,-0.00029015297508138245,-0.0001902657998426187,0.0002775450485331113,-3.8416971703784804e-07,8.545642888552662e-07,-1.8811544174820503e-06,1.206618882492349e-05,7.982410862141188e-06,-8.021705507648123e-06,-1.2032123072064847e-05,-7.932574190102088e-06,7.974026636403058e-06
9650.0,-2000651.1231621096,-4073308.2464788193,-5155287.564605217,7288.748750619443,-1409.2899964841176,-1692.3780731487227,490.00939194705614,7614.203844547457,8.14759946686208e-13,1.0,0.9999999740975422,0.9999998782196171,-0.0002920424946865311,-0.00018596782351091228,0.0002681100255840724,-3.7189279715154913e-07,8.656905642062023e-07,-1.8912131249342904e-06,1.2127078358009242e-05,7.761099559472925e-06,-7.671404423356949e-06,-1.2092353725194018e-05,-7.717052970855891e-06,7.647142551298914e-06
9660.0,-1927641.99626728,-4087149.903108638,-5171892.492330815,7312.8516292296545,-1359.2157131358576,-1628.8303938754582,489.8372245062403,7614.351893495251,8.169608258436223e-13,1.0,0.9999999740973102,0.9999998809780124,-0.00029387005182320513,-0.00018161717085957022,0.00025863908851854673,-3.5938358421457516e-07,8.757127432316111e-07,-1.8959097333010624e-06,1.2185211228033692e-05,7.5387570592730325e-06,-7.3254666345454395e-06,-1.2149844551415095e-05,-7.49828241737568e-06,7.315631703176904e-06
9670.0,-1854396.3381724025,-4100489.9627279136,-5187860.915567464,7336.058213917637,-1308.9721480952921,-1565.0791047403172,489.6650204962278,7614.501349830623,8.191681195225816e-13,1.0,0.9999999740970817,0.9999998836554329,-0.00029563450255825155,-0.0001772181436755563,0.00024915307588669515,-3.4664815951476123e-07,8.850963741648207e-07,-1.897548905065436e-06,1.2240548954781505e-05,7.314960546460802e-06,-6.98222047318717e-06,-1.2204557545240491e-05,-7.276355574002698e-06,6.9796436748372335e-06
9680.0,-1780923.1265621963,-4113326.7631543344,-5203190.837204607,7358.365587967211,-1258.5654051917143,-1501.1319737243507,489.49280449410713,7614.652205312005,8.213815312827257e-13,1.0,0.9999999740968543,0.999999886248545,-0.0002973347324168327,-0.00017277301532957136,0.00023966257179906784,-3.3369279144088084e-07,8.941909530906541e-07,-1.8979359306942618e-06,1.2293054459800927e-05,7.089346373047073e-06,-6.640148785726029e-06,-1.2256456152307922e-05,-7.05136670198174e-06,6.639329932103042e-06
9690.0,-1707231.3677512105,-4125658.703348339,-5217880.337937712,7379.770942164064,-1208.0016086883777,-1436.996793472327,489.3206009309683,7614.80445118931,8.23600763213379e-13,1.0,0.9999999740966259,0.9999998887564998,-0.00029896965768799153,-0.00016828257413592043,0.00023017028357222888,-3.2052393677737e-07,9.032445777620957e-07,-1.8984256801911172e-06,1.2342692120702137e-05,6.8616164404874675e-06,-6.297923417426532e-06,-1.230550524626232e-05,-6.823411296238773e-06,6.294843825988477e-06
9700.0,-1633330.0956071785,-4137484.2436143677,-5231927.576510964,7400.271575134601,-1157.2869025871291,-1372.6813804048074,489.1484340874171,7614.958078200753,8.258255159941702e-13,1.0,0.9999999740963949,0.9999998911799829,-0.000300538226633362,-0.00016374659080441983,0.00022067315450313393,-3.071482212947977e-07,9.124195097137567e-07,-1.8999788511913994e-06,1.2389427796564685e-05,6.631539691921527e-06,-5.95442244199846e-06,-1.2351671113188997e-05,-6.592586097494708e-06,5.946340595961012e-06
9710.0,-1559228.3704711918,-4148801.9057952575,-5245330.789951211,7419.864893674443,-1106.4274499313103,-1308.1935738281227,488.9763280893806,7615.113076570115,8.28055488954104e-13,1.0,0.9999999740961598,0.9999998935204693,-0.0003020394205224677,-0.00015916420809397537,0.00021116418669425745,-2.9357241072559146e-07,9.218076367015903e-07,-1.9032211232293116e-06,1.2433228834733495e-05,6.398949986834739e-06,-5.608733848383277e-06,-1.2394921443163047e-05,-6.3589890981105146e-06,5.593977370065338e-06
9720.0,-1484935.278074255,-4159610.2734599006,-5258088.293793271,7438.548413066835,-1055.4294321066004,-1243.5412350418371,488.8043069042936,7615.26943600457,8.302903801278466e-13,1.0,0.9999999740959196,0.9999998957796633,-0.0003034722544673736,-0.00015453425508677848,0.00020163396822844078,-2.7980337970585694e-07,9.314451101176519e-07,-1.9085018388506283e-06,1.2474064067044082e-05,6.163741456168255e-06,-5.2601490337421975e-06,-1.2435225328185525e-05,-6.122719540705512e-06,5.237913158779166e-06
9730.0,-1410459.9286184371,-4169907.992541359,-5270198.482876277,7456.319758202665,-1004.299048275619,-1178.7322466059286,488.6323950947588,7615.427146530878,8.325298764331811e-13,1.0,0.9999999740956741,0.9999998979590993,-0.0003048357781172138,-0.00014985549153898143,0.0001920719136175402,-2.658480807305758e-07,9.413256763199041e-07,-1.9159497271181397e-06,1.2511903800443036e-05,5.925862251982224e-06,-4.908149039022416e-06,-1.2472553256619985e-05,-5.883877885637685e-06,4.878308851709874e-06
9740.0,-1335811.4577263047,-4179693.7774692364,-5281659.839103575,7473.176674454521,-953.0425163580475,-1113.7745134476374,488.4606276470087,7615.5862093736905,8.347735249949645e-13,1.0,0.999999974095424,0.9999999000598746,-0.00030612907683853254,-0.00014512678999691,0.00018246723731985115,-2.5171348439254705e-07,9.514124630197136e-07,-1.925523919792691e-06,1.2546719793211649e-05,5.68530738688444e-06,-4.552386083097732e-06,-1.2506877008721589e-05,-5.642565497657224e-06,4.515327348939168e-06
9750.0,-1260999.0204767636,-4188966.3983934443,-5292470.915231479,7489.117004905181,-901.6660686407654,-1048.6759575728681,488.28902851613236,7615.746613201453,8.37021012670394e-13,1.0,0.9999999740951694,0.9999999020824928,-0.00030735127021319,-0.00014034726184798544,0.00017280968500530043,-2.374066116316633e-07,9.616479112018336e-07,-1.9370593885207746e-06,1.2578485231608776e-05,5.442111373660997e-06,-4.192662207861952e-06,-1.2538169926051196e-05,-5.398885294318473e-06,4.149133215739562e-06
9760.0,-1186031.7860600778,-4197724.690372917,-5302630.346416862,7504.13870673491,-850.1759482741824,-983.4445134257244,488.11762420760095,7615.908349233737,8.392719893728723e-13,1.0,0.999999974094913,0.9999999040267936,-0.0003085015141109417,-0.00013551634007621168,0.00016309005977316486,-2.2293451930815088e-07,9.719620833664751e-07,-1.950306276022989e-06,1.2607174796843285e-05,5.196340978102037e-06,-3.828906929610059e-06,-1.2566406762530262e-05,-5.152941260831058e-06,3.7798927939608378e-06
9770.0,-1110918.9572545106,-4205967.546042887,-5312136.841180914,7518.239838204529,-798.578422544848,-918.0881448588634,487.9464358013021,7616.0714022027305,8.415261727749702e-13,1.0,0.999999974094652,0.9999999058919438,-0.0003095789981787214,-0.00013063382299375543,0.00015330054334271147,-2.083043138215112e-07,9.822790822247575e-07,-1.9649619062630528e-06,1.263276458008295e-05,4.948088645229362e-06,-3.4611551791548373e-06,-1.2591563781305585e-05,-4.904838723023643e-06,3.407774123934666e-06
9780.0,-1035669.7488867476,-4213693.9233437255,-5320989.190923276,7531.418572387371,-746.8797682235358,-852.6148264011026,487.7754869390326,7616.235759407796,8.437832436522669e-13,1.0,0.9999999740943875,0.9999999076764813,-0.00031058294886649693,-0.00012569989193894683,0.00014343491092603134,-1.9352314384460437e-07,9.925223011642466e-07,-1.98069808132889e-06,1.265523219550596e-05,4.697466247815338e-06,-3.0895263550046682e-06,-1.26136186892692e-05,-4.654683993030776e-06,3.0329469035470653e-06
9790.0,-960293.400552889,-4220902.84080282,-5329186.264110589,7543.673188775795,-695.0862802653235,-787.0325543786395,487.6047985406164,7616.401404713359,8.460429154643321e-13,1.0,0.9999999740941168,0.9999999093783835,-0.0003115126278763284,-0.0001207151051369663,0.00013348859570751383,-1.7859820059508007e-07,1.0026180554441835e-06,-1.997181497336063e-06,1.2674556718159083e-05,4.44459987960228e-06,-2.7142051777070208e-06,-1.2632550706584391e-05,-4.4025845250467965e-06,2.6555823986835775e-06
9800.0,-884799.154308657,-4227593.3847795045,-5336727.015168073,7555.002086176736,-643.204256703442,-721.3493276167453,487.43439682644794,7616.56832769387,8.483048281934995e-13,1.0,0.9999999740938437,0.9999999109951668,-0.0003123673348579197,-0.00011568037443096978,0.000123458679898526,-1.6353670495208176e-07,1.0124983043718467e-06,-2.0140901821453344e-06,1.2690718776801857e-05,4.189625048777611e-06,-2.3354240730090176e-06,-1.2648340507583118e-05,-4.148648567313948e-06,2.2758534044240938e-06
9810.0,-809196.2746303751,-4233764.702431845,-5343610.475828432,7565.403770181837,-591.2400123037477,-655.5731648881577,487.2643053729665,7616.736514581029,8.505686532750437e-13,1.0,0.9999999740935686,0.9999999125239801,-0.0003131464049946382,-0.00011059693428822045,0.00011334380069793741,-1.483459100273645e-07,1.0221020888196137e-06,-2.031123805625474e-06,1.2703700459917903e-05,3.932683240630799e-06,-1.953448925657408e-06,-1.2660970314075445e-05,-3.892985408923646e-06,1.8939341292595214e-06
9820.0,-733494.0402490676,-4239416.004317207,-5349835.75832208,7574.87685781187,-539.1998730259528,-589.7120978363706,487.094547862269,7616.905951396512,8.528340573158281e-13,1.0,0.9999999740932924,0.9999999139617102,-0.0003138492100563198,-0.0001054663037003916,0.00010314402549170144,-1.3303311791577827e-07,1.031376405884507e-06,-2.048011271268716e-06,1.2713485377885875e-05,3.673918894866355e-06,-1.5685665794461607e-06,-1.2670423884330201e-05,-3.6357052218608412e-06,1.5100001205009374e-06
9830.0,-657701.7429421513,-4244546.564584684,-5355402.055606385,7583.420077866866,-487.09017525060466,-523.7741699888957,486.92514821030386,7617.07662409717,8.551007003516924e-13,1.0,0.9999999740930163,0.9999999153050795,-0.0003144751586473641,-0.00010029024568800072,9.286069423170743e-05,-1.1760568451862172e-07,1.0402764291657918e-06,-2.064514846976779e-06,1.2720058678804485e-05,3.4134771552501227e-06,-1.1810747919653958e-06,-1.2676686526901289e-05,-3.376919001761586e-06,1.1242281769568212e-06
9840.0,-581828.6790857197,-4249155.698356459,-5360308.61268886,7591.032230605736,-434.9172592889896,-457.7674290204015,486.75609340998903,7617.248477474954,8.573687349570024e-13,1.0,0.9999999740927368,0.9999999165507336,-0.0003150236933854839,-9.50707243018077e-05,8.249624262594655e-05,-1.0207108644819203e-07,1.048765173930389e-06,-2.0804319049272204e-06,1.2723407013520826e-05,3.151502245556706e-06,-7.912740154233335e-07,-1.2679745419648546e-05,-3.1167393858113587e-06,7.367953963366623e-07
9850.0,-505884.16939727915,-4253242.830784292,-5364554.814109204,7597.712311009645,-382.6874844128756,-391.69994429780434,486.5874463304561,7617.421539993483,8.596372934771157e-13,1.0,0.9999999740924606,0.9999999176953314,-0.00031549430115466136,-8.98098745765848e-05,7.205404088738332e-05,-8.643683000614784e-08,1.0568131136129645e-06,-2.0955942805107222e-06,1.2723518844555185e-05,2.8881365491455413e-06,-3.9946222501407533e-07,-1.2679588669524471e-05,-2.855277882571951e-06,3.478816312520651e-07
9860.0,-429877.5371488704,-4256807.42816788,-5368140.096654606,7603.459385718343,-330.40721341526114,-325.5797888066109,486.41923290838395,7617.595798926624,8.619059980042806e-13,1.0,0.9999999740921893,0.9999999187356027,-0.00031588650312317477,-8.450995881321926e-05,6.153821238564881e-05,-7.07103975794583e-08,1.0643975200399938e-06,-2.1098666105333365e-06,1.2720383973633856e-05,2.6235193850214857e-06,-5.930126202734132e-09,-1.2676206305315281e-05,-2.5926475870637506e-06,-4.2333091286785476e-08
9870.0,-353818.1117099291,-4259849.02146843,-5371063.979109214,7608.2726351093725,-278.0828150229817,-259.41504169504566,486.25148037929836,7617.771242694471,8.641744492729028e-13,1.0,0.9999999740919261,0.9999999196684108,-0.0003161998583501626,-7.917333721688836e-05,5.0953479091233785e-05,-5.4899347486198886e-08,1.0715014742694675e-06,-2.123143645251357e-06,1.271399380906132e-05,2.357786931564405e-06,3.8904161321972963e-07,-1.2669589948134591e-05,-2.3289621616184208e-06,-4.336678494225849e-07
9880.0,-277715.20111533016,-4262367.218461343,-5373326.077278874,7612.151374966865,-225.72064549488113,-193.21376469278053,486.0842355597625,7617.947881423141,8.664419782321557e-13,1.0,0.9999999740916837,0.9999999204908069,-0.00031643396685322283,-7.380243463382383e-05,4.030500401803816e-05,-3.9011266840268744e-08,1.078113014533598e-06,-2.135346967123361e-06,1.2704341433292386e-05,2.0910717783573917e-06,7.851846094297741e-07,-1.2659732693516012e-05,-2.064335300703115e-06,-8.259405906680781e-07
9890.0,-201578.19659722998,-4264361.662244414,-5374926.052823368,7615.0949825894195,-173.32711974562176,-126.98409311780291,485.9175036503552,7618.125677894978,8.687084755507007e-13,1.0,0.9999999740914478,0.9999999212000257,-0.0003165884595626949,-6.839974426488283e-05,2.9598328116843785e-05,-2.3053863941562345e-08,1.0842241478512704e-06,-2.14642063317911e-06,1.2691421306728526e-05,1.823504433234992e-06,1.182240456631281e-06,-1.2646629563372685e-05,-1.7988823763721074e-06,-1.2189692023455532e-06
9900.0,-125416.45452066473,-4265832.084558352,-5375863.679209574,7617.102991864933,-120.90863095497373,-60.73413286575968,485.75132646312005,7618.304635587374,8.709733314471202e-13,1.0,0.999999974091222,0.9999999217935593,-0.0003166630116491654,-6.296778125316052e-05,1.8839199380499338e-05,-7.034931284625767e-09,1.089830212746845e-06,-2.1563288136671403e-06,1.2675229763445178e-05,1.5552119581742295e-06,1.5799644263111576e-06,-1.2630276949616195e-05,-1.532718265114615e-06,-1.6125702709803119e-06
9910.0,-49239.30641270904,-4266778.318504632,-5376138.8578955205,7618.175115992914,-68.4715591710784,5.5280289702443985,485.5858052953435,7618.484823864471,8.732351162335902e-13,1.0,0.9999999740910255,0.9999999222691711,-0.00031665734352483084,-5.750907081869139e-05,8.033488840106399e-06,9.037857118261945e-09,1.094929283509408e-06,-2.1650512114881463e-06,1.2655764807651943e-05,1.2863182040384024e-06,1.9781236905556654e-06,-1.2610672553698532e-05,-1.2659570359950064e-06,-2.0065583471905072e-06
9920.0,26943.891084236904,-4267200.419022131,-5375751.771142058,7618.3114625727685,-16.02231618038151,71.79426986962767,485.42129685348925,7618.666594133749,8.754888821836698e-13,1.0,0.9999999740909169,0.9999999226249248,-0.0003165712345264665,-5.202615160854512e-05,-2.8128294699796284e-06,2.5157819599755626e-08,1.0995229424545406e-06,-2.172577279128229e-06,1.2633025617730133e-05,1.01694294229786e-06,2.3764919900178796e-06,-1.2587814486583841e-05,-9.987087517977392e-07,-2.4007399838516023e-06
9930.0,103123.77499319409,-4267098.024770938,-5374702.075589688,7617.511394922922,36.432704228695385,138.05648106967743,485.2573837813213,7618.849439756853,8.777402768415193e-13,1.0,0.9999999740908188,0.9999999228590472,-0.0003164044308694926,-4.65215423673085e-05,-1.3693798481226428e-05,4.131565893464915e-08,1.1036100267536065e-06,-2.1789108903356194e-06,1.2607013151155847e-05,7.472086267968346e-07,2.7748587543138536e-06,-1.2561706788238378e-05,-7.310982481438244e-07,-2.7949429462429984e-06
9940.0,179290.94428345963,-4266470.635148036,-5372989.252626259,7615.774025892976,88.8870921294104,204.30653031259988,485.0933204919351,7619.032490214339,8.79999532397464e-13,1.0,0.9999999740905932,0.9999999229699885,-0.0003161566941740087,-4.099776634028382e-05,-2.460349717356648e-05,5.7501538258567255e-08,1.1071892392463805e-06,-2.1840649983565164e-06,1.2577729619847184e-05,4.772380888360122e-07,3.173024219706212e-06,-1.2532355942121061e-05,-4.632547570862675e-07,-3.1890057904557206e-06
9950.0,255436.04158808215,-4265318.70487622,-5370613.990305562,7613.1001723645795,141.3344416003076,270.53631108361606,484.929796875502,7619.216465913984,8.822571428372017e-13,1.0,0.9999999740903592,0.9999999229566859,-0.0003158279687542538,-3.545737042399186e-05,-3.553604318889074e-05,7.370758547632648e-08,1.1102633195095132e-06,-2.188054721041695e-06,1.254518225950774e-05,2.0714996127037555e-07,3.5707924861188428e-06,-1.2499762951578009e-05,-1.9528235030903564e-07,-3.5827255112362556e-06
9960.0,331549.66589010856,-4263642.318081335,-5367576.509230591,7609.489988061958,193.7683208170375,336.737676016897,484.76680086519104,7619.40130869983,8.845132329461099e-13,1.0,0.9999999740901084,0.9999999228182465,-0.0003154181703458463,-2.990288136085252e-05,-4.648563378493915e-05,8.99259857642464e-08,1.1128350466295835e-06,-2.190896754033121e-06,1.2509377051805021e-05,-6.293821127697926e-08,3.967972103021277e-06,-1.2463934123621398e-05,7.270200650572487e-08,-3.9759188687322004e-06
9970.0,407622.49264617555,-4261441.6666678665,-5363877.165473307,7604.943817617596,246.18234772010754,402.90254312162926,484.6043925639102,7619.587041087132,8.867669263945754e-13,1.0,0.9999999740898518,0.9999999225540637,-0.00031492726131804305,-2.4336793957145087e-05,-5.744659666676657e-05,1.0614895646865676e-07,1.1149073327193466e-06,-2.1926090855862216e-06,1.2470321808709195e-05,-3.3291059754743303e-07,4.3643777048038e-06,-1.2424877068789235e-05,3.405827288566214e-07,-4.368400857899356e-06
9980.0,483645.16289261734,-4258716.983809161,-5359516.367894421,7599.4620779674015,298.57011435219755,469.0227984826854,484.4425944019649,7619.773643169817,8.890178630705146e-13,1.0,0.9999999740895902,0.999999922163789,-0.00031435523897377544,-1.8761597766208533e-05,-6.841332698816175e-05,1.2236868602726705e-07,1.116483013231435e-06,-2.1932095606499576e-06,1.2428025771571692e-05,-6.026515197775394e-07,4.759826209688943e-06,-1.238260121371355e-05,6.082435056180131e-07,-4.7599875691297784e-06
9990.0,559608.3126130874,-4255468.5783943,-5354494.621308324,7593.045319884904,350.92520661197796,535.090322037853,484.2814465002306,7619.961114284001,8.912654326011671e-13,1.0,0.999999974089328,0.9999999216473391,-0.00031370214160466225,-1.3179771590113486e-05,-7.938030128806965e-05,1.3857731772343593e-07,1.1175647912466278e-06,-2.192715380251467e-06,1.2382499876030046e-05,-8.72045638185346e-07,5.15413680327984e-06,-1.2337117575748934e-05,8.755683042190141e-07,-5.150494701470728e-06
10000.0,635502.6021461973,-4251696.798072571,-5348812.479432638,7585.694162001812,403.24122550305117,601.0970137032008,484.1209491162719,7620.149409641289,8.935095770109039e-13,1.0,0.9999999740890623,0.999999921004882,-0.00031296804305762897,-7.593775564694824e-06,-9.03420920825341e-05,1.5476691753514413e-07,1.1181550441015115e-06,-2.1911426580790002e-06,1.2333756571090618e-05,-1.140978074257139e-06,5.547130989985116e-06,-1.2288438898458941e-05,1.1424407778009961e-06,-5.539739716847139e-06
10010.0,711318.6908858962,-4247402.067072553,-5342470.592978587,7577.409358374328,455.51176909339773,667.0347713377331,483.9611220190078,7620.338505757801,8.957499644110592e-13,1.0,0.999999974088794,0.9999999202368423,-0.00031215305895820916,-2.0060612690214322e-06,-0.00010129334370065707,1.709294866974884e-07,1.1182558792766449e-06,-2.188506139074757e-06,1.2281810055647573e-05,-1.4093339947590244e-06,5.938631432396426e-06,-1.2236579482208322e-05,1.4087450394125503e-06,-5.927539853197401e-06
10020.0,787047.2464123461,-4242584.873395065,-5335469.693358646,7568.191775683699,507.7304388169406,732.895498454514,483.8019843392279,7620.528378247962,8.979862690900169e-13,1.0,0.9999999740885235,0.9999999193438932,-0.0003112573449704513,3.580929645852453e-06,-0.000112228770273052,1.8705699369497402e-07,1.1178691627947042e-06,-2.184818967208273e-06,1.2226676169536443e-05,-1.6769987173882205e-06,6.328461630419623e-06,-1.2181555240369398e-05,1.6743654621217564e-06,-6.313712907222154e-06
10030.0,862678.9455829757,-4237245.768830419,-5327810.592694697,7558.042393310074,559.8908401890744,798.6711051313087,483.64355465585834,7620.719001916523,9.002181704225653e-13,1.0,0.9999999740882516,0.9999999183269552,-0.0003102810969363508,9.164764332396612e-06,-0.00012314314761980194,2.0314138708743895e-07,1.1169965575902125e-06,-2.180092667846329e-06,1.2168372383657938e-05,-1.9438577082490942e-06,6.7164456092883134e-06,-1.2123383692456295e-05,1.9391867376422154e-06,-6.698077323508548e-06
10040.0,938204.4756409272,-4231385.368953084,-5319494.183797423,7546.962303385355,611.9865835402767,864.353508943869,483.48585105772224,7620.910350842376,9.024453521082081e-13,1.0,0.9999999740879786,0.9999999171871904,-0.00030922455096759,1.4743017828196773e-05,-0.000134031305295845,2.1917460126977336e-07,1.1156395648900736e-06,-2.174337222894214e-06,1.2106917796888118e-05,-2.209796593097933e-06,7.1024077102208615e-06,-1.206208395664658e-05,2.203093934302963e-06,-7.080452284051939e-06
10050.0,1013614.5353325501,-4225004.353098433,-5310521.440122872,7534.952710793395,664.0112847632436,929.9346359157013,483.32889118847345,7621.102398423823,9.046675016356183e-13,1.0,0.999999974087705,0.999999915926001,-0.0003080879834910797,2.0313272386923387e-05,-0.00014488811923503816,2.3514856932874474e-07,1.1137995820825614e-06,-2.1675612307066326e-06,1.2042333122456275e-05,-2.4747012031151986e-06,7.4861724922431384e-06,-1.1997676741623827e-05,2.465972554522828e-06,-7.460657797930874e-06
10060.0,1088899.8360290546,-4218103.464324739,-5300893.415710286,7522.014933167219,715.9585660443284,995.4064214479305,483.1726922798296,7621.295117428709,9.068843099044968e-13,1.0,0.9999999740874315,0.9999999145450261,-0.000306871711240104,2.5873117094564477e-05,-0.00015570850528959527,2.51055229484418e-07,1.1114779551144848e-06,-2.15977209034746e-06,1.1974640679816394e-05,-2.7384576271122804e-06,7.867564692287999e-06,-1.19301843377077e-05,2.7277085918461098e-06,-7.838514790978212e-06
10070.0,1164051.1028505713,-4210683.509362672,-5290611.245104042,7508.150400852775,767.8220566108295,1060.7608112688097,483.0172711768057,7621.488480025896,9.090954709549822e-13,1.0,0.9999999740871581,0.9999999130461387,-0.0003055760912093244,3.142014775181093e-05,-0.00016648741378084934,2.6688653410018807e-07,1.1086760338241868e-06,-2.1509762247495094e-06,1.1903864382100923e-05,-3.000952280357935e-06,8.24640926226899e-06,-1.1859630607226271e-05,2.9881885876306455e-06,-8.213845195319566e-06
10080.0,1239059.0757910523,-4202745.358553623,-5279676.143261406,7493.360656857556,819.5953934762786,1125.989762380511,482.86264435706937,7621.68245781297,9.113006817762385e-13,1.0,0.9999999740868857,0.9999999114314424,-0.0003042015205672833,3.695196702319874e-05,-0.0001772198251882474,2.8263445707398844e-07,1.1053952225200438e-06,-2.141179308576474e-06,1.1830029723747081e-05,-3.262071979948077e-06,8.622531452550763e-06,-1.1786040974118289e-05,3.2472996873931394e-06,-8.586472038683874e-06
10090.0,1313914.5108434907,-4194289.9457778665,-5268089.405447399,7477.647356782699,871.2722221868653,1191.0852440071465,482.7088279461078,7621.877021839521,9.134996421714642e-13,1.0,0.9999999740866143,0.9999999097032689,-0.0003027484365331604,4.2466184826542685e-05,-0.00018790074697257438,2.982910005528363e-07,1.1016370253859852e-06,-2.130386492168479e-06,1.1753163767518229e-05,-3.521704024747895e-06,8.99575693226169e-06,-1.170944241275096e-05,3.504929696822874e-06,-8.95621953339653e-06
10100.0,1388608.1811247084,-4185318.2683732486,-5255852.407117649,7461.012268739723,922.8461975685873,1256.0392385435086,482.5558377292696,7622.072142627124,9.15692054665044e-13,1.0,0.9999999740863442,0.9999999078641739,-0.00030121731622111895,4.7960418934295954e-05,-0.00019852521148968174,3.138482010410121e-07,1.0974030858562973e-06,-2.1186026125537534e-06,1.1673295130956213e-05,-3.7797362773979414e-06,9.36591193543747e-06,-1.1629863435945356e-05,3.760967137456205e-06,-9.32291316497664e-06
10110.0,1463130.8779996138,-4175831.387044886,-5242966.603789787,7443.457273252746,974.3109844751526,1320.843742504577,482.4036891614711,7622.267790186963,9.178776244412324e-13,1.0,0.9999999740860762,0.9999999059169341,-0.00029960867645515554,5.343229575565771e-05,-0.00020908827491354943,3.2929813498741947e-07,1.0926952196301572e-06,-2.105832385406246e-06,1.1590453972278729e-05,-4.036057246435328e-06,9.732823423621859e-06,-1.1547334082205456e-05,4.015301301997887e-06,-9.686379780266153e-06
10120.0,1537473.4122045583,-4165830.4257661947,-5229433.530903908,7424.984363146672,1025.6602585364585,1385.4907674755696,482.25239737515153,7622.463934035614,9.200560593064695e-13,1.0,0.9999999740858102,0.9999999038645424,-0.0002979230735569131,5.8879451267655015e-05,-0.00021958501706316423,3.4463292393788295e-07,1.087515441394027e-06,-2.092080574245138e-06,1.1504671975717519e-05,-4.290556167089177e-06,1.0096319257212446e-05,-1.1461885902149867e-05,4.267822309268299e-06,-1.004644767501949e-05
10130.0,1611626.615469813,-4155316.5728952396,-5215254.805212201,7405.595645620544,1076.8877071939628,1449.9723414520013,482.10197921621057,7622.660545460177,9.222270403461184e-13,1.0,0.9999999740855473,0.9999999017102036,-0.000296161103288045,6.429953214107312e-05,-0.00023001054216556958,3.5984473977945185e-07,1.0818659865752436e-06,-2.07735211764597e-06,1.1415982342928934e-05,-4.543123084738177e-06,1.0456228356884327e-05,-1.1373551950986738e-05,4.51842116187908e-06,-1.040294659386149e-05
10140.0,1685581.3431614223,-4144291.0843254505,-5200432.128726091,7385.2933479990925,1127.9870312965802,1514.2805109346093,481.95245871115196,7622.857603587338,9.243901424702924e-13,1.0,0.9999999740852891,0.9999998994573303,-0.00029432340106251163,6.969019712312718e-05,-0.00024035998047675168,3.7492580876994794e-07,1.0757493264511722e-06,-2.0616521817051026e-06,1.1324419796621512e-05,-4.7936489418013e-06,1.0812380818114934e-05,-1.1282366798629284e-05,4.766989795641171e-06,-1.0755707572130686e-05
10150.0,1759328.4711357483,-4132755.2728625843,-5184967.275333132,7364.079798780993,1178.951943244543,1578.40733835082,481.803849671944,7623.055076086891,9.26545085762753e-13,1.0,0.9999999740850357,0.9999998971095351,-0.00029241064013152494,7.504911756503924e-05,-0.000250628488177527,3.8986841028706565e-07,1.0691681669111436e-06,-2.0449863443386356e-06,1.1230020509461121e-05,-5.042025601397598e-06,1.1164608097556135e-05,-1.1188366456454244e-05,5.013421103881869e-06,-1.110456376593999e-05
10160.0,1832858.899090845,-4120710.514121805,-5168862.098205134,7341.957438225144,1229.7761692145739,1642.3449050053039,481.65616564516256,7623.252930217813,9.286915924611854e-13,1.0,0.9999999740847871,0.9999998946706254,-0.00029042353219463823,8.037397896574102e-05,-0.00026081125061211267,4.046648841178028e-07,1.062125462885813e-06,-2.0273606994509046e-06,1.1132822119842258e-05,-5.288145940905998e-06,1.1512743241218456e-05,-1.1091588385376213e-05,5.257609022643064e-06,-1.14493501237008e-05
10170.0,1906163.551683504,-4108158.2463857946,-5152118.529604168,7318.928818168514,1280.4534499102456,1706.0853120314696,481.50941991151683,7623.451132835714,9.308293870315981e-13,1.0,0.9999999740845438,0.9999998921445987,-0.00028836282708360957,8.56624822306371e-05,-0.0002709034849971778,4.1930763590921365e-07,1.0546244233141018e-06,-2.0087819054429873e-06,1.1032863712705978e-05,-5.5319039191457065e-06,1.185662103309307e-05,-1.0992071478392489e-05,5.499448583242032e-06,-1.1789903470141092e-05
10180.0,1979233.3796447457,-4095099.9704553704,-5134738.580679051,7294.996601831806,1330.9775413128464,1769.620681343446,481.36362548560834,7623.649650400734,9.32958196239639e-13,1.0,0.9999999740843059,0.9999998895356337,-0.00028622931242044676,9.09123449470297e-05,-0.00028090044332956934,4.3378914207545865e-07,1.0466685129810926e-06,-1.9892572166734505e-06,1.0930185799979303e-05,-5.773194640127753e-06,1.2196078133025284e-05,-1.08898560423567e-05,5.738835964308315e-06,-1.2126062589407172e-05
10190.0,2052059.3608928146,-4081537.2494927337,-5116724.341252496,7270.163563612963,1381.342215432147,1832.9431565877562,481.21879511591794,7623.848448985749,9.35077749218809e-13,1.0,0.9999999740840734,0.9999998868480833,-0.0002840238132520468,9.612130266221549e-05,-0.000290797415414407,4.4810195428842757e-07,1.0382614518888841e-06,-1.9687945006657807e-06,1.0824830300579054e-05,-6.011914413600334e-06,1.253095320395033e-05,-1.0784983778992989e-05,5.975668543261551e-06,-1.2457668307192792e-05
10200.0,2124632.5016444074,-4067471.708857183,-5098077.979598724,7244.432588868233,1431.5412610575784,1896.0449040953504,481.0749412850011,7624.047494284933,9.37187777535766e-13,1.0,0.9999999740838463,0.9999998840864671,-0.000281747191663214,0.00010128711015352151,-0.0003005897319492175,4.622387036563204e-07,1.0294072127535978e-06,-1.9474022437516176e-06,1.0716840519925935e-05,-6.2479608126730506e-06,1.2861087028994623e-05,-1.0677497765160692e-05,6.209844947201735e-06,-1.2784563571849547e-05
10210.0,2196943.8375234,-4052905.035933397,-5078801.742211626,7217.806673680848,1481.5684845093595,1958.9181138333938,480.93207620984504,7624.246751622597,9.392880152533393e-13,1.0,0.999999974083625,0.9999998812554638,-0.0002794003463694189,0.0001064075426822096,-0.000310272767612555,4.7619210467258703e-07,1.0201100171436909e-06,-1.9250895476427763e-06,1.060626112892452e-05,-6.481232728827881e-06,1.3186322619200639e-05,-1.0567442432381652e-05,6.441265103179473e-06,-1.3106593534428863e-05
10220.0,2268984.4346669544,-4037838.979952263,-5058897.953563526,7190.288924617254,1531.4177103894986,2021.5550003567237,480.79021184239446,7624.446185962325,9.413781989910559e-13,1.0,0.9999999740834096,0.9999998783599016,-0.00027698421229027903,0.0001114803972255895,-0.0003198419441174824,4.899549589983586e-07,1.010374330693038e-06,-1.90186611916905e-06,1.0493138142372296e-05,-6.711630424630492e-06,1.3506505312796432e-05,-1.0454863545642268e-05,6.66983028781681e-06,-1.342360562760772e-05
10230.0,2340745.39082966,-4022275.3518041167,-5038369.015854299,7161.882558470532,1581.0827823331506,2083.94780375958,480.64935987022426,7624.645761916361,9.43458067983453e-13,1.0,0.9999999740831997,0.9999998754047491,-0.00027449976010443945,0.00011650349368369438,-0.0003292927332008509,5.035201591267695e-07,1.000204857741736e-06,-1.8777422551298136e-06,1.0377518896766998e-05,-6.9390555844435285e-06,1.3821482867008256e-05,-1.033980818148114e-05,6.895443176252285e-06,-1.3735449643456574e-05
10240.0,2412217.836484222,-4006216.023844642,-5017217.4087512,7132.590901991404,1630.5575637593317,2146.088790626335,480.50953171733954,7624.845443755258,9.45527364136382e-13,1.0,0.999999974082996,0.999999872395108,-0.0002719479957863987,0.0001214746760582949,-0.00033862065952802153,5.16880691962146e-07,9.896065356832313e-07,-1.85272882390854e-06,1.0259452027493942e-05,-7.163411363412013e-06,1.4131105543415215e-05,-1.0222324705376986e-05,7.118007890378134e-06,-1.404197780999996e-05
10250.0,2483392.9359202185,-3989662.9296931117,-4995445.689118999,7102.417391606145,1679.8359386220393,2207.9702549825706,480.37073854513187,7625.045195417758,9.475858320808143e-13,1.0,0.9999999740827984,0.9999998693362017,-0.00026932996012558224,0.00012639181360345265,-0.00034782130350057195,5.300296423385533e-07,9.785845292273971e-07,-1.8268372452037378e-06,1.0138987445376426e-05,-7.384602434965642e-06,1.4435226187819556e-05,-1.01024627484474e-05,7.337430046347195e-06,-1.4343044866531864e-05
10260.0,2554261.5296954685,-3972617.417643378,-4973055.678568002,7071.364413015782,1728.911585312098,2269.5842177651025,480.23189436425827,7625.243763514767,9.496495404206298e-13,1.0,0.9999999740824379,0.9999998662332809,-0.00026664663781025903,0.00013125273961556093,-0.00035689015956626884,5.429608234218606e-07,9.671449081375542e-07,-1.800084861919632e-06,1.0016171983244991e-05,-7.602532903430676e-06,1.4733700502782768e-05,-9.980262992093341e-06,7.553627469317335e-06,-1.4638564317477819e-05
10270.0,2624815.5586490994,-3955082.838157958,-4950051.714774162,7039.43793050823,1777.7789002636364,2330.9236531176107,480.0952031669803,7625.443545942998,9.516856383387741e-13,1.0,0.9999999740822525,0.9999998630919332,-0.0002638993108282999,0.0001360555122266549,-0.00036582327933106824,5.556680151952851e-07,9.55294575785532e-07,-1.7724870020334034e-06,9.891064280118467e-06,-7.817118988260053e-06,1.5026402968494273e-05,-9.855797387910427e-06,7.766488545579794e-06,-1.492828445550902e-05
10280.0,2695045.947982458,-3937060.658636541,-4926435.769197068,7006.640558132222,1826.4315911640833,2391.9806220982878,479.9595784643609,7625.643288573056,9.537101646926228e-13,1.0,0.9999999740820729,0.9999998599176034,-0.00026108903153116255,0.00014079802189917773,-0.00037461627630279453,5.681429066959252e-07,9.430366634425868e-07,-1.7440441297280918e-06,9.763716433026548e-06,-8.028263564553754e-06,1.531317581436177e-05,-9.729109540436285e-06,7.975933349170858e-06,-1.5212123518994045e-05
10290.0,2764944.008172433,-3918553.055586817,-4902210.704605126,6972.976167935593,1874.863631613228,2452.747537997671,479.82503037917894,7625.8429541197165,9.557228755462158e-13,1.0,0.9999999740818994,0.9999998567159107,-0.000258216977415236,0.00014547824660226882,-0.000383264960421693,5.803791519312604e-07,9.303772880505615e-07,-1.7147703428452847e-06,9.634183139571311e-06,-8.235877806478742e-06,1.559388295590942e-05,-9.600253896869113e-06,8.181873933140338e-06,-1.548994701863606e-05
10300.0,2834501.088958147,-3899562.265659261,-4877379.459473142,6938.4487400372855,1923.0690194948736,2513.216846291715,479.69156877809576,7626.042505018606,9.577235299271606e-13,1.0,0.9999999740817324,0.9999998534925455,-0.00025528435747387314,0.00015009419539481573,-0.0003917652132211415,5.923704960672582e-07,9.173227700745837e-07,-1.6846801708624917e-06,9.502520248201305e-06,-8.439874654737064e-06,1.586839133861687e-05,-9.46928604366313e-06,8.38422407052517e-06,-1.5761623333031252e-05
10310.0,2903708.580419952,-3880090.585400512,-4851945.047655696,6903.062362267093,1971.0417777251753,2573.381025588206,479.55920327328147,7626.241903437365,9.597118898682064e-13,1.0,0.9999999740815713,0.9999998502532582,-0.0002522924117302604,0.0001546439094169736,-0.0004001129898790013,6.041107801166477e-07,9.038796234533074e-07,-1.6537885338538428e-06,9.368784733922194e-06,-8.640168850608007e-06,1.6136570968804655e-05,-9.336262679382664e-06,8.582899296912484e-06,-1.602702377563122e-05
10320.0,2972557.914054763,-3860140.3709992715,-4825910.558051035,6866.821229792054,2018.7759550003004,2633.232588572122,479.4279432241209,7626.441111286998,9.616877204470731e-13,1.0,0.9999999740814165,0.9999998470038497,-0.0002492424107447303,0.0001591254628363176,-0.00040830432108847684,6.155939463958569e-07,8.900545474318546e-07,-1.6221107110778865e-06,9.233034672067088e-06,-8.83667697033223e-06,1.639829494794711e-05,-9.201241586969819e-06,8.77781695209296e-06,-1.6286022660182964e-05
10330.0,3041040.558587513,-3839714.039974296,-4799279.156787891,6829.729648222935,2066.2656228575374,2692.764078323848,479.29779827031774,7626.64009072996,9.636507818021015e-13,1.0,0.9999999740812704,0.9999998437501628,-0.00024613565602367617,0.00016353696257340942,-0.00041633531233288426,6.268140348846196e-07,8.758544179329406e-07,-1.5896623105651436e-06,9.095329258738908e-06,-9.029317400582015e-06,1.665343941481003e-05,-9.06428162307031e-06,8.96889619733305e-06,-1.6538497315794367e-05
10340.0,3109148.0369440718,-3818814.0650988864,-4772054.079325448,6791.792022817505,2113.5048875530583,2751.968083235395,479.1687767199576,7626.838802679946,9.656008535034723e-13,1.0,0.9999999740811305,0.9999998404980612,-0.0002429734767093076,0.00016787655277816768,-0.00042420215297641185,6.377652266456106e-07,8.612862957697867e-07,-1.5564592861293912e-06,8.955728627661768e-06,-9.218010563065588e-06,1.6901883889410428e-05,-8.925442636685577e-06,9.156058125711353e-06,-1.6784328297523244e-05
10350.0,3176871.9112840034,-3797442.979887841,-4744238.637580975,6753.012868377061,2160.4878796011603,2810.8372238834954,479.04088718660176,7627.037208348913,9.675377099641547e-13,1.0,0.9999999740809965,0.9999998372534289,-0.00023975723169245716,0.00017214241207408736,-0.0004319011103515349,6.484417995405674e-07,8.463573987519759e-07,-1.522517876654796e-06,8.814293985591177e-06,-9.40267874687364e-06,1.714351099836547e-05,-8.7847854918303e-06,9.33922573016221e-06,-1.7023399296891832e-05
10360.0,3244203.7894452303,-3775603.376406967,-4715836.217076681,6713.396805411007,2207.2087582780828,2869.3641586904905,478.91413803875446,7627.235268739242,9.694611287813179e-13,1.0,0.9999999740808684,0.9999998340221565,-0.0002364883081575412,0.00017633275558121006,-0.00043942853374688795,6.588381563503348e-07,8.310751106310827e-07,-1.4878546223095847e-06,8.67108752206564e-06,-9.583246215939028e-06,1.7378206633888862e-05,-8.642372020408104e-06,9.518323964905493e-06,-1.7255597251584763e-05
10370.0,3311135.3259989903,-3753297.9049817165,-4686850.27655651,6672.948559695569,2253.66171236493,2927.54158486268,478.78853740205057,7627.43294465596,9.713708907655441e-13,1.0,0.9999999740807463,0.9999998308101296,-0.00023316812094539008,0.00018044583573777176,-0.00044678085590174084,6.689488297465137e-07,8.154469779574601e-07,-1.452486360121211e-06,8.52617237748753e-06,-9.759639244719769e-06,1.7605860003370253e-05,-8.498264991776539e-06,9.693279782232816e-06,-1.748081240278458e-05
10380.0,3377658.223300177,-3730529.2738984376,-4657284.347593646,6631.672961818799,2299.8409608892675,2985.36223932679,478.6640931615392,7627.6301967190875,9.732667799677906e-13,1.0,0.99999997408063,0.9999998276232178,-0.0002297981118921578,0.00018447994310690006,-0.0004539545944833936,6.787684868949989e-07,7.99480707226077e-07,-1.416430221439309e-06,8.379612611161913e-06,-9.931786153074097e-06,1.7826363679881605e-05,-8.352528081820137e-06,9.864022168258625e-06,-1.7698938350791358e-05
10390.0,3443764.2325333157,-3707300.249098129,-4627142.034188529,6589.574946711658,2345.7407538655716,3042.8188996647923,478.5408129640296,7627.8269853761785,9.751485837045754e-13,1.0,0.9999999740805194,0.9999998244672641,-0.00022637974914612702,0.00018843340716944137,-0.000460946353554903,6.882919336947876e-07,7.831841621599112e-07,-1.3797036304830078e-06,8.23147316888844e-06,-1.0099617340656787e-05,1.8039613653482254e-05,-8.205225841547007e-06,1.0030482177618463e-05,-1.7909872108900007e-05
10400.0,3509445.1547534214,-3683613.6538629234,-4596427.012357701,6546.6595531653975,2391.355373033999,3099.9043850463772,478.41870422053523,7628.023270914955,9.770160925808137e-13,1.0,0.9999999740804141,0.9999998213480737,-0.00022291452646422543,0.00019230459710325187,-0.00046775282503681024,6.975141186689577e-07,7.665653610096852e-07,-1.3423243033232795e-06,8.081819850158582e-06,-1.0263065320690444e-05,1.8245509382772998e-05,-8.056423665228053e-06,1.0192592967093221e-05,-1.8113514155502134e-05
10410.0,3574692.8419222846,-3659472.368495076,-4565143.029713181,6502.931923334838,2436.6791325978593,3156.6115571595724,478.29777410878705,7628.219013476119,9.788691005106903e-13,1.0,0.999999974080314,0.9999998182714043,-0.0002194039624898971,0.00019609192254883294,-0.0004743707901637864,7.064301365339996e-07,7.496324737769255e-07,-1.304310246789908e-06,7.93071927499229e-06,-1.0422064752979191e-05,1.844395384619452e-05,-7.90618775809445e-06,1.0350289828143458e-05,-1.8309768484388254e-05
10420.0,3639499.1979394997,-3634879.3299886617,-4533293.905032659,6458.397302227776,2481.7063799592975,3212.9333211388916,478.1780295758247,7628.414173066266,9.807074047364284e-13,1.0,0.9999999740802197,0.9999998152429542,-0.000215849600013889,0.0001997938343607194,-0.00048079712093476967,7.15035231477869e-07,7.323938192934655e-07,-1.265679756924548e-06,7.778238850440737e-06,-1.0576552476046653e-05,1.863485359262191e-05,-7.754585103612439e-06,1.0503510218334517e-05,-1.8498542653221408e-05
10430.0,3703856.1796683935,-3609837.5316938986,-4500883.527820378,6413.0610371802895,2526.4314964532878,3268.862626491119,478.0594773406582,7628.608709570936,9.825308058450203e-13,1.0,0.9999999740801303,0.9999998122683519,-0.0002122530052193142,0.00020340882534380074,-0.0004870287815536406,7.233248001786085e-07,7.148578621121941e-07,-1.2264514167119794e-06,7.624446736771234e-06,-1.0726467538297266e-05,1.881811879086589e-05,-7.60168343035283e-06,1.0652193791636271e-05,-1.8679747830157353e-05
10440.0,3767755.797956619,-3584350.0229741475,-4467915.857858776,6366.928577317974,2570.8488980797642,3324.39246801853,477.9421238970114,7628.802582767793,9.843391077827175e-13,1.0,0.9999999740800458,0.9999998093531456,-0.00020861576691221764,0.00020693543097355447,-0.0004930628298563556,7.312943945937229e-07,6.970332091820917e-07,-1.1866440929163442e-06,7.469411813347053e-06,-1.0871751228115245e-05,1.8993663277751132e-05,-7.447551178473849e-06,1.0796282427580588e-05,-1.8853298838585802e-05
10450.0,3831190.1186513244,-3558419.908855588,-4434394.924750902,6320.005473002967,2614.9530362338137,3379.515886739444,477.82597551612463,7628.995752339897,9.861321178676151e-13,1.0,0.9999999740799665,0.9999998065027939,-0.00020493949573871688,0.00021037223009908243,-0.0004988964187198047,7.389397245480349e-07,6.78928606295463e-07,-1.1462769319299757e-06,7.3132036442118936e-06,-1.101234710283144e-05,1.916140460450331e-05,-7.292257465835367e-06,1.0935720259261361e-05,-1.9019114199970547e-05
10460.0,3894151.263608761,-3532050.349669577,-4400324.827453601,6272.297375266762,2658.7383984338253,3434.2259708059523,477.7110382496277,7629.188177889104,9.879096468001122e-13,1.0,0.9999999740798915,0.9999998037226532,-0.00020122582338966206,0.00021371784562780572,-0.0005045267974473594,7.462566601443301e-07,6.605529343061489e-07,-1.1053693546019406e-06,7.155892443387937e-06,-1.1148201016501612e-05,1.932126408122914e-05,-7.135872053763489e-06,1.1070453700161898e-05,-1.917711617476539e-05
10470.0,3956631.4116979796,-3505244.5606878176,-4365709.733801649,6223.810035228883,2702.199509047321,3488.515856418512,477.59731793248096,7629.379818949553,9.896715086712722e-13,1.0,0.9999999740798211,0.9999998010179707,-0.00019747640179366022,0.00021697094519068137,-0.0005099513131260175,7.532412340174075e-07,6.419152051266513e-07,-1.0639410500644788e-06,6.997549039895906e-06,-1.1279261146451611e-05,1.9473166819323056e-05,-6.978465312484789e-06,1.120043146979479e-05,-1.932723080138427e-05
10480.0,4018622.799798744,-3478005.811750229,-4330553.880022673,6174.549303501194,2745.330930014559,3542.3787287374903,477.484820185977,7629.570635001259,9.914175209691725e-13,1.0,0.9999999740797549,0.9999997983938719,-0.00019369290229918632,0.00022013024178688304,-0.000515167411950278,7.598896434487988e-07,6.230245575174567e-07,-1.0220119686086177e-06,6.838244842505889e-06,-1.1405478018556906e-05,1.9617041771680064e-05,-6.820108186248508e-06,1.1325604618141544e-05,-1.9469387933206886e-05
10490.0,4080117.723793427,-3450337.426885591,-4294861.570242999,6124.521129577875,2788.1272615697058,3595.8078227914057,477.3735504207993,7629.7605854837875,9.931475045832816e-13,1.0,0.9999999740796929,0.9999997958553528,-0.00018987701484644831,0.0002231944944069443,-0.0005201726405081674,7.66198252355258e-07,6.038902526854798e-07,-9.79602313684606e-07,6.678051804229509e-06,-1.1526804531230784e-05,1.975282177062763e-05,-6.6608721581560955e-06,1.144592654887897e-05,-1.9603521273601038e-05
10500.0,4141108.539552829,-3422242.783924951,-4258637.175984354,6073.731561210932,2830.583142959528,3648.7964243818124,477.2635138401473,7629.949629810011,9.948612838066844e-13,1.0,0.9999999740796348,0.9999997934072697,-0.00018603044712960234,0.00022616250863346298,-0.0005249646470252704,7.721635931621347e-07,5.845216697111231e-07,-9.367325331181098e-07,6.517042386564172e-06,-1.1643195978104498e-05,1.9880443563523293e-05,-6.500829214717371e-06,1.1561353041379976e-05,-1.9729568408943706e-05
10510.0,4201587.6639153445,-3393725.3141079983,-4221885.135651742,6022.186743771603,2872.693253159174,3701.3378709842655,477.15471544290705,7630.137727379958,9.965586863364869e-13,1.0,0.9999999740795804,0.9999997910543299,-0.0001821549237499004,0.00022903313721854074,-0.0005295411825630575,7.777823685693442e-07,5.64928300824068e-07,-8.934233096408926e-07,6.3552895235031225e-06,-1.175461006938658e-05,1.999984784598713e-05,-6.340051810153372e-06,1.1671842271477292e-05,-1.9847470839625282e-05
10520.0,4261547.575660082,-3364788.501682117,-4184609.9540120866,5969.892919596962,2914.452311585442,3753.425552645892,477.0471600268874,7630.324837594713,9.982395432720499e-13,1.0,0.9999999740795296,0.9999997888010832,-0.00017825218536024443,0.0002318052806372869,-0.0005339001021683868,7.830514532156093e-07,5.451197465467417e-07,-8.496955508330949e-07,6.192866585323819e-06,-1.1861006951894512e-05,2.0110979292758673e-05,-6.178612830463985e-06,1.1777354830980202e-05,-1.9957174009022048e-05
10530.0,4320980.816473107,-3335435.8834944405,-4146816.2016640753,5916.856427322313,2955.8550788069297,3805.052912878775,476.94085219209643,7630.510919870394,9.999036891114437e-13,1.0,0.9999999740794819,0.9999997866519136,-0.00017432398780168804,0.00023447788761673947,-0.0005380393659714291,7.879678952451085e-07,5.251057107247003e-07,-8.055703785749647e-07,6.029847342170973e-06,-1.1962349227754186e-05,2.0213786586182573e-05,-6.016585557281154e-06,1.1877853745933954e-05,-2.0058627330423536e-05
10540.0,4379879.991907031,-3305671.048576771,-4108508.514499037,5863.083701198995,2996.896357251192,3856.213449549331,476.83579634407164,7630.69593365218,1.0015509617458947e-12,1.0,0.9999999740794372,0.9999997846110305,-0.00017037210123234322,0.00023704995563969975,-0.0005419570402298166,7.925289177790694e-07,5.048959954605143e-07,-7.610691180966381e-07,5.866305927449593e-06,-1.205860197176451e-05,2.030822244233483e-05,-5.854043631526621e-06,1.1973304493612872e-05,-2.0151784211902072e-05
10550.0,4438237.772333626,-3275497.637723487,-4069691.593152986,5808.581270397781,3037.5709919086594,3906.9007157633473,476.73199669725074,7630.879838428397,1.0031812024524298e-12,1.0,0.9999999740793951,0.999999782682461,-0.00016639830924917269,0.00023952053142303024,-0.0005456512983172084,7.967319202938653e-07,4.845004959669899e-07,-7.162132867082673e-07,5.70231680104543e-06,-1.2149732747427694e-05,2.0394243634813006e-05,-5.691061016894119e-06,1.2063675018239107e-05,-2.0236602079113915e-05
10560.0,4496046.89388954,-3244919.343062368,-4030370.2024497758,5753.355758297625,3077.873871033311,3957.1083207466913,476.6294572784053,7631.062593744642,1.0047942558843454e-12,1.0,0.9999999740793563,0.9999997808700436,-0.00016240440800312247,0.00024188871137005393,-0.0005491204216548628,8.005744799059548e-07,4.63929195352444e-07,-6.710245822810131e-07,5.537954712390576e-06,-1.2235711621644574e-05,2.047181101621245e-05,-5.5277119631756695e-06,1.2148935745418806e-05,-2.031304239602075e-05
10570.0,4553300.159414803,-3213939.9076184207,-3990549.1708354466,5697.413881759883,3117.7999268399026,4006.829930721423,476.5281819300875,7631.244159217956,1.0063899700602815e-12,1.0,0.9999999740793192,0.9999997791774177,-0.00015839220530806448,0.00024415364199674135,-0.0005523628005851284,8.040543525643086e-07,4.431921593503371e-07,-6.255248715424813e-07,5.373294663392137e-06,-1.2316511178076586e-05,2.0540889537316013e-05,-5.3640709694510095e-06,1.222905959529039e-05,-2.0381070683525795e-05
10580.0,4609990.439383762,-3182563.1248708866,-3950233.389804019,5640.762450388239,3157.3441361974124,4056.0592697768893,476.42817431413664,7631.42449455101,1.0079681963511645e-12,1.0,0.9999999740792845,0.9999997776080205,-0.00015436351974403218,0.0002463145203314216,-0.0005553769351860417,8.071694741496724e-07,4.222995310026761e-07,-5.797361782377687e-07,5.208411871244155e-06,-1.2392106529174282e-05,2.060144826402266e-05,-5.200212747161611e-06,1.2304021994376936e-05,-2.044065653601366e-05
10590.0,4666110.672828901,-3150792.8383031525,-3909427.8133143536,5583.408365773753,3196.501521319009,4104.790120736183,476.32943791521245,7631.6035595463445,1.0095287894655255e-12,1.0,0.9999999740792513,0.9999997761650781,-0.0001503201797551726,0.0002483705942878319,-0.0005581614360265095,8.099179614803123e-07,4.012615253055854e-07,-5.336806711992947e-07,5.0433817311401075e-06,-1.2462475326875537e-05,2.065346039204046e-05,-5.036212183086653e-06,1.2373800886139332e-05,-2.049177363579057e-05
10600.0,4721653.86825675,-3118632.940945922,-3868137.457198575,5525.358620725655,3235.2671504479504,4153.016326017215,476.2319760443736,7631.781314120606,1.0110716074329127e-12,1.0,0.9999999740792199,0.9999997748516009,-0.00014626402274292954,0.000250321163011309,-0.0005607150248616715,8.122981132235031e-07,3.800884238237263e-07,-4.873806523599817e-07,4.8782797789076285e-06,-1.252759777197183e-05,2.069690325936668e-05,-4.872144302242894e-06,1.2438376740224017e-05,-2.0534399765417794e-05
10610.0,4776613.104556213,-3086087.374913447,-3826367.398561772,5466.620298487382,3273.636138539601,4200.731788488653,476.1357918426692,7631.957718318795,1.0125965115858818e-12,1.0,0.9999999740791896,0.9999997736703768,-0.00014219689415489371,0.0002521655771979997,-0.0005630365352682559,8.14308410712461e-07,3.587905692794224e-07,-4.408585447369454e-07,4.71318165358266e-06,-1.2587456622145844e-05,2.07317583565761e-05,-4.708084230726111e-06,1.2497732560403405e-05,-2.056851681793693e-05
10620.0,4830981.531898866,-3053160.130933045,-3784122.7751732585,5407.2005719382805,3311.6036479392055,4247.930472320232,476.0408882847773,7632.13273232854,1.014103366540064e-12,1.0,0.9999999740791609,0.9999997726239676,-0.00013812064656982257,0.0002539032393869625,-0.0005651249132198185,8.159475186675934e-07,3.373783601209879e-07,-3.941368804059687e-07,4.548163059945479e-06,-1.2642037198679374e-05,2.0758011334935676e-05,-4.544107158515466e-06,1.2551853891204183e-05,-2.0594110804982065e-05
10630.0,4884752.3726312835,-3019855.2478677863,-3741408.784849292,5347.106702780655,3349.1648890554284,4294.606403827493,475.9472681826586,7632.306316494351,1.015592040172768e-12,1.0,0.9999999740791325,0.9999997717147016,-0.00013403713877928704,0.00025553360422507726,-0.0005669792176018702,8.172142858220192e-07,3.158622450741692e-07,-3.472382884819585e-07,4.383299731035941e-06,-1.2691327391833408e-05,2.0775652012360156e-05,-4.380288302259073e-06,1.2600728823222644e-05,-2.0611171862779182e-05
10640.0,4937918.922159106,-2986176.812232513,-3698230.6848274195,5286.346040712417,3386.315121029415,4340.753672310598,475.85493418923954,7632.478431331872,1.0170624035999444e-12,1.0,0.9999999740791047,0.9999997709446717,-0.00012994823486644092,0.00025705617870467755,-0.0005685986206669434,8.181077454502985e-07,2.942527176798719e-07,-3.0018548311594204e-07,4.218667390669596e-06,-1.2735317664900314e-05,2.0784674377224033e-05,-4.216702868061097e-06,1.2644347997124865e-05,-2.0619694256031757e-05
10650.0,4990474.549822729,-2952128.957703215,-3654593.791132494,5224.926022585298,3423.049652399236,4386.36643088709,475.7638888021149,7632.649037542124,1.0185143311516331e-12,1.0,0.9999999740790773,0.9999997703157312,-0.00012585580328239304,0.0002584705223738491,-0.0005699824084297007,8.186271158007256e-07,2.7256031082122e-07,-2.530012515166294e-07,4.054341715973447e-06,-1.2774001056929675e-05,2.0785076590039576e-05,-4.053426014289677e-06,1.268270460633126e-05,-2.0619676379693882e-05
10660.0,5042412.699764641,-2917715.8646197002,-3610503.4779342865,5162.854171548501,3459.363841759688,4431.438897318516,475.67413436727225,7632.818096025717,1.019947700345884e-12,1.0,0.99999997407905,0.9999997698294891,-0.00012176171592065435,0.00025977624751934863,-0.0005711299810022299,8.187718004302172e-07,2.507955912420272e-07,-2.057084420002787e-07,3.890398299961269e-06,-1.2807373184127995e-05,2.077686098301184e-05,-3.890532814424579e-06,1.2715794398385507e-05,-2.0611120758632955e-05
10670.0,5093726.891787976,-2882941.7594817597,-3565965.176896961,5100.138096178057,3495.2530984171335,4475.9653548305505,475.58567308282295,7632.985567897052,1.0213623918613968e-12,1.0,0.9999999740790225,0.9999997694873081,-0.00011766784719016332,0.0002609730193221024,-0.0005720408528696635,8.185413884422337e-07,2.2896915405953966e-07,-1.5832995207291381e-07,3.726912614167983e-06,-1.2835432239934817e-05,2.0760034057479613e-05,-3.7280982199643084e-06,1.274361567500895e-05,-2.0594034045185856e-05
10680.0,5144410.722206336,-2847810.9144388186,-3520984.376520379,5036.7854895918435,3530.7128830393044,4519.940152926498,475.4985070027607,7633.151414498462,1.0227582895085454e-12,1.0,0.9999999740789945,0.9999997692903018,-0.00011357607308736846,0.0002620605559852609,-0.000572714653106294,8.179356546273581e-07,2.0709161727318996e-07,-1.1088871654563414e-07,3.563959971363015e-06,-1.285817899377605e-05,2.0734606479246257e-05,-3.5661970234121643e-06,1.2766169290841151e-05,-2.056842701461183e-05
10690.0,5194457.864684809,-2812327.6467730068,-3475566.6214731745,4972.804128550096,3565.7387083000335,4563.3577081941485,475.41263804072327,7633.315597414339,1.0241352801991959e-12,1.0,0.9999999740789659,0.9999997692393325,-0.00010948827026784102,0.00026303862883480074,-0.0005731511255323565,8.169545595065495e-07,1.8517361627156654e-07,-6.340769568453477e-08,3.4016154883611965e-06,-1.2875616788496936e-05,2.0700593071814866e-05,-3.4049038213592178e-06,1.2783458650869755e-05,-2.0534314558448957e-05
10700.0,5243862.071071666,-2776496.3183759865,-3429717.511918023,4908.201872541968,3600.326139518471,4606.212505105423,475.3280679737609,7633.4780784851955,1.025493253915273e-12,1.0,0.9999999740789367,0.9999997693350109,-0.00010540631511793562,0.0002639070623926617,-0.0005733501288116473,8.155982492776259e-07,1.63225798340238e-07,-1.5909863396212996e-08,3.2399540489516255e-06,-1.2887751536478166e-05,2.0658012807527484e-05,-3.2442929776845863e-06,1.2795489706552324e-05,-2.04917156757807e-05
10710.0,5292617.172221072,-2740321.335219276,-3383442.7028287607,4842.986662857637,3634.470795292968,4648.499096809012,475.244798446116,7633.638819821688,1.0268321036759932e-12,1.0,0.9999999740789055,0.9999997695776921,-0.00010133208282694619,0.000264665734422437,-0.000573311636490163,8.138670556648978e-07,1.4125881717217507e-07,3.1581804550603704e-08,3.0790502669620605e-06,-1.2894591714437094e-05,2.0606888796620407e-05,-3.084438586890609e-06,1.2802270950633599e-05,-2.044065346241992e-05
10720.0,5340717.07880633,-2703807.146818336,-3336747.9032997247,4777.166521646392,3668.168348129236,4690.212105915556,475.1628309730068,7633.797783818555,1.0281517255039293e-12,1.0,0.9999999740788734,0.9999997699674792,-9.726744646026585e-05,0.0002653145759476302,-0.0005730357369759445,8.117614956723526e-07,1.1928332738328468e-07,7.904434226625885e-08,2.918978449479091e-06,-1.2896148356920592e-05,2.05472482742032e-05,-2.925414437592435e-06,1.2803813410662826e-05,-2.0381155098019656e-05
10730.0,5388155.782123792,-2666958.245690291,-3289638.8758471184,4710.749550960429,3701.4145250628467,4731.346225275417,475.08216694440597,7633.954933168523,1.0294520183900211e-12,1.0,0.9999999740788392,0.9999997705042191,-9.32142760340078e-05,0.00026585357124251437,-0.000572522633460307,8.092822712409143e-07,9.730997903538862e-08,1.2645480544281158e-07,2.759812560241468e-06,-1.2892435048491299e-05,2.047912258515831e-05,-2.7672939761794765e-06,1.280013064121652e-05,-2.0313251831121023e-05
10740.0,5434927.354886867,-2629779.1668056482,-3242121.435702897,4643.743931784985,3734.2051082755956,4771.896218748444,475.0028076288197,7634.110230876098,1.030732884257508e-12,1.0,0.9999999740788031,0.9999997711875055,-8.917443759160317e-05,0.00026628275779563165,-0.000571772643780668,8.064302688102417e-07,7.534941216954613e-08,1.737902830151072e-07,2.601626183226879e-06,-1.2883467914614885e-05,2.0402547167003847e-05,-2.610150270668725e-06,1.2791238714832218e-05,-2.0236978962149434e-05
10750.0,5481025.952010545,-2592274.487033684,-3194201.4501007334,4576.157923054176,3766.5359357059656,4811.856921966057,474.9247541770693,7634.2636402713115,1.0319942279247183e-12,1.0,0.9999999740787647,0.9999997720166789,-8.514979228280454e-05,0.00026660222624599704,-0.0005707862002251731,8.032065587855416e-07,5.3412251351666976e-08,2.2102790877899812e-07,2.44449248644853e-06,-1.286926561125423e-05,2.0317561530677007e-05,-2.4540559747664904e-06,1.2777156211659466e-05,-2.015237582437019e-05
10760.0,5526445.81138576,-2554448.8245819393,-3145884.8375546457,4507.999860653324,3798.402901653178,4851.223243084959,474.8480076260548,7634.415125023358,1.0332359570670953e-12,1.0,0.9999999740787242,0.999999772990828,-8.114219544561393e-05,0.0002668121202920699,-0.0005695638492793498,7.996123949100172e-07,3.1509100233397473e-08,2.6814487296321867e-07,2.2884841859819152e-06,-1.2849849313176391e-05,2.0224209239302874e-05,-2.299083292157738e-06,1.2757904207836255e-05,-2.0059485762819043e-05
10770.0,5571181.254643955,-2516306.8384295073,-3097177.56712986,4439.278156407128,3829.801957375026,4889.9901635327615,474.77256890252045,7634.564649154149,1.034457982178147e-12,1.0,0.9999999740786808,0.9999997741087905,-7.715349569155959e-05,0.0002669126365735802,-0.0005681062513150266,7.956492135438799e-07,9.650536131245159e-09,3.151184337503381e-07,2.1336735102370556e-06,-1.2825242700980485e-05,2.012253788492544e-05,-2.145303941039806e-06,1.2733506262597467e-05,-1.995835611121919e-05
10780.0,5615226.687911222,-2477853.227754579,-3048085.657706533,4370.001297054578,3860.72911167897,4928.152738744842,474.69843882679845,7634.712177051763,1.0356602165297109e-12,1.0,0.9999999740786348,0.9999997753691579,-7.31855339948339e-05,0.0002669040245263044,-0.0005664141802217886,7.913186328502068e-07,-1.2152895373719363e-08,3.6192592874388155e-07,1.9801321644969395e-06,-1.2795471946856934e-05,2.001259906323035e-05,-1.9927891189192996e-06,1.2703988404125377e-05,-1.984903816690305e-05
10790.0,5658576.602552272,-2439092.7313559796,-2998615.1772359773,4300.177843210009,3891.180431506654,4965.706098892652,474.62561811654643,7634.857673483788,1.036842576131318e-12,1.0,0.9999999740785857,0.9999997767702749,-6.924014278571715e-05,0.0002667865862099036,-0.0005644885229812395,7.866224518889716e-07,-3.389068581246193e-08,4.08544786376122e-07,1.8279312957373981e-06,-1.2760565699082773e-05,1.989444834626862e-05,-1.8416094676886145e-06,1.2669379114150138e-05,-1.9731587163752628e-05
10800.0,5701225.575903954,-2400030.1270688907,-2948772.241989641,4229.816428310731,3921.1520425115523,5002.645449603089,474.55410739046147,7635.001103610553,1.0380049796889408e-12,1.0,0.9999999740785334,0.9999997783102452,-6.53191450487603e-05,0.00026656067610894655,-0.0005623302791843853,7.815626496195352e-07,-5.5552369178199223e-08,4.549525372522463e-07,1.677141457746634e-06,-1.2720555065267412e-05,1.976814525320278e-05,-1.691835038999469e-06,1.262970931131112e-05,-1.960606224317734e-05
10810.0,5743168.2719980255,-2360670.231174965,-2898563.0158011117,4158.9257575514985,3950.640129629518,5038.966072668663,474.48390717197674,7635.142432998241,1.0391473485630584e-12,1.0,0.9999999740784774,0.9999997799869341,-6.142435342619367e-05,0.00026622670090726045,-0.0005599405604924767,7.761413838128911e-07,-7.712752724724429e-08,5.011268254250912e-07,1.5278325765620894e-06,-1.2675473594356187e-05,1.9633753219086976e-05,-1.5435352599511572e-06,1.2585012333289337e-05,-1.9472526423147497e-05
10820.0,5784399.4422734,-2321017.897806608,-2847993.7093008594,4087.5146068054914,3979.6409376422766,5074.66332674851,474.4150178929465,7635.281627631872,1.0402696067259555e-12,1.0,0.9999999740784176,0.9999997817979724,-5.755756932698157e-05,0.00026578511923576004,-0.0005573205900416572,7.703609898743842e-07,-9.860579486777997e-08,5.470454195954342e-07,1.3800739162402272e-06,-1.2625357257405767e-05,1.9491339561702307e-05,-1.3967788991094518e-06,1.2535323917721341e-05,-1.9331046565301147e-05
10830.0,5824913.926277407,-2281078.0183457523,-2797070.5791441305,4015.5918215323136,4008.1507717335503,5109.732648059845,474.3474398972811,7635.418653928162,1.0413716807189099e-12,1.0,0.9999999740783541,0.9999997837407616,-5.372058204199351e-05,0.0002652364413939246,-0.0005544717017918127,7.642239795779024e-07,-1.1997686521354746e-07,5.926862242322017e-07,1.2339340449768736e-06,-1.2570244427140207e-05,1.9340975446469716e-05,-1.251634032872473e-06,1.248068218190869e-05,-1.918169334014771e-05
10840.0,5864706.652356083,-2240855.520817131,-2745799.9272320005,3943.166315673054,4036.1659980376976,5144.169551059717,474.2811734445803,7635.553478748229,1.0424534996085035e-12,1.0,0.9999999740782863,0.999999785812478,-4.991516786572367e-05,0.0002645812290451043,-0.0005513953398200396,7.577330397125288e-07,-1.412304949998483e-07,6.380272906065086e-07,1.089480801594582e-06,-1.251017585630109e-05,1.918273584945579e-05,-1.1081680122011352e-06,1.242112760133259e-05,-1.9024541190386067e-05
10850.0,5903772.638333437,-2200355.3692759764,-2694188.0999255115,3870.2470705322708,4063.6830441808206,5177.969629117018,474.21621871372963,7635.686069410171,1.043514994942644e-12,1.0,0.9999999740782147,0.9999997880100792,-4.6143089224980555e-05,0.0002638200948858515,-0.0005480930575591626,7.508910306428382e-07,-1.6235650965877773e-07,6.830468277345415e-07,9.467812624118639e-07,-1.2445194654808487e-05,1.9016699518498104e-05,-9.66447429728732e-07,1.2356702986988188e-05,-1.885966829236039e-05
10860.0,5942106.992179329,-2159582.5631905245,-2642241.487253347,3796.8431336475746,4090.698399813996,5211.128555174283,474.15257580645476,7635.816393701483,1.0445561007064212e-12,1.0,0.9999999740781389,0.9999997903303084,-4.240609381500386e-05,0.0002629537022894896,-0.0005445665169817926,7.437009847837652e-07,-1.8334480847110302e-07,7.277232132226505e-07,8.059017085119614e-07,-1.2375346265740123e-05,1.8842948932472026e-05,-8.265380872662603e-07,1.2287453461553027e-05,-1.8687156515678462e-05
10870.0,5979704.912666111,-2118542.136819063,-2589966.5221127486,3722.9636176463528,4117.20861713869,5243.642082399397,474.0902447508564,7635.94441989132,1.0455767532774328e-12,1.0,0.9999999740780583,0.9999997927697012,-3.8705913743401536e-05,0.0002619827649241385,-0.000540817487730408,7.361661049911008e-07,-2.0418536965230782e-07,7.72035004009833e-07,6.669075934253935e-07,-1.230067844014874e-05,1.86615702587208e-05,-6.885049637187904e-07,1.2213426434401621e-05,-1.8507091381012712e-05
10880.0,6016561.6900136415,-2077239.1585819172,-2537369.679464149,3648.6176990903505,4143.210311424021,5275.506044826746,474.02922550488915,7636.070116742592,1.0465768913812225e-12,1.0,0.999999974077973,0.9999997953245929,-3.504426468235326e-05,0.00026090804634544003,-0.0005368478461940063,7.282897628691273e-07,-2.2486825538945466e-07,8.159609470013907e-07,5.298635112423742e-07,-1.2221241210730062e-05,1.8472653308676904e-05,-5.5241218342794e-07,1.2134671575483663e-05,-1.8319562016112538e-05
10890.0,6052672.706522779,-2035678.7304282046,-2484457.4755193326,3573.8146173078153,4168.70016151587,5306.716357987847,473.969517959821,7636.193453523899,1.0475564560462339e-12,1.0,0.999999974077883,0.9999997979911244,-3.142284502947059e-05,0.0002597303595642277,-0.0005326595745318651,7.200754969960724e-07,-2.453836168269997e-07,8.594799895884747e-07,3.9483316516994773e-07,-1.213708686435685e-05,1.8276291491698366e-05,-4.1832298495601324e-07,1.2051240788078424e-05,-1.812466111004938e-05
10900.0,6088033.437197131,-1993865.9871975393,-2431236.4669233253,3498.5636732135267,4193.674910337642,5337.2690195312,473.91112194363865,7636.314400021276,1.048515390558896e-12,1.0,0.9999999740777883,0.9999998007652499,-2.7843335077728013e-05,0.0002584505665894076,-0.0005282547596450052,7.115270110691501e-07,-2.6572169899845363e-07,9.025712900485927e-07,2.618793365480933e-07,-1.2048269913496114e-05,1.8072581767147297e-05,-2.8629969032563843e-07,1.196318818044322e-05,-1.7922484865723494e-05
10910.0,6122639.450352901,-1951806.0959768184,-2377713.2499302137,3422.8742281169984,4218.13136538251,5367.160109831119,473.8540372244092,7636.432926549781,1.0494536404186719e-12,1.0,0.9999999740776883,0.999999803642744,-2.430739619487037e-05,0.0002570695779463261,-0.0005236355920959692,7.026481719700038e-07,-2.858728457015848e-07,9.452142278206981e-07,1.3106385434034473e-07,-1.1954847066525756e-05,1.78616245947386e-05,-1.5640367473000869e-07,1.1870570036371875e-05,-1.7713132950658717e-05
10920.0,6156486.408216742,-1909504.2554521367,-2323894.4595729397,3346.7557025189367,4242.066399196981,5396.385792585414,473.79826351359395,7636.549003964865,1.0503711532931809e-12,1.0,0.9999999740775829,0.9999998066192103,-2.0816670012686566e-05,0.00025558835217091413,-0.0005188043649775489,6.934430077519844e-07,-3.0582750431486304e-07,9.873884136511217e-07,2.4475651124771325e-09,-1.1856877196967338e-05,1.7643523883186158e-05,-2.8695336727617598e-08,1.1773444784680008e-05,-1.7496708446112917e-05
10930.0,6189570.067511594,-1866965.695255834,-2269786.7688270737,3270.217574895981,4265.476949855762,5424.942315401798,473.7438004693156,7636.66260367357,1.0512678789733952e-12,1.0,0.9999999740774727,0.9999998096900898,-1.737277762652925e-05,0.0002540078952799042,-0.0005137634727311164,6.839157055507166e-07,-3.255762305521985e-07,1.0290736996041685e-06,-1.2390969648679765e-07,-1.1754421311653247e-05,1.7418386937176878e-05,9.676593106481377e-08,1.1671872967634377e-05,-1.727331779453204e-05
10940.0,6221886.280030166,-1824195.6753090017,-2215396.887768996,3193.2693804743562,4288.36002142758,5452.82601037269,473.69064769957123,7636.773697645517,1.052143769329054e-12,1.0,0.9999999740773569,0.9999998128506682,-1.3977318805481126e-05,0.00025232926021744387,-0.0005085154099152694,6.740706094191748e-07,-3.4510969315411764e-07,1.0702501889335572e-06,-2.479491367294473e-07,-1.1647542517847041e-05,1.7186324402701087e-05,2.1992177076708073e-07,1.1565917208344898e-05,-1.7043070745378386e-05
10950.0,6253430.9931962695,-1781199.485159148,-2160731.56272809,3115.920709991901,4310.712684432089,5480.033294638501,473.63880476538,7636.882258423698,1.0529987782645072e-12,1.0,0.9999999740772358,0.9999998160960859,-1.0631871213509696e-05,0.00025055354627841366,-0.000503062769925457,6.639122180886142e-07,-3.644186785127608e-07,1.1108982458091216e-06,-3.6961303128276905e-07,-1.1536305989333998e-05,1.6947450210769803e-05,3.4071488750618094e-07,1.1455642177137656e-05,-1.680608029936171e-05
10960.0,6284200.250613562,-1737982.4433135695,-2105797.5754336575,3038.181208449522,4332.532076287443,5506.560670938909,473.58827118389587,7636.988259135047,1.053832861674522e-12,1.0,0.9999999740771094,0.9999998194213466,-7.337989642014428e-06,0.00024868189850880425,-0.00049740824366537,6.53445182656813e-07,-3.834940952287062e-07,1.1509985048952475e-06,-4.888447531417281e-07,-1.1420778931502392e-05,1.6701881519551316e-05,4.590890771474712e-07,1.1341114556926637e-05,-1.6562462651103864e-05
10970.0,6314190.19260181,-1694549.896568161,-2050601.7421562155,2960.0605738516006,4353.815401748604,5532.40472815223,473.5390464314241,7637.091673500795,1.0546459774010768e-12,1.0,0.9999999740769776,0.9999998228213266,-4.097205254096837e-06,0.00024671550708348593,-0.0004915546181708141,6.426743042050268e-07,-4.023269785969706e-07,1.1905318807753506e-06,-6.055888000070081e-07,-1.130103054543542e-05,1.6449738654957794e-05,5.749892534768502e-07,1.1222403007606652e-05,-1.6312337130270327e-05
10980.0,6343397.056720528,-1650907.2193318973,-1995150.9128434658,2881.568555935812,4374.559933336196,5557.562141822583,473.49112994641064,7637.192475846606,1.055438085190028e-12,1.0,0.9999999740768399,0.9999998262907839,-9.11024840917789e-07,0.0002446556066617342,-0.00048550477518685095,6.316045313451987e-07,-4.209084950206902e-07,1.2294795772198237e-06,-7.197908210958407e-07,-1.117713199103193e-05,1.6191145049713297e-05,6.883614748185722e-07,1.1099578129482824e-05,-1.605582614119628e-05
10990.0,6371817.178279765,-1607059.8129471792,-1939451.9702511898,2802.714954892765,4394.763011755695,5582.029674674678,473.44452113233973,7637.290641112477,1.0562091466487564e-12,1.0,0.9999999740766967,0.999999829824369,2.2190699095070077e-06,0.00024250347572088186,-0.00047926168969902156,6.2024095769905e-07,-4.392299463502312e-07,1.2678230962925475e-06,-8.313976433738052e-07,-1.1049156349178303e-05,1.5926227180938303e-05,7.991529700788276e-07,1.0972712425761398e-05,-1.5793055101044722e-05
11000.0,6399446.990838119,-1563013.1050059083,-1883511.8290688947,2723.5096200752328,4414.422046306964,5605.804177116167,473.39921936056857,7637.386144862414,1.0569591252043185e-12,1.0,0.9999999740765478,0.9999998334166338,5.291623130749934e-06,0.00024026043586846925,-0.0004728284284194499,6.085888193091006e-07,-4.572827741449834e-07,1.3055442472880979e-06,-9.403572971951659e-07,-1.0917178582991908e-05,1.565511450628659e-05,9.073121642027215e-07,1.0841880264119754e-05,-1.552415237652603e-05
11010.0,6426283.026687735,-1518772.5486616078,-1827337.4350406176,2643.962448697612,4433.534515283901,5628.882587727276,473.35522397309353,7637.478963293846,1.0576879860622433e-12,1.0,0.9999999740763936,0.9999998370620425,8.305205483307818e-06,0.00023792785113329378,-0.000466208148228668,5.966534919862701e-07,-4.7505856385558506e-07,1.3426251555087756e-06,-1.0466190413418314e-06,-1.0781275498158844e-05,1.5377939398656552e-05,1.0127887030329213e-06,1.0707157837377599e-05,-1.5249249219214284e-05
11020.0,6452321.917326192,-1474343.6219376477,-1770935.7640809608,2564.0833845257566,4452.097966364077,5651.261933737628,473.31253428522217,7637.569073246812,1.0583956961664078e-12,1.0,0.9999999740762339,0.999999840754981,1.1258414846514542e-05,0.0002355071272357538,-0.00045940409457403595,5.844404885924605e-07,-4.925490489269237e-07,1.3790482708577109e-06,-1.1501333874488562e-06,-1.0641525702384754e-05,1.5094837079531394e-05,1.1155334775599031e-06,1.056862312329235e-05,-1.4968479699495859e-05
11030.0,6477560.39391535,-1429731.827031481,-1714313.8213862437,2483.8824165570772,4470.110016988353,5672.9393314901545,473.27114958819004,7637.656452212877,1.0590822241593761e-12,1.0,0.9999999740760682,0.9999998444897672,1.414987699672519e-05,0.00023299971083788487,-0.00045241959982559785,5.71955456260898e-07,-5.097461148177749e-07,1.4147963762627864e-06,-1.250852123805331e-06,-1.0498009563982505e-05,1.480594555096523e-05,1.2154986475519007e-06,1.0426355843497077e-05,-1.4681980639181031e-05
11040.0,6501995.287726845,-1384942.6896152222,-1657478.640541192,2403.3695776915365,4487.568354730233,5693.911986891871,473.231069151666,7637.741078343802,1.0597475403441577e-12,1.0,0.9999999740758971,0.9999998482606627,1.6978246271449057e-05,0.00023040708877351864,-0.0004452580815902941,5.592041735561974e-07,-5.266418029356928e-07,1.449852595916955e-06,-1.3487283385216444e-06,-1.0350809169620444e-05,1.4511405526261606e-05,1.3126376645557235e-06,1.0280437421607705e-05,-1.4389891542818885e-05
11050.0,6525623.530574241,-1339981.7581326733,-1600437.282621298,2322.5549433938195,4504.470737654862,5714.177195851339,473.19229222620186,7637.822930459928,1.0603916166464922e-12,1.0,0.9999999740757204,0.9999998520618818,1.974220621913387e-05,0.00022773078725899393,-0.0004379230409854451,5.461925475751617e-07,-5.432283144860127e-07,1.4842004033368758e-06,-1.443716442051267e-06,-1.020000828125229e-05,1.4211360359376176e-05,1.4069052942561239e-06,1.0130950940518114e-05,-1.4092354527747484e-05
11060.0,6548442.155231822,-1294854.603092586,-1543196.8352905854,2241.448630346322,4520.814994667655,5733.732344702864,473.1548180455668,7637.901988058312,1.0610144265786482e-12,1.0,0.9999999740755388,0.9999998558876039,2.2440470234330195e-05,0.0002249723710848342,-0.0004304180608723778,5.329266109901496e-07,-5.594980142328683e-07,1.5178236292338522e-06,-1.5357721890593374e-06,-1.0045692292252117e-05,1.3905955973081235e-05,1.4982576381868286e-06,9.977981098908877e-06,-1.3789514252917154e-05
11070.0,6570448.295839699,-1249566.816358839,-1485764.4118956472,2160.0607950942685,4536.599025852254,5752.574910616978,473.1186458289884,7637.978231320566,1.0616159452044254e-12,1.0,0.9999999740753512,0.9999998597319812,2.5071782177916262e-05,0.00022213344278887204,-0.00042274680405123086,5.194125190365728e-07,-5.754434341697548e-07,1.550706469195392e-06,-1.6248526996268403e-06,-9.887948182780408e-06,1.359534078593054e-05,1.5866521547817204e-06,9.821614166993299e-06,-1.348151784652587e-05
11080.0,6591639.188295508,-1204124.0104369263,-1428147.150555181,2078.401632681923,4551.820802797942,5770.702461997446,473.0837747833263,7638.051641120422,1.0621961491049294e-12,1.0,0.9999999740751582,0.9999998635891526,2.7634916982153743e-05,0.00021921564181123063,-0.0004149130114177765,5.056565464460777e-07,-5.910572770995638e-07,1.5828334911734564e-06,-1.7109164797826048e-06,-9.726864474401192e-06,1.3279665638059682e-05,1.6720476797573774e-06,9.661937941519819e-06,-1.316851483249704e-05
11090.0,6612012.170632243,-1158531.8177575052,-1370352.2132459835,1996.4813752813077,4566.4783689162,5788.112658864349,473.050204105109,7638.122199031018,1.062755016346305e-12,1.0,0.9999999740749602,0.999999867453253,3.0128681240267878e-05,0.00021622064363165734,-0.0004069205000833326,4.916650843270617e-07,-6.063324201215379e-07,1.6141896427780727e-06,-1.7939234413535406e-06,-9.562531183977294e-06,1.2959083715860989e-05,1.7544044458195957e-06,9.499041700061606e-06,-1.2850657055846118e-05
11100.0,6631564.683382505,-1112795.8899565903,-1312386.7848848728,1914.310290812762,4580.569839746488,5804.803253223354,473.0179329825286,7638.189887331896,1.0632925264478644e-12,1.0,0.9999999740747567,0.999999871318423,3.2551913780326167e-05,0.0002131501588896449,-0.00039877316145865894,4.774446369937715e-07,-6.212619180241735e-07,1.6447602583718512e-06,-1.873834921125107e-06,-9.395039776865996e-06,1.263375047557075e-05,1.8336841016825698e-06,9.333016154608743e-06,-1.2528098606963812e-05
11110.0,6650294.26992875,-1066921.8971529824,-1254258.072407292,1831.8986815584574,4594.093403250963,5820.772089420883,472.9869605973074,7638.25468901573,1.0638086603520744e-12,1.0,0.9999999740745482,0.9999998751788214,3.490348622313825e-05,0.00021000593248784145,-0.00039047495930290727,4.6300181874607507e-07,-6.358390065819975e-07,1.6745310659635942e-06,-1.950613699303488e-06,-9.224483119442025e-06,1.2303823565808499e-05,1.9098497303951202e-06,9.163953404495174e-06,-1.2200995744863156e-05
11120.0,6668198.57683985,-1020915.5272224394,-1195973.303841962,1749.2568827680675,4607.047320098318,5836.017104485271,472.95728612652607,7638.3165877948,1.0643034003949153e-12,1.0,0.9999999740743348,0.9999998790286343,3.718230352397138e-05,0.0002067897426791862,-0.0003820299277385225,4.483433506007187e-07,-6.500571057562162e-07,1.7034881938989151e-06,-2.0242240172725187e-06,-9.050955430968878e-06,1.1969462749103054e-05,1.9828658669635006e-06,8.991946888676104e-06,-1.1869506819418748e-05
11130.0,6685275.354193643,-974782.4850692578,-1137539.727382447,1666.3952612578748,4619.429923936412,5850.536328453661,472.9289087444246,7638.37556810726,1.0647767302764403e-12,1.0,0.9999999740741164,0.9999998828620863,3.9387304497817213e-05,0.00020350340013828192,-0.0003734421692331873,4.3347605697472245e-07,-6.639098227980146e-07,1.731618177346354e-06,-2.0946315946351196e-06,-8.8745522348442e-06,1.163082982244651e-05,2.0526985152617383e-06,8.817091337381852e-06,-1.1533792192640343e-05
11140.0,6701522.456461434,-928528.4919809174,-1078964.6105560116,1583.3242141696821,4631.2396220487835,5864.327885186644,472.9018282149993,7638.43161578267,1.0652286251703545e-12,1.0,0.9999999740738931,0.9999998866734502,4.151746236482541e-05,0.00020014874704851317,-0.0003647158526287076,4.1840685598026284e-07,-6.773909630501455e-07,1.7589079734531682e-06,-2.1618036395306996e-06,-8.695370300394474e-06,1.1288088530593705e-05,2.119315140095618e-06,8.639482681005506e-06,-1.1194014121956891e-05
11150.0,6716937.852987022,-882159.2863240995,-1020255.2409567436,1500.054170365284,4642.474902591943,5877.390001544462,472.87605531068516,7638.484729675197,1.0656588777397685e-12,1.0,0.9999999740736661,0.9999998904570587,4.35717858590104e-05,0.00019672765660628703,-0.0003558552123310462,4.0314263849647686e-07,-6.90494677522522e-07,1.7853451299614876e-06,-2.225708750241182e-06,-8.513507423128893e-06,1.0941404362629907e-05,2.182684255461998e-06,8.459217252412877e-06,-1.0850336031280417e-05
11160.0,6731519.6067428915,-835680.6195146139,-961418.9214384264,1416.5955830250812,4653.134320016389,5889.720988842461,472.85158970704487,7638.534896979392,1.0660674670285875e-12,1.0,0.9999999740734362,0.9999998942073145,4.554931745651186e-05,0.00019324202980406272,-0.00034686454203526515,3.876904106587492e-07,-7.032152936978704e-07,1.8109175905010045e-06,-2.2863170096246137e-06,-8.32906249124276e-06,1.059094452412745e-05,2.2427763408316895e-06,8.276393311069548e-06,-1.0502923820877138e-05
11170.0,6745265.888945967,-789098.2531924455,-902462.9663360001,1332.95892420198,4663.216505282488,5901.3192557034145,472.8284335266761,7638.582108381412,1.0664543325208074e-12,1.0,0.9999999740732064,0.9999998979187028,4.744913591038135e-05,0.00018969379445334195,-0.00033774819203754875,3.7205729606352276e-07,-7.155473025213462e-07,1.835613690196612e-06,-2.343600092413749e-06,-8.142135459537292e-06,1.0236877847634404e-05,2.2995633093472833e-06,8.091110015141866e-06,-1.0151944899179713e-05
11180.0,6758174.968623578,-742417.969943731,-843394.715171788,1249.1547043852888,4672.720158469989,5912.183298970862,472.8065842229333,7638.626350037661,1.066819493024441e-12,1.0,0.9999999740729741,0.9999999015857902,4.927035397893471e-05,0.0001860849076764011,-0.0003285105753057227,3.5625053459766466e-07,-7.274853697704446e-07,1.8594221536151618e-06,-2.39753117370031e-06,-7.952827457300515e-06,9.879375016895103e-06,2.35301879889476e-06,7.903467933625242e-06,-9.79756863319773e-06
11190.0,6770245.223652592,-695645.5612026843,-784221.517195016,1165.1934501813032,4681.644056678573,5922.3117134052545,472.786041696162,7638.667611600618,1.0671629278167634e-12,1.0,0.9999999740727394,0.9999999052032454,5.1012121924956695e-05,0.0001824173517992216,-0.00031915615758701854,3.402774999642649e-07,-7.39024312796628e-07,1.8823321030222607e-06,-2.4480850878350615e-06,-7.761240616423852e-06,9.518608196480416e-06,2.4031179080268794e-06,7.713568433990633e-06,-9.439965731207064e-06
11200.0,6781475.1339801485,-648786.8343034576,-724950.7403944468,1081.085717169696,4689.987049223882,5931.70318577982,472.76680352512466,7638.705880837835,1.067484656335278e-12,1.0,0.9999999740725002,0.9999999087658414,5.2673626261873606e-05,0.0001786931358533964,-0.0003096894609420191,3.241456749801107e-07,-7.50159122918395e-07,1.90433307395543e-06,-2.4952382508750218e-06,-7.5674781187664365e-06,9.154751147617446e-06,2.449837395103595e-06,7.521514009943385e-06,-9.079308514527992e-06
11210.0,6791863.292218526,-601847.5996063438,-665589.7550623539,996.8420662902173,4697.748065236065,5940.356504175062,472.748872307417,7638.741151933995,1.0677846154240295e-12,1.0,0.9999999740722594,0.9999999122684756,5.4254092934491394e-05,0.00017491429095808778,-0.00030011505278580534,3.0786261140400216e-07,-7.608849916374251e-07,1.9254150429598645e-06,-2.5389687381077693e-06,-7.371643934309785e-06,8.787978799781666e-06,2.493155397763054e-06,7.327407639013372e-06,-8.715770288840083e-06
11220.0,6801408.393404764,-554833.681759651,-606145.9481812496,912.4730844485617,4704.926106369519,5948.270549033965,472.7322484084303,7638.773417293207,1.0680627805642731e-12,1.0,0.999999974072018,0.9999999157061678,5.5752784858604524e-05,0.0001710828728973388,-0.000290437552363259,2.9143590887287386e-07,-7.711973330366246e-07,1.9455684432705525e-06,-2.5792561624059897e-06,-7.173842920657267e-06,8.418467473270646e-06,2.5330517299990517e-06,7.131353310979245e-06,-8.349525798686021e-06
11230.0,6810109.238783007,-507750.9149357805,-546626.7173421081,827.9893756701706,4711.5202495363055,5955.444296501085,472.71693245893067,7638.802670362721,1.0683191241229756e-12,1.0,0.9999999740717761,0.9999999190740712,5.7169003147671496e-05,0.00016720095982754416,-0.000280661625561493,2.748732345382375e-07,-7.810917720294278e-07,1.9647841638903854e-06,-2.616081744722032e-06,-6.974180724229053e-06,8.046394689165723e-06,2.5695077930867124e-06,6.933455775472603e-06,-7.980750956539243e-06
11240.0,6817964.736074983,-460605.14202168904,-487039.4697139094,743.401559547118,4717.52964712519,5961.876818678838,472.7029254600918,7638.828905751347,1.0685536135924049e-12,1.0,0.9999999740715342,0.9999999223674827,5.8502087446166434e-05,0.00016327065118807417,-0.00027079198256537514,2.5818231522416084e-07,-7.905641517069666e-07,1.983053559267237e-06,-2.6494283188068624e-06,-6.772763719405164e-06,7.67193907593916e-06,2.602506579930584e-06,6.733820480286488e-06,-7.609622750239073e-06
11250.0,6824973.89978514,-413402.213773448,-427391.6209672701,658.720269623123,4722.953527243255,5967.567283911463,472.6902289391588,7638.852119403955,1.0687662089809717e-12,1.0,0.9999999740712933,0.9999999255818502,5.975141623065124e-05,0.00015929406656401267,-0.00026083337543953116,2.4137092939408936e-07,-7.996105408524446e-07,2.000368458657979e-06,-2.679280333639086e-06,-6.569698943817787e-06,7.295280272587045e-06,2.632032676496523e-06,6.532553505323395e-06,-7.236319147057819e-06
11260.0,6831135.81458612,-366147.982700916,-367690.58804165595,573.9561419552005,4727.791168496285,5972.5149247216705,472.67880770433135,7638.872267018389,1.0689574866302047e-12,1.0,0.9999999740710508,0.9999999287127791,6.0916404125705526e-05,0.0001552733420206837,-0.00025079059001309413,2.2444716043447395e-07,-8.082269150866181e-07,2.0167208436556408e-06,-2.7056240406860085e-06,-6.3650943408699076e-06,6.916598966592227e-06,2.6580738337192083e-06,6.329764285454764e-06,-6.861021129744519e-06
11270.0,6836449.746447462,-318848.3178089229,-307943.80625516403,489.11984118187996,4732.041976727869,5976.719135255061,472.6687024909165,7638.889389844337,1.0691267526943535e-12,1.0,0.9999999740708119,0.9999999317560428,6.199651336225858e-05,0.0001512106391416034,-0.00024066846286349225,2.0741899603204304e-07,-8.164096467923828e-07,2.0321033712893008e-06,-2.7284475018341545e-06,-6.159058569393413e-06,6.536076981952237e-06,2.680616244734433e-06,6.125557167665712e-06,-6.483906145609022e-06
11280.0,6840915.059692897,-271509.0609274009,-248158.6752004662,404.2219830080211,4735.705428144291,5980.179398261018,472.65994285095576,7638.903517461636,1.069273501591991e-12,1.0,0.999999974070593,0.9999999347076087,6.299124689785861e-05,0.00014710812373776153,-0.0002304718374587049,1.9029400730750244e-07,-8.241558093955797e-07,2.046509626849171e-06,-2.7477399037224102e-06,-5.951699541144703e-06,6.153895414278536e-06,2.69964821125798e-06,5.920037678794622e-06,-6.105152851612222e-06
11290.0,6844531.160697982,-224136.12026616564,-188342.67788232194,319.27330449175537,4738.781029043103,5982.895236478876,472.6525000857757,7638.914614973879,1.0693982049175736e-12,1.0,0.9999999740703764,0.9999999375635767,6.390013306219948e-05,0.0001429679950326909,-0.00022020563501959809,1.7307983946807632e-07,-8.314627474896583e-07,2.059933610357593e-06,-2.763491518470717e-06,-5.743126388012428e-06,5.77023771305884e-06,2.715162095674656e-06,5.713316460034038e-06,-5.724944405911474e-06
11300.0,6847297.600471129,-176735.37626957882,-128503.2601876686,234.28449013077955,4741.268388279374,5984.8663019365595,472.64637933127864,7638.922686090555,1.0695007688884834e-12,1.0,0.9999999740701632,0.9999999403202599,6.47227466583216e-05,0.00013879245578836185,-0.0002098747817864922,1.557845601519396e-07,-8.383276879677048e-07,2.072369621802664e-06,-2.7756949947132752e-06,-5.533448580617973e-06,5.385287200075544e-06,2.72715050079358e-06,5.505501868936281e-06,-5.343462326771017e-06
11310.0,6849214.041666816,-129312.7148566327,-68647.87339312871,149.26623369202292,4743.167193902258,5986.092347238611,472.641590591793,7638.927740691091,1.069581019471497e-12,1.0,0.999999974069954,0.9999999429741631,6.545870303338309e-05,0.0001345837226809436,-0.0001994842329491336,1.3841617686391674e-07,-8.447481805369601e-07,2.0838125299482024e-06,-2.784344532433703e-06,-5.322775824981835e-06,4.99922764489088e-06,2.7356074710728997e-06,5.296702245200181e-06,-4.96088837050535e-06
11320.0,6850280.279970454,-81874.01147333755,-8783.953690341752,64.22920944773789,4744.477228181098,5986.573244179442,472.6381696978975,7638.929818240277,1.0696383511320855e-12,1.0,0.9999999740697586,0.9999999455220006,6.6107660603102e-05,0.0001303440193504852,-0.00018903895779865778,1.2098242618118239e-07,-8.507223386305342e-07,2.0942579989640665e-06,-2.7894357351817356e-06,-5.11121740910204e-06,4.6122424959677065e-06,2.74052761375764e-06,5.087024188764873e-06,-4.57740318774453e-06
11330.0,6850496.334095775,-34425.13515494055,51081.07392237885,-20.81591771356616,4745.198429865499,5986.30906264964,472.6362694567516,7638.929089524882,1.0696701991008936e-12,1.0,0.9999999740696054,0.9999999479607102,6.666932511495928e-05,0.00012607557443531528,-0.00017854394123275333,1.0348947120337955e-07,-8.562503878369732e-07,2.103703826619417e-06,-2.790964237997907e-06,-4.898880046511864e-06,4.224513547971126e-06,2.7419022546454542e-06,4.876565552682778e-06,-4.193181414641553e-06
11340.0,6849862.225949601,13027.997771883696,110939.72465933856,-105.85839224139717,4745.330741329899,5985.299878635792,472.63593929120526,7638.925610386328,1.0696757327594947e-12,1.0,0.9999999740694933,0.999999950287406,6.714341623479012e-05,0.00012178062460502078,-0.00016800420876687377,8.59428737823074e-08,-8.613337666480766e-07,2.1121490161071624e-06,-2.7889254733335625e-06,-4.685869158143867e-06,3.836222767585295e-06,2.739728732440031e-06,4.665432409849106e-06,-3.8084041781359953e-06
11350.0,6848376.927032649,60479.49286296489,170784.52688926895,-190.88752460958582,4744.873379575502,5983.544849756956,472.63607012828254,7638.918143579549,1.0696735398933506e-12,1.0,0.9999999740692533,0.9999999524992624,6.75296022603606e-05,0.00011746140048074963,-0.00015742475207709066,6.83635159964835e-08,-8.65955859716878e-07,2.1195767899131832e-06,-2.7833309336717924e-06,-4.472313866451179e-06,3.44756722064032e-06,2.7340548585681526e-06,4.45381953220234e-06,-3.4233140010241466e-06
11360.0,6846041.813204123,107923.46534966854,230608.0544914571,-275.89263743276945,4743.827229215477,5981.045243511376,472.63785086968915,7638.908019669163,1.0696436946144413e-12,1.0,0.9999999740690685,0.9999999545939734,6.782785394227505e-05,0.0001131202341053763,-0.00014681070665602695,5.075448421024963e-08,-8.701208801100257e-07,2.1259899347052512e-06,-2.774183467748689e-06,-4.258320860303874e-06,3.0587291493329955e-06,2.724833256806759e-06,4.241746041544656e-06,-3.0380303960366055e-06
11370.0,6842856.709799164,155353.99520505633,290402.8152934771,-360.8629793599341,4742.192102227229,5977.800971628755,472.64081057012453,7638.894715906518,1.069594091789344e-12,1.0,0.9999999740688614,0.9999999565692249,6.803799192673708e-05,0.00010875941021206566,-0.00013616715557382194,3.3124175316899e-08,-8.738270229984117e-07,2.1313853373671614e-06,-2.7614858141931237e-06,-4.04400207171375e-06,2.6698947038105237e-06,2.712088147732632e-06,4.029358128035936e-06,-2.6527618610667863e-06
11380.0,6838822.07167687,202765.22171853486,350161.40088672825,-445.78791690867183,4739.96824921039,5973.812499380314,472.6450042579249,7638.8782977696965,1.0695238120060924e-12,1.0,0.9999999740686469,0.9999999584230171,6.815993879400722e-05,0.00010438121887635073,-0.00012549917314943375,1.5481283957885333e-08,-8.770725703447519e-07,2.1357607237977245e-06,-2.745245306875103e-06,-3.829469769110055e-06,2.2812489648941907e-06,2.695823221844825e-06,3.816761452952697e-06,-2.2676882438401137e-06
11390.0,6833938.417380209,250151.25782558645,409876.3704142395,-530.6567687370592,4737.155966500659,5969.080350821415,472.65044257627613,7638.858782025071,1.0694326809984349e-12,1.0,0.9999999740684262,0.9999999601535599,6.819365277212484e-05,9.998796534789585e-05,-0.00011481186477695032,-2.1661568933942652e-09,-8.798567785200449e-07,2.1391148156779457e-06,-2.7254698952858407e-06,-3.614835618195477e-06,1.8929770786111648e-06,2.676045686922828e-06,3.6040650995574807e-06,-1.8829917619272187e-06
11400.0,6828206.3865253655,297506.21140402416,469540.2783104148,-615.4588455399554,4733.7556361717725,5963.605158847592,472.6571492768256,7638.836200899651,1.0693203061447729e-12,1.0,0.9999999740682021,0.9999999617592932,6.813913275065748e-05,9.558196036910395e-05,-0.00010411034781085248,-1.98104501983036e-08,-8.821796422199882e-07,2.141447283784843e-06,-2.702168754271601e-06,-3.400210556758514e-06,1.5052636297600184e-06,2.652763845469831e-06,3.3913770224055557e-06,-1.4988537459023052e-06
11410.0,6821626.685814015,344824.21505506895,529145.7112340793,-700.1835045848663,4729.767688896148,5957.387617442943,472.66511096596065,7638.810545856028,1.069186918522058e-12,1.0,0.9999999740679743,0.9999999632388893,6.799641260365506e-05,9.11655052614771e-05,-9.339972050152488e-05,-3.744375960595126e-08,-8.840412620342715e-07,2.1427581832331273e-06,-2.675352613380866e-06,-3.185704910333637e-06,1.1182920998028146e-06,2.6259891849607256e-06,3.178807727758129e-06,-1.1154568297065355e-06
11420.0,6814200.14591219,392099.39100035315,588685.2444474847,-784.8200865271058,4725.19264299149,5950.428531964891,472.674329908506,7638.781826680165,1.069032488060584e-12,1.0,0.9999999740677427,0.9999999645912516,6.776556712990315e-05,8.674090656664482e-05,-8.268509345807734e-05,-5.505817401579451e-08,-8.854419555555534e-07,2.143048052143627e-06,-2.6450339346087094e-06,-2.9714289723418368e-06,7.322459174058505e-07,2.5957341704248527e-06,2.9664663227528233e-06,-7.32982469686216e-07
11430.0,6805927.703650232,439325.87096616224,648151.4667290931,-869.3579513302275,4720.031092278547,5942.728803279153,472.68480851589425,7638.7500540953015,1.0688569834981955e-12,1.0,0.9999999740675084,0.9999999658155189,6.744671076036955e-05,8.231046711504421e-05,-7.197156988681518e-05,-7.264577533633226e-08,-8.863822947183062e-07,2.142317960379963e-06,-2.611226772856614e-06,-2.757492513059995e-06,3.473076850641853e-07,2.5620128818923694e-06,2.754461566349542e-06,-3.516114950502244e-07
11440.0,6796810.401664359,486497.79304196715,707536.9763967333,-953.7864726250447,4714.283705786464,5934.289427465587,472.69654868414256,7638.71523902653,1.068660383474292e-12,1.0,0.9999999740672715,0.9999999669110632,6.70399974989233e-05,7.787648627148338e-05,-6.126424633795767e-05,-9.019863190590667e-08,-8.868630776237752e-07,2.1405694710722237e-06,-2.5739467822075456e-06,-2.544004831831868e-06,-3.634075095332372e-08,2.5248410369650447e-06,2.5429018834433527e-06,2.8475917081888405e-08
11450.0,6786849.388402515,533609.3024134218,766834.3822375649,-1038.0950391712947,4707.951227745839,5925.111495788532,472.70955194257016,7638.677392763163,1.0684426740383048e-12,1.0,0.9999999740670331,0.9999999678774919,6.654562103658611e-05,7.344125889313007e-05,-5.056821033823889e-05,-1.0770878080301165e-07,-8.868852915900429e-07,2.1378046088687554e-06,-2.533211241388373e-06,-2.3310747561571e-06,-4.1851835291285166e-07,2.484235976839556e-06,2.3318952994224895e-06,4.071003378762145e-07
11460.0,6776045.918063004,580654.5521035122,826036.3044474148,-1122.2730562860918,4701.034477538937,5915.19619461337,472.7238195497561,7638.636527067119,1.068203847041884e-12,1.0,0.9999999740667934,0.9999999687146449,6.596381490281097e-05,6.90070744158747e-05,-3.9888538126059895e-05,-1.251682389269075e-07,-8.864501096624272e-07,2.134025851345083e-06,-2.489039047033173e-06,-2.118810603245911e-06,-7.99044963938124e-07,2.4402166537774116e-06,2.1215493789130673e-06,7.840831796758638e-07
11470.0,6764401.350487685,627627.7037174364,885135.3755742015,-1206.3099472981294,4693.534349610566,5904.544805272896,472.73935255856344,7638.592654239382,1.067943899049107e-12,1.0,0.9999999740665525,0.9999999694225947,6.529485256494821e-05,6.457621595568758e-05,-2.923029241850201e-05,-1.425690056678178e-07,-8.855588799677612e-07,2.1292361200391186e-06,-2.44145071433329e-06,-1.9073201510696355e-06,-1.1777413789867889e-06,2.3928036190963384e-06,1.9119711670993677e-06,1.1592467867558957e-06
11480.0,6751917.151021216,674522.928188973,944124.2414627661,-1290.1951549960077,4685.451813355346,5893.158703903824,472.7561518616406,7638.545787167049,1.0676628305735233e-12,1.0,0.9999999740663115,0.9999999700016456,6.453904750069617e-05,6.0150959443113647e-05,-1.8598520206697045e-05,-1.5990307111256096e-07,-8.842131235914295e-07,2.1234387770605703e-06,-2.390468370187897e-06,-1.6967105998200482e-06,-1.5544294205910843e-06,2.3420190112160076e-06,1.7032671328003333e-06,1.5324145245066827e-06
11490.0,6738594.890343123,721334.4065271917,1002995.562199747,-1373.9181430741703,4676.787912984305,5881.039361257125,472.7742182242414,7638.49593935613,1.0673606455274354e-12,1.0,0.9999999740660701,0.9999999704523302,6.36967532249242e-05,5.573357275805225e-05,-7.998250557974883e-06,-1.7716242542514136e-07,-8.824145359969504e-07,2.1166376248308892e-06,-2.336115743061675e-06,-1.4870885285267764e-06,-1.9289320176669015e-06,2.287886543473602e-06,1.495543112814798e-06,1.903410867383152e-06
11500.0,6724436.24427687,768056.3305623322,1061742.0130570773,-1457.4683975746464,4667.543767373699,5868.18834248587,472.793552308335,7638.443124954517,1.0670373508168743e-12,1.0,0.9999999740658287,0.9999999707754087,6.276836326768643e-05,5.1326314850753206e-05,2.5655075872947356e-06,-1.9433906854345341e-07,-8.80164990729255e-07,2.108836907879292e-06,-2.278418150499e-06,-1.2785598479153716e-06,-2.3010732866826376e-06,2.230431491548133e-06,1.28890425726688e-06,2.272061485795953e-06
11510.0,6709443.452644691,814682.9588017637,1120356.361507935,-1540.8355186804126,4657.7208901855265,5854.60771085755,472.8146232688436,7638.387881911371,1.066685124456023e-12,1.0,0.9999999740656608,0.9999999709719372,6.175434486932128e-05,4.693141162877915e-05,1.3087802666534354e-05,-2.1143057198634074e-07,-8.774732850572504e-07,2.100046067285649e-06,-2.2173972797397292e-06,-1.0712196871629551e-06,-2.6706847883837233e-06,2.1696615055468828e-06,1.0834187646305503e-06,2.6382135946261005e-06
11520.0,6693617.481926273,861208.3999394212,1178831.1679202255,-1624.0088493330015,4647.31990996747,5840.298413696981,472.8364946893053,7638.329179167616,1.0663196404254147e-12,1.0,0.9999999740654212,0.9999999710429821,6.065506560357577e-05,4.255110055098714e-05,2.356363515092281e-05,-2.284217042972373e-07,-8.743332799990887e-07,2.0902640339143255e-06,-2.153085845777008e-06,-8.651834163865187e-07,-3.037585562502895e-06,2.1056433521187743e-06,8.792626778505704e-07,3.001654679482938e-06
11530.0,6676960.7820620565,907626.9346484247,1237159.23081011,-1706.9780529898417,4636.342487466343,5825.26269996986,472.8596355321407,7638.267556071515,1.0659330799560846e-12,1.0,0.9999999740651829,0.9999999709900353,5.9471096268195943e-05,3.81876120138361e-05,3.3988085468812075e-05,-2.453043782502308e-07,-8.707470773697651e-07,2.079496566003671e-06,-2.085516503045593e-06,-6.605554477657535e-07,-3.401604438007045e-06,2.0383876785221677e-06,6.765025431989853e-07,3.362235085259021e-06
11540.0,6659475.450436911,953932.8059727106,1295333.296260424,-1789.732720238487,4624.79004069661,5809.502512820947,472.8840495723747,7638.203033233124,1.0655254030380451e-12,1.0,0.9999999740649467,0.999999970814734,5.820299759918255e-05,3.3843168675887725e-05,4.435624202909204e-05,-2.62071311415499e-07,-8.667177564280618e-07,2.0677499861203337e-06,-2.014720397351659e-06,-4.574383274699583e-07,-3.7625712118579504e-06,1.9679257361865556e-06,4.7523997136034366e-07,3.7197862569589405e-06
11550.0,6641163.692801956,1000120.2722923987,1353346.1313083065,-1872.2624724036389,4612.6640644954405,5793.019892404552,472.9097451892551,7638.135637133804,1.0650964941723857e-12,1.0,0.999999974064714,0.9999999705189262,5.685136715887393e-05,2.9519976958509418e-05,5.466322654913084e-05,-2.787152361919461e-07,-8.622486684094157e-07,2.055031119090964e-06,-1.9407301308039263e-06,-2.5593345690752463e-07,-4.12031740579542e-06,1.8942900820645084e-06,2.7557526674274584e-07,4.074141436227764e-06
11560.0,6622027.810327543,1046183.6061287599,1411190.5222566659,-1954.5569595249453,4599.966121479329,5775.816964470862,472.9367223147005,7638.065385544587,1.0646463802631176e-12,1.0,0.9999999740644849,0.9999999701046647,5.5416838198865804e-05,2.5220226364126102e-05,6.490419531890779e-05,-2.9522880017567206e-07,-8.573432917064088e-07,2.0413471913050327e-06,-1.8635798327104084e-06,-5.6141251094567315e-08,-4.474676208203418e-06,1.8175150911368627e-06,7.760838428389007e-08,4.425135205058316e-06
11570.0,6602070.2075174395,1092117.095994161,1468859.277126513,-2036.6058639369614,4586.697847498539,5757.895947215211,472.9649808752453,7637.992296947379,1.064175089568596e-12,1.0,0.9999999740642601,0.999999969574203,5.390008091726891e-05,2.094608871950473e-05,7.507434176109762e-05,-3.116045823063828e-07,-8.520052198093875e-07,2.026705830758201e-06,-1.783305193088211e-06,1.4183887812042933e-07,-4.825482564738072e-06,1.737636595300845e-06,-1.1856177256334031e-07,4.772603926400245e-06
11580.0,6581293.391879687,1137915.0471233868,1526345.2265800345,-2118.398901664347,4572.860951376659,5739.25915092784,472.99452079075945,7637.916390528709,1.0636826517197217e-12,1.0,0.9999999740640388,0.9999999689299884,5.2301802713591546e-05,1.6699717570548727e-05,8.516889845645276e-05,-3.2783512744827806e-07,-8.462381733587066e-07,2.011115073794563e-06,-1.6999434313762293e-06,3.379085673146046e-07,-5.172573258305241e-06,1.6546918660224002e-06,-3.128374009420619e-07,5.116385823677186e-06
11590.0,6559699.973583356,1183571.7822023523,1583641.2248401525,-2199.9258238099865,4558.457214638886,5719.90897762946,473.0253419729555,7637.837686173061,1.0631690977414689e-12,1.0,0.9999999740638218,0.9999999681746596,5.062274828319545e-05,1.248324751546677e-05,9.518313920209865e-05,-3.4391297600670205e-07,-8.40046012601018e-07,1.9945833714589905e-06,-1.6135332646742165e-06,5.319705502707817e-07,-5.515786989821613e-06,1.56871959630116e-06,-5.051218471118347e-07,5.45632105937587e-06
11600.0,6537292.665101351,1229081.642093962,1640740.150606278,-2281.1764179355528,4543.48849122922,5699.8479206927905,473.0574443236934,7637.7562044558335,1.062634460077543e-12,1.0,0.9999999740636094,0.9999999673110372,4.8863699575711653e-05,8.298793476515191e-06,0.0001051123810996715,-3.598306887948517e-07,-8.334327494078855e-07,1.9771195950460084e-06,-1.5241148762317737e-06,7.239287091311376e-07,-5.854964459214159e-06,1.4797598819562577e-06,-6.953196543556256e-07,5.792251812669909e-06
11610.0,6514074.280839389,1274438.9865610336,1697634.9079661232,-2362.1405094342567,4527.956707216621,5679.078564450227,473.0908277331479,7637.67196663593,1.0620787726170812e-12,1.0,0.9999999740634014,0.999999966342119,4.702547564018647e-05,4.14844991407057e-06,0.00011495198666853513,-3.755808675632998e-07,-8.264025582643447e-07,1.9587330405650756e-06,-1.4317298846067434e-06,9.136881269419029e-07,-6.189948446190896e-06,1.3878542022390138e-06,-8.833366102556949e-07,6.12402235604462e-06
11620.0,6490047.736751197,1319638.1949862193,1754318.4273035245,-2442.8079628956343,4511.863860490291,5657.603583787767,473.12549207783115,7637.584994648037,1.0615020707234807e-12,1.0,0.9999999740631976,0.9999999652710724,4.5108932377367834e-05,3.428998920848181e-08,0.0001246973659782128,-3.9115617171075604e-07,-8.189597858434077e-07,1.939433431953837e-06,-1.336421313690122e-06,1.101155140771889e-06,-6.520583890394168e-06,1.2930453997815583e-06,-1.0690797933160235e-06,6.451479130887345e-06
11630.0,6465216.524601318,1364673.767701873,1810783.8000532254,-2523.168855980676,4495.212353238931,5635.426162313198,473.161940548921,7637.495872822897,1.0608960245049942e-12,1.0,0.9999999740630665,0.9999999641012857,4.311499418746505e-05,-4.041675109223165e-06,0.0001343440480955324,-4.065549856187657e-07,-8.11115903770694e-07,1.9192347900691327e-06,-1.2382281661604526e-06,1.2862485239806435e-06,-6.846724465068865e-06,1.1953581211005026e-06,-1.2524958861320846e-06,6.774488482089511e-06
11640.0,6439582.8112415625,1409539.9275918715,1867023.748398399,-2603.2127789175543,4478.003662972031,5612.54832093553,473.19916657342856,7637.403500715855,1.0602774066937704e-12,1.0,0.9999999740628724,0.9999999628361286,4.104448689911016e-05,-8.07738676061897e-06,0.00014388743230476952,-4.2176267891659385e-07,-8.028670203382222e-07,1.8981425597958895e-06,-1.1372007657231552e-06,1.4688645278909721e-06,-7.168210359217191e-06,1.0948770543270907e-06,-1.43341808259499e-06,7.092865734475561e-06
11650.0,6413150.291269918,1454231.2144844031,1923031.416698632,-2682.9299063267563,4460.240331455197,5588.973418958624,473.2376732466882,7637.308464009301,1.0596378867549822e-12,1.0,0.9999999740626837,0.9999999614792944,3.889843134252077e-05,-1.2070853152164163e-05,0.0001533231375049246,-4.367720100071409e-07,-7.942176347247403e-07,1.876167979167244e-06,-1.0333887589377972e-06,1.6489134132399063e-06,-7.484895544070959e-06,9.91629359227808e-07,-1.6117959519491625e-06,7.406482299203894e-06
11660.0,6385922.282711867,1498742.093377432,1978799.8495163212,-2762.3102730593305,4441.924640597938,5564.704489153416,473.2774603682477,7637.210787257637,1.058977506279202e-12,1.0,0.9999999740624994,0.999999960034558,3.6677835253554785e-05,-1.6020086165193015e-05,0.00016264678072422647,-4.5157654327835676e-07,-7.851732579601858e-07,1.853322693759627e-06,-9.268401582033628e-07,1.8263071669878316e-06,-7.796634422587091e-06,8.85663118427721e-07,-1.7875421890990542e-06,7.715194027523343e-06
11670.0,6357902.203013846,1543067.052439413,2034322.1221840754,-2841.3439598578802,4423.058942446832,5539.744652613152,473.31852771233395,7637.110495647929,1.0582963085004094e-12,1.0,0.9999999740623207,0.9999999585058287,3.438373859278958e-05,-1.99231256449961e-05,0.0001718540382472692,-4.661698278153502e-07,-7.757395635096067e-07,1.8296187582859199e-06,-8.176042835821171e-07,2.0009593372880367e-06,-8.103283959551794e-06,7.770276680555061e-07,-1.9605710023477006e-06,8.018859300679916e-06
11680.0,6329093.568577867,1587200.603708947,2089591.3416856662,-2920.0210946682196,4403.645658817726,5514.097118267928,473.3608750252463,7637.007614990459,1.057594338333207e-12,1.0,0.9999999740621469,0.9999999568971387,3.201721357301266e-05,-2.3778040187900593e-05,0.00018094064763930586,-4.805454170952533e-07,-7.659223780074786e-07,1.805068628179e-06,-7.057317403235298e-07,2.1727850587199814e-06,-8.40470374565151e-06,6.657735739000988e-07,-2.13079815568009e-06,8.317339098602225e-06
11690.0,6299499.994283141,1631137.283790556,2144600.647531873,-2998.3318539411116,4383.6872809179395,5487.7651823866245,473.40450202266874,7636.90217170906,1.056871642410957e-12,1.0,0.9999999740619782,0.9999999552126365,2.9579364588116973e-05,-2.758292789136288e-05,0.00018990240973148294,-4.946968885585365e-07,-7.55727675583434e-07,1.7796851523432597e-06,-5.912743925816508e-07,2.34170108059027e-06,-8.700756061333879e-06,5.519526069687827e-07,-2.2981410102505633e-06,8.610497067318743e-06
11700.0,6269125.192994573,1674871.6545468357,2199343.212631543,-3076.2664639244545,4363.186368958359,5460.752228066157,473.44940838690195,7636.794192831164,1.0561282691248056e-12,1.0,0.9999999740618146,0.9999999534565777,2.7071328046472953e-05,-3.1335917082837104e-05,0.00019873519057217118,-5.086178621372061e-07,-7.451615749060723e-07,1.753481566777649e-06,-4.742853345472932e-07,2.5076257978910903e-06,-8.991305940365619e-06,4.356177184571199e-07,-2.462518565055068e-06,8.898199585075684e-06
11710.0,6237972.9750584755,1718398.3037865234,2253812.2441572845,-3153.8152019450963,4342.145551755764,5433.061724708455,473.4955937640285,7636.683705977639,1.0553642686633515e-12,1.0,0.9999999740616565,0.9999999516333159,2.449427211550099e-05,-3.5035167038994174e-05,0.00020743492334798444,-5.223020171961555e-07,-7.342303381702991e-07,1.726471488800704e-06,-3.548188599206222e-07,2.670479284426897e-06,-9.276221232933447e-06,3.168230141427199e-07,-2.623851496767631e-06,9.180315827120426e-06
11720.0,6206047.247785475,1761711.845948561,2308000.98440589,-3230.9683976803485,4320.56752632544,5404.697227485207,473.5430577609949,7636.570739352404,1.0545796930531984e-12,1.0,0.9999999740615034,0.9999999497472932,2.1849396386114755e-05,-3.867886870333996e-05,0.00021599761027693895,-5.357431076259005e-07,-7.229403713733121e-07,1.6986689116460684e-06,-2.329304303885959e-07,2.8301833276113196e-06,-9.555372668133419e-06,1.956237282148764e-07,-2.7820621987209524e-06,9.456717829119058e-06
11730.0,6173352.014920755,1804806.9227820504,2361902.711653369,-3307.716434418988,4298.455057464158,5375.662376790557,473.59179994266105,7636.455321731815,1.0537745961995396e-12,1.0,0.9999999740613559,0.9999999478030326,1.9137931466514417e-05,-4.226524540726239e-05,0.00022441932447508944,-5.48934975017376e-07,-7.112982253329071e-07,1.6700881992301829e-06,-1.08676643572258e-07,2.9866614644381165e-06,-9.828633915688747e-06,7.207619655030759e-08,-2.9370748190156668e-06,9.727280549178158e-06
11740.0,6139891.379793544,1847678.2004473107,2415510.736534482,-3384.049743878808,4275.810979890604,5345.960901025323,473.64182059722117,7636.337483381071,1.052949021249462e-12,1.0,0.9999999740612165,0.9999999458051302,1.6361139422174545e-05,-4.579255252752413e-05,0.0002326962092691628,-5.618715610895836e-07,-6.99310611853937e-07,1.6407440903905193e-06,1.7884764856375663e-08,3.1398389874183175e-06,-1.0095881566215237e-05,-5.3762187169520944e-08,-3.0888153412476085e-06,9.991881926444529e-06
11750.0,6105669.533748973,1890320.3810013735,2468818.4164113705,-3459.958826883616,4252.638190159932,5315.5966060587125,473.6931183984075,7636.217253226855,1.0521030391722089e-12,1.0,0.9999999740610822,0.9999999437582361,1.3520310496252691e-05,-4.9259081579574094e-05,0.00024082448777633115,-5.745469286427703e-07,-6.869843751294124e-07,1.6106516844450626e-06,1.4669507495782884e-07,3.289643099843788e-06,-1.035699545841345e-05,-1.8183294765382098e-07,-3.237211488469959e-06,1.0250402945676354e-05
11760.0,6070690.766530217,1932728.1921612544,2521819.1425723857,-3535.434235015825,4228.9396538158835,5284.573384548515,473.74569276807364,7636.094661698274,1.0512367097306445e-12,1.0,0.999999974060953,0.999999941667056,1.0616765286386323e-05,-5.266315750371046e-05,0.0002488004568215722,-5.869552372181685e-07,-6.743265018842879e-07,1.5798264183332662e-06,2.776944705250962e-07,3.4360028037560658e-06,-1.0611858440508447e-05,-3.1207660973859596e-07,-3.3821928928555478e-06,1.0502727690112761e-05
11770.0,6034959.46207135,1974896.3916306442,2574506.3456484745,-3610.466578403487,4204.718402422362,5252.895212068661,473.7995430733906,7635.969739752228,1.0503500947361557e-12,1.0,0.9999999740608289,0.9999999395363378,7.651853283253174e-06,-5.600314054481223e-05,0.0002566204912958589,-5.990907716628292e-07,-6.613441292478342e-07,1.5482840790871493e-06,4.108221285962781e-07,3.578848997306447e-06,-1.0860356536880192e-05,-4.444327087401006e-07,-3.5236910846673244e-06,1.0748743398941443e-05
11780.0,5998480.097905764,2016819.7677579643,2626873.4964395277,-3685.0465269258443,4179.977533100386,5220.566146504173,473.85466862360295,7635.842518861796,1.0494432580911866e-12,1.0,0.99999997406071,0.9999999373708618,4.6269522304817666e-06,-5.9277427004132785e-05,0.00026428104589134633,-6.10947947460749e-07,-6.480445446912926e-07,1.5160407975884059e-06,5.460162523754884e-07,3.718114511779044e-06,-1.110237900496519e-05,-5.788398197538839e-07,-3.6616395257308365e-06,1.0988340521891131e-05
11790.0,5961257.2445626985,2058493.1401896144,2678914.1067344556,-3759.1648114069385,4154.720208056327,5187.590327435189,473.91106866675614,7635.713031004432,1.0485162658316011e-12,1.0,0.9999999740605962,0.9999999351754308,1.5434674601806675e-06,-6.248444998921933e-05,0.0002717786568043268,-6.225213151940665e-07,-6.344351853481197e-07,1.4831130419367255e-06,6.832141031665681e-07,3.853734146685203e-06,-1.1337818389624086e-05,-7.152355874297407e-07,-3.795973641930145e-06,1.1221412772253613e-05
11800.0,5923295.564952012,2099911.360518305,2730621.730124858,-3832.812224797096,4128.949654101599,5153.971975510297,473.96874238635695,7635.581308650003,1.0475691861694833e-12,1.0,0.999999974060487,0.9999999329548613,-1.597168792045923e-06,-6.562268015887985e-05,0.00027910994340404427,-6.338055643181603e-07,-6.205236367215389e-07,1.449517610437771e-06,8.223520323021758e-07,3.985644703794049e-06,-1.1566570575881463e-05,-8.535567562073175e-07,-3.926630854708274e-06,1.1447857178307791e-05
11810.0,5884599.81373694,2141069.312926846,2781989.962812752,-3905.979623342923,4102.669162163679,5119.715391808986,474.0276888980102,7635.447384748637,1.0466020895356275e-12,1.0,0.999999974060383,0.9999999307139738,-4.793498089593347e-06,-6.869062646023427e-05,0.00028627160986556956,-6.447955264038611e-07,-6.063176308082355e-07,1.4152716242232955e-06,9.63365513132905e-07,4.113785019996046e-06,-1.178853483998595e-05,-9.93739201001362e-07,-4.053550611561367e-06,1.1667574133123298e-05
11820.0,5845174.836695384,2181961.9148267834,2833012.4444115884,-3978.6579277447095,4075.8820867888826,5084.82495719381,474.0879072459955,7635.311292718416,1.0456150486223104e-12,1.0,0.999999974060284,0.9999999284575823,-8.044036512485993e-06,-7.16868368549947e-05,0.00029326044676485904,-6.55486177972298e-07,-5.918250436829894e-07,1.3803925195233078e-06,1.1061891731322406e-06,4.238095998922715e-06,-1.2003613898744443e-05,-1.135717958319382e-06,-4.176674415506918e-06,1.1880467442714647e-05
11830.0,5805025.570069738,2222584.117492003,2883682.858740723,-4050.8381243014637,4048.5918456369354,5049.3051316523115,474.149396399837,7635.173066432905,1.0446081384254377e-12,1.0,0.9999999740601896,0.9999999261904859,-1.1347275388377968e-05,-7.460989903243785e-05,0.0003000733326343366,-6.658726430231649e-07,-5.770538926005951e-07,1.3448980396127246e-06,1.2507568261676207e-06,4.358520641276605e-06,-1.2211713957093321e-05,-1.2794272577996688e-06,-4.295945853516036e-06,1.208644437252342e-05
11840.0,5764157.039905078,2262930.9066874445,2933994.934613516,-4122.511266043822,4020.8019189673682,5013.160453628664,474.2121552507961,7635.032740208536,1.043581436287197e-12,1.0,0.9999999740600999,0.9999999239174584,-1.4701682035625119e-05,-7.745844110682342e-05,0.00030670723547749734,-6.759501953374507e-07,-5.620123326772068e-07,1.3088062264612137e-06,1.3970015049829626e-06,4.475004073846873e-06,-1.2412744753883932e-05,-1.4248005541533358e-06,-4.411310623891064e-06,1.2285415692204415e-05
11850.0,5722574.361376385,2302997.3032923825,2983942.4466183623,-4193.668473853855,3992.515849118135,4976.395539345652,474.27618260838,7634.890348791823,1.0425350219376787e-12,1.0,0.9999999740600145,0.9999999216432396,-1.8105700517416532e-05,-8.023113229727956e-05,0.00031315921424101813,-6.857142606140423e-07,-5.467086532131296e-07,1.2721354121107288e-06,1.5448554939242534e-06,4.5874935771996165e-06,-1.2606619605852094e-05,-1.5717705594968898e-06,-4.522716562579933e-06,1.2477295718691707e-05
11860.0,5680282.738104369,2342778.3639186732,3033519.2158931773,-4264.300937572487,3963.7372399763226,4939.015082116756,474.34147719677816,7634.745927346469,1.0414689775368684e-12,1.0,0.9999999740599338,0.9999999193725261,-2.155775240629543e-05,-8.292668358855e-05,0.0003194264202431698,-6.95160418485392e-07,-5.311512737170381e-07,1.2349042098077492e-06,1.6942503619348233e-06,4.695938612045989e-06,-1.2793255449757555e-05,-1.7202692760588574e-06,-4.630113668409177e-06,1.2662002357522945e-05
11870.0,5637287.461460496,2382269.1815234846,3082719.1108927224,-4334.3999170936895,3934.4697564413555,4901.023851648871,474.40803765130414,7634.5995114403095,1.0403833877157443e-12,1.0,0.999999974059857,0.9999999171099613,-2.5056237558513414e-05,-8.55438483712212e-05,0.0003255060985572976,-7.042844044438657e-07,-5.153487396872884e-07,1.197131504915384e-06,1.8451169958368904e-06,4.800290844297636e-06,-1.2972572882674615e-05,-1.8702280292461213e-06,-4.7334541272270216e-06,1.283945714239946e-05
11880.0,5593593.909860976,2421464.886016759,3131536.048149079,-4403.956743445878,3904.7171238806313,4862.426693335589,474.47586251478737,7634.4511370321525,1.0392783396173417e-12,1.0,0.9999999740597847,0.9999999148601278,-2.85995348978541e-05,-8.80814230603627e-05,0.0003313955893493795,-7.130821116992034e-07,-4.993097181985371e-07,1.1588364456272743e-06,1.9973856339088316e-06,4.900504168822697e-06,-1.3144496200421982e-05,-2.021577501053648e-06,-4.832692334941103e-06,1.300958527296158e-05
11890.0,5549207.548050071,2460360.6448631366,3179963.9930249443,-4472.962819860059,3874.4831275778715,4823.228527541379,474.54495023396515,7634.300840458479,1.0381539229369583e-12,1.0,0.9999999740597162,0.999999912627537,-3.218600320860709e-05,-9.05382476917095e-05,0.00033709232916869457,-7.215495929821926e-07,-4.830429933391147e-07,1.1200384335052433e-06,2.150985899764123e-06,4.99653473192202e-06,-1.330895343411959e-05,-2.174247763802613e-06,-4.927784919442088e-06,1.3172315650758935e-05
11900.0,5504133.926372759,2498951.6636783443,3227996.960459735,-4541.409622824721,3843.771612174273,4783.434348876821,474.61529915584066,7634.148658420034,1.0370102299620428e-12,1.0,0.9999999740596516,0.9999999104166215,-3.5813981937442e-05,-9.291320649473111e-05,0.00034259385219077566,-7.296830622994496e-07,-4.6655746153221427e-07,1.08075711385775e-06,2.3058468365275496e-06,5.0883409525390225e-06,-1.3465876384860433e-05,-2.328168314189966e-06,-5.018690761399336e-06,1.3327580913395813e-05
11910.0,5458378.680037015,2537233.186819876,3275629.0157082984,-4609.288703127218,3812.586481102708,4743.049225465176,474.68690752402784,7633.994627968317,1.0358473556113832e-12,1.0,0.9999999740595906,0.9999999082317265,-3.948179200394432e-05,-9.520522844208431e-05,0.0003478977914118801,-7.374788966439087e-07,-4.4986212677306883e-07,1.0410123659758691e-06,2.4618969413049546e-06,5.175883542222201e-06,-1.3615200656487876e-05,-2.4832681076334443e-06,-5.105371013919307e-06,1.3475317466833016e-05
11920.0,5411947.528365575,2575200.4979721303,3322854.2750724405,-4676.591686881927,3780.931696014931,4702.078298200234,474.7597734750947,7633.838786491963,1.034665397473426e-12,1.0,0.9999999740595333,0.9999999060771011,-4.318773661960954e-05,-9.741328777510035e-05,0.00035300187979433084,-7.449336376597523e-07,-4.329660958040449e-07,1.0008242932399042e-06,2.619064199936654e-06,5.259125523853301e-06,-1.3756865686468705e-05,-2.6394755928966672e-06,-5.187789121057293e-06,1.361546551582912e-05
11930.0,5364846.274037666,2612848.9207256236,3369666.906624775,-4743.310276544537,3748.8112762021874,4660.526779995974,474.8338950348729,7633.681171703029,1.0334644558441943e-12,1.0,0.9999999740594795,0.9999999039568909,-4.69301021150343e-05,-9.953640450502625e-05,0.0003579039513620686,-7.520439932594542e-07,-4.158785732460757e-07,9.60213213108239e-07,2.7772761220216655e-06,5.338032249152553e-06,-1.3890814774849742e-05,-2.79671874697549e-06,-5.2659108351700904e-06,1.3747969092502752e-05
11940.0,5317080.802320441,2650173.819150564,3416061.130925271,-4809.436251912999,3716.2292980090974,4618.399955027858,474.90927011478135,7633.521821623192,1.0322446337640435e-12,1.0,0.9999999740594286,0.9999999018751293,-5.070715877508979e-05,-0.00010157364488985712,0.00036260194224589756,-7.588068391895305e-07,-3.9860885669965374e-07,9.191996469980311e-07,2.936459776199771e-06,5.4125714149712e-06,-1.4016995111290742e-05,-2.9549251102314735e-06,-5.339704233104012e-06,1.3872776083001183e-05
11950.0,5268657.080290746,2687170.5983642973,3462031.2217298816,-4874.961471114315,3683.1898942413054,4575.703177966376,474.98589650812,7633.360774569869,1.031006037053923e-12,1.0,0.9999999740593806,0.999999899835731,-5.451716168176999e-05,-0.00010352412188660876,0.00036709389167785046,-7.65219220540435e-07,-3.811663318247256e-07,8.778043100661919e-07,3.0965418256737706e-06,5.482713078376453e-06,-1.4135357800160381e-05,-3.114021821752448e-06,-5.409139731205935e-06,1.3989838252258384e-05
11960.0,5219581.156046817,2723834.705093037,3507571.506691752,-4939.877871577885,3649.6972535666737,4532.441873202583,475.06377188638504,7633.19806914226,1.029748774350325e-12,1.0,0.9999999740593354,0.9999998978424843,-5.835835156446954e-05,-0.00010538699557896734,0.0003713779429342499,-7.712783531963793e-07,-3.6356046740556335e-07,8.360481008966646e-07,3.257448563957294e-06,5.548429670534227e-06,-1.4245857883687555e-05,-3.2739356549262137e-06,-5.474190099153268e-06,1.409911126682976e-05
11970.0,5169859.157910562,2760161.628227351,3552676.3680543914,-5004.177470994576,3615.755619910532,4488.621534066246,475.142893795562,7633.033744207311,1.0284729571395861e-12,1.0,0.9999999740592926,0.999999895899044,-6.222895565733574e-05,-0.00010716147358022756,0.00037545234422695767,-7.76981625220467e-07,-3.458008104043855e-07,7.939520911006307e-07,3.4191059508278703e-06,5.609696009390684e-06,-1.4348454363155909e-05,-3.434593053206965e-06,-5.534830472591679e-06,1.4200554715788416e-05
11980.0,5119497.293620063,2796146.8993717856,3597340.243337231,-5067.852368262155,3581.3692918447787,4444.247722036382,475.22325965242646,7632.867838885636,1.0271786997910645e-12,1.0,0.9999999740592526,0.9999998940089254,-6.612718856340115e-05,-0.00010884681141148673,0.00037931544954243824,-7.823265981704681e-07,-3.27896981004284e-07,7.515375148335075e-07,3.581439648468684e-06,5.666489311151499e-06,-1.4443110218132534e-05,-3.5959201660593968e-06,-5.591038364576088e-06,1.429413212967177e-05
11990.0,5068501.849512968,2831786.093388152,3641557.6260130187,-5130.894744416345,3546.5426219713404,4399.326065944801,475.30486674086285,7632.70039253736,1.025866119589007e-12,1.0,0.9999999740592145,0.9999998921754966,-7.005125312510249e-05,-0.00011044231285502862,0.0003829657194281854,-7.873110083425384e-07,-3.0985866764402216e-07,7.088257582341882e-07,3.744375057779277e-06,5.718789200559263e-06,-1.4529792423720316e-05,-3.7578428850613373e-06,-5.642793675808351e-06,1.4379810997465634e-05
