0.10000000000000001,0.17453289999999999,7.9213034365515888e-06,0.17452497869656344,0.00014425248871547563,0.17192843389968487,0.17192843389968487,0
0.20000000000000001,0.17453289999999999,3.0292188285828993e-05,0.17450260781171417,0.00028632409884365458,0.16934877403252838,0.16934877403252838,0
0.30000000000000004,0.17453289999999999,6.675875459350907e-05,0.17446614124540649,0.00042625613518149108,0.16679353081213966,0.16679353081213966,0
0.40000000000000002,0.17453289999999999,0.00011710794799187048,0.17441579205200813,0.00056406889517770934,0.16426255193880937,0.16426255193880937,0
0.5,0.17453289999999999,0.00018112876509054977,0.17435177123490944,0.00069978254541481501,0.16175568541744278,0.16175568541744278,0
0.59999999999999998,0.17453289999999999,0.00025861222512188394,0.17427428777487811,0.00083341712412354774,0.15927277954065425,0.15927277954065425,0
0.70000000000000007,0.17453289999999999,0.00035021156072532149,0.17418268843927467,0.00096485777303254266,0.15681524852468892,0.15681524852468892,0
0.80000000000000004,0.17453289999999999,0.00045482559658246362,0.17407807440341752,0.0010942630919217526,0.15438133874882598,0.15438133874882598,0
0.90000000000000002,0.17453289999999999,0.00057225209759450082,0.17396064790240548,0.0012216526786556128,0.15197089968660446,0.15197089968660446,0
1,0.17453289999999999,0.00070229077928001752,0.17383060922071997,0.0013470460059073527,0.14958378111438761,0.14958378111438761,0
1.1000000000000001,0.17453289999999999,0.00084474329558162787,0.17368815670441837,0.0014704624213668362,0.14721983311981532,0.14721983311981532,0
1.2000000000000002,0.17453289999999999,0.00099941322658247934,0.17353348677341751,0.0015919211479719537,0.14487890610992235,0.14487890610992235,0
1.3000000000000003,0.17453289999999999,0.0011661060661808801,0.17336679393381912,0.0017114412841563785,0.14256085081900433,0.14256085081900433,0
1.4000000000000001,0.17453289999999999,0.0013446292097496436,0.17318827079025034,0.0018290418041097239,0.14026551831627532,0.14026551831627532,0
1.5000000000000002,0.17453289999999999,0.001534791941795754,0.17299810805820423,0.0019447415580477652,0.13799276001334446,0.13799276001334446,0
1.6000000000000001,0.17453289999999999,0.001736405423630006,0.17279649457636997,0.0020585592724912628,0.13574242767152725,0.13574242767152725,0
1.7000000000000002,0.17453289999999999,0.0019492826810529199,0.17258361731894706,0.0021705135505524368,0.13351437340900318,0.13351437340900318,0
1.8000000000000003,0.17453289999999999,0.0021732385920612478,0.17235966140793874,0.0022806228722284101,0.13130844970782735,0.13130844970782735,0
1.9000000000000001,0.17453289999999999,0.0024080898745780835,0.17212481012542191,0.0023889055947011514,0.12912450942080117,0.12912450942080117,0
2,0.17453289999999999,0.0026536550742088738,0.17187924492579112,0.0024953799526435372,0.12696240577820744,0.12696240577820744,0
2.1000000000000001,0.17453289999999999,0.0029097545520250052,0.171623145447975,0.0026000640585312463,0.12482199239441256,0.12482199239441256,0
2.2000000000000002,0.17453289999999999,0.0031762104723764557,0.17135668952762353,0.0027029759029602337,0.12270312327433933,0.12270312327433933,0
2.3000000000000003,0.17453289999999999,0.0034528467907345372,0.17108005320926545,0.002804133354969587,0.12060565281981288,0.12060565281981288,0
2.4000000000000004,0.17453289999999999,0.0037394892415657873,0.17079341075843421,0.0029035541623695683,0.11852943583578199,0.11852943583578199,0
2.5000000000000004,0.17453289999999999,0.0040359653262377849,0.1704969346737622,0.0030012559520746765,0.11647432753641802,0.11647432753641802,0
2.6000000000000001,0.17453289999999999,0.0043421043009576601,0.17019079569904233,0.0030972562304415817,0.11444018355109387,0.11444018355109387,0
2.7000000000000002,0.17453289999999999,0.004657737164743974,0.16987516283525603,0.0031915723836117727,0.11242685993024412,0.11242685993024412,0
2.8000000000000003,0.17453289999999999,0.0049826966474325347,0.16955020335256746,0.0032842216778587855,0.11043421315110932,0.11043421315110932,0
2.9000000000000004,0.17453289999999999,0.0053168171977167784,0.1692160828022832,0.0033752212599398737,0.10846210012336548,0.10846210012336548,0
3.0000000000000004,0.17453289999999999,0.0056599349712231906,0.1688729650287768,0.0034645881574519913,0.10651037819464096,0.10651037819464096,0
3.1000000000000001,0.17453289999999999,0.006011887818622279,0.16852101218137772,0.003552339279191952,0.10457890515592258,0.10457890515592258,0
3.2000000000000002,0.17453289999999999,0.0063725152737755609,0.16816038472622444,0.003638491415520648,0.10266753924685278,0.10266753924685278,0
3.3000000000000003,0.17453289999999999,0.0067416585419189969,0.167791241458081,0.0037230612387311878,0.10077613916091961,0.10077613916091961,0
3.4000000000000004,0.17453289999999999,0.0071191604878833191,0.16741373951211666,0.0038060653034208388,0.098904564050541557,0.098904564050541557,0
3.5000000000000004,0.17453289999999999,0.0075048656243515977,0.16702803437564839,0.0038875200468666354,0.097052673532048953,0.097052673532048953,0
3.6000000000000001,0.17453289999999999,0.0078986201001544753,0.16663427989984553,0.0039674417894045412,0.09522032769056378,0.09522032769056378,0
3.7000000000000002,0.17453289999999999,0.0083002716886034032,0.1662326283113966,0.0040458467348120208,0.093407387084780219,0.093407387084780219,0
3.8000000000000003,0.17453289999999999,0.0087096697758621919,0.16582323022413781,0.0041227509706939095,0.091613712751647439,0.091613712751647439,0
3.9000000000000004,0.17453289999999999,0.0091266653493572766,0.16540623465064272,0.0041981704688714245,0.089839166210957083,0.089839166210957083,0
4,0.17453289999999999,0.0095511109862269124,0.16498178901377308,0.0042721210857742213,0.088083609469837093,0.088083609469837093,0
4.0999999999999996,0.17453289999999999,0.0099828608418096459,0.16455003915819033,0.0043446185628353267,0.086346905027154447,0.086346905027154447,0
4.2000000000000002,0.17453289999999999,0.010421770638172319,0.16411112936182767,0.004415678526888827,0.084628915877828781,0.084628915877828781,0
4.2999999999999998,0.17453289999999999,0.010867697652677828,0.16366520234732215,0.0044853164905701648,0.082929505517059188,0.082929505517059188,0
4.3999999999999995,0.17453289999999999,0.011320500706592913,0.16321239929340708,0.0045535478527189066,0.081248537944466764,0.081248537944466764,0
4.5,0.17453289999999999,0.011780040153736198,0.16275285984626378,0.0046203878987838226,0.079585877668154975,0.079585877668154975,0
4.5999999999999996,0.17453289999999999,0.012246177869166548,0.16228672213083345,0.0046858518012301235,0.077941389708691231,0.077941389708691231,0
4.7000000000000002,0.17453289999999999,0.012718777237912175,0.16181412276208781,0.0047499546199487128,0.076314939603010987,0.076314939603010987,0
4.7999999999999998,0.17453289999999999,0.013197703143740294,0.16133519685625969,0.0048127113026672531,0.074706393408249139,0.074706393408249139,0
4.9000000000000004,0.17453289999999999,0.013682821957967812,0.16085007804203219,0.0048741366853629125,0.073115617705499764,0.073115617705499764,0
5,0.17453289999999999,0.014174001528312868,0.16035889847168713,0.0049342454926765778,0.071542479603508735,0.071542479603508735,0
5.0999999999999996,0.17453289999999999,0.014671111167787453,0.15986178883221253,0.0049930523383283605,0.069986846742302031,0.069986846742302031,0
5.2000000000000002,0.17453289999999999,0.01517402164363112,0.15935887835636886,0.0050505717255341937,0.068448587296753377,0.068448587296753377,0
5.2999999999999998,0.17453289999999999,0.015682605166285758,0.15885029483371424,0.0051068180474232901,0.066927569980095025,0.066927569980095025,0
5.4000000000000004,0.17453289999999999,0.016196735378411462,0.15833616462158853,0.0051618055874562696,0.065423664047375679,0.065423664047375679,0
5.5,0.17453289999999999,0.016716287343943422,0.15781661265605657,0.005215548519843672,0.063936739298870476,0.063936739298870476,0
5.5999999999999996,0.17453289999999999,0.017241137537189716,0.15729176246281026,0.0052680609099646459,0.062466666083446643,0.062466666083446643,0
5.7000000000000002,0.17453289999999999,0.017771163831969864,0.15676173616803013,0.0053193567147854937,0.061013315301891247,0.061013315301891247,0
5.7999999999999998,0.17453289999999999,0.018306245490793991,0.156226654509206,0.0053694497832778125,0.059576558410205371,0.059576558410205371,0
5.9000000000000004,0.17453289999999999,0.018846263154082343,0.15568663684591766,0.0054183538568358938,0.058156267422871569,0.058156267422871569,0
6,0.17453289999999999,0.01939109882942474,0.15514180117057524,0.0054660825696930451,0.05675231491610043,0.05675231491610043,0
6.0999999999999996,0.17453289999999999,0.019940635880879787,0.15459226411912019,0.0055126494493364583,0.055364574031063943,0.055364574031063943,0
6.2000000000000002,0.17453289999999999,0.020494759018313262,0.15403814098168672,0.0055580679169202115,0.053992918477122911,0.053992918477122911,0
6.2999999999999998,0.17453289999999999,0.021053354286775069,0.15347954571322492,0.0056023512876759683,0.052637222535057482,0.052637222535057482,0
6.4000000000000004,0.17453289999999999,0.021616309055914374,0.15291659094408561,0.0056455127713209013,0.051297361060309382,0.051297361060309382,0
6.5,0.17453289999999999,0.022183512009431926,0.15234938799056807,0.0056875654724622702,0.049973209486247214,0.049973209486247214,0
6.5999999999999996,0.17453289999999999,0.022754853134568879,0.15177804686543112,0.0057285223909981069,0.048664643827465187,0.048664643827465187,0
6.7000000000000002,0.17453289999999999,0.023330223711630994,0.151202676288369,0.0057683964225133518,0.047371540683128668,0.047371540683128668,0
6.7999999999999998,0.17453289999999999,0.023909380898516738,0.15062351910148325,0.0058072380021386453,0.046093235062987639,0.046093235062987639,0
6.9000000000000004,0.17453289999999999,0.024492373812440928,0.15004052618755906,0.005845017777432562,0.04483020619377294,0.04483020619377294,0
7,0.17453289999999999,0.025079096344307661,0.14945380365569233,0.0058817484775265149,0.043582331060215057,0.043582331060215057,0
7.0999999999999996,0.17453289999999999,0.025669443656779114,0.14886345634322087,0.0059174427289698257,0.042349487221764015,0.042349487221764015,0
7.2000000000000002,0.17453289999999999,0.026263312174058674,0.14826958782594132,0.0059521130561856353,0.041131552814599889,0.041131552814599889,0
7.2999999999999998,0.17453289999999999,0.0268605995717274,0.14767230042827259,0.0059857718819237155,0.039928406553645712,0.039928406553645712,0
7.4000000000000004,0.17453289999999999,0.027461204766632274,0.14707169523336772,0.0060184315277102586,0.038739927734583068,0.038739927734583068,0
7.5,0.17453289999999999,0.028065027906829038,0.14646787209317094,0.0060501042142927239,0.037565996235901913,0.037565996235901913,0
7.5999999999999996,0.17453289999999999,0.028671970361577509,0.14586092963842248,0.0060808020620796736,0.036406492520988362,0.036406492520988362,0
7.7000000000000002,0.17453289999999999,0.02928193471139318,0.14525096528860681,0.0061105370915733133,0.035261297640287181,0.035261297640287181,0
7.7999999999999998,0.17453289999999999,0.029894824738152873,0.14463807526184713,0.0061393212237939396,0.034130293233556222,0.034130293233556222,0
7.9000000000000004,0.17453289999999999,0.030510545415254969,0.14402235458474502,0.006167166280694511,0.033013361532243823,0.033013361532243823,0
8,0.17453289999999999,0.031129002897837484,0.1434038971021625,0.0061940839855623899,0.031910385362039481,0.031910385362039481,0
8.0999999999999996,0.17453289999999999,0.031750104513049507,0.1427827954869505,0.0062200859634070991,0.030821248145622718,0.030821248145622718,0
8.1999999999999993,0.17453289999999999,0.03237375875038085,0.14215914124961915,0.0062451837413295347,0.029745833905687524,0.029745833905687524,0
8.3000000000000007,0.17453289999999999,0.032999875252045008,0.14153302474795498,0.0062693887488705115,0.028684027268285783,0.028684027268285783,0
8.4000000000000004,0.17453289999999999,0.033628364803417368,0.14090453519658264,0.0062927123183335156,0.027635713466579351,0.027635713466579351,0
8.5,0.17453289999999999,0.034259139323525763,0.14027376067647424,0.0063151656850769598,0.026600778345088963,0.026600778345088963,0
8.5999999999999996,0.17453289999999999,0.034892111855591386,0.13964078814440861,0.0063367599877698988,0.025579108364550435,0.025579108364550435,0
8.6999999999999993,0.17453289999999999,0.035527196557616027,0.13900570344238397,0.0063575062686038472,0.024570590607514722,0.024570590607514722,0
8.8000000000000007,0.17453289999999999,0.036164308693009767,0.13836859130699022,0.0063774154734528377,0.023575112784839147,0.023575112784839147,0
8.9000000000000004,0.17453289999999999,0.036803364621252353,0.13772953537874763,0.0063964984519707625,0.022592563243273911,0.022592563243273911,0
9,0.17453289999999999,0.037444281788576166,0.13708861821142382,0.0064147659576150222,0.021622830974353413,0.021622830974353413,0
9.0999999999999996,0.17453289999999999,0.038086925330647156,0.13644597466935282,0.0064322539596074375,0.020665403396418952,0.020665403396418952,0
9.1999999999999993,0.17453289999999999,0.038731270344485744,0.13580162965551423,0.0064489484857635782,0.019720556911769827,0.019720556911769827,0
9.3000000000000007,0.17453289999999999,0.039377238093948878,0.13515566190605111,0.0064648598103670945,0.018788185319443401,0.018788185319443401,0
9.4000000000000004,0.17453289999999999,0.040024750849949942,0.13450814915005005,0.0064799981060693302,0.01786818324080211,0.01786818324080211,0
9.5,0.17453289999999999,0.040673731877711186,0.13385916812228882,0.0064943734432434839,0.016960446143906113,0.016960446143906113,0
9.5999999999999996,0.17453289999999999,0.041324105423445057,0.13320879457655493,0.0065079957892665956,0.016064870369756207,0.016064870369756207,0
9.7000000000000011,0.17453289999999999,0.041975796700356657,0.13255710329964332,0.0065208750077501171,0.015181353160141214,0.015181353160141214,0
9.8000000000000007,0.17453289999999999,0.042628731873842744,0.13190416812615724,0.0065330208577556292,0.014309792686555911,0.014309792686555911,0
9.9000000000000004,0.17453289999999999,0.043282838045744614,0.13125006195425537,0.0065444429930571514,0.013450088079226652,0.013450088079226652,0
10,0.17453289999999999,0.043938043237501653,0.13059485676249832,0.0065551509615444379,0.012602139454698444,0.012602139454698444,0
10.1,0.17453289999999999,0.044594276372043412,0.12993862362795658,0.0065651542049124439,0.011765847939532587,0.011765847939532587,0
10.200000000000001,0.17453289999999999,0.045251467254265001,0.129281432745735,0.0065744620588537488,0.01094111568636752,0.01094111568636752,0
10.300000000000001,0.17453289999999999,0.045909546549963064,0.12862335345003692,0.0065830837540694362,0.01012784587678707,0.01012784587678707,0
10.4,0.17453289999999999,0.046568445763187485,0.12796445423681252,0.0065910284185503052,0.009325942702907028,0.009325942702907028,0
10.5,0.17453289999999999,0.047228097212110597,0.12730480278788939,0.0065983050817638843,0.0085353113161394656,0.0085353113161394656,0
10.6,0.17453289999999999,0.047888434003785271,0.12664446599621471,0.0066049226816128539,0.0077558577271833323,0.0077558577271833323,0
10.700000000000001,0.17453289999999999,0.048549390008603713,0.12598350999139629,0.00661089007530943,0.0069874886358265442,0.0069874886358265442,0
10.800000000000001,0.17453289999999999,0.049210899835965154,0.12532200016403483,0.0066162160556037875,0.0062301111631666573,0.0062301111631666573,0
10.9,0.17453289999999999,0.049872898813691169,0.12466000118630882,0.0066209093740420954,0.0054836324535511016,0.0054836324535511016,0
11,0.17453289999999999,0.050535322975146534,0.12399757702485345,0.0066249787729593911,0.0047479591115844044,0.0047479591115844044,0
11.1,0.17453289999999999,0.051198109059780637,0.12333479094021935,0.0066284330274714101,0.0040229964457339645,0.0040229964457339645,0
11.200000000000001,0.17453289999999999,0.051861194534603715,0.12267170546539627,0.0066312809974391103,0.0033086475114922909,0.0033086475114922909,0
11.300000000000001,0.17453289999999999,0.052524517645243761,0.12200838235475622,0.0066335316867902833,0.0026048119925311253,0.0026048119925311253,0
11.4,0.17453289999999999,0.05318801750439911,0.12134488249560088,0.006635194303467977,0.0019113850331772958,0.0019113850331772958,0
11.5,0.17453289999999999,0.053851634221009262,0.12068126577899073,0.0066362783080669164,0.0012282562337862374,0.0012282562337862374,0
11.6,0.17453289999999999,0.054515309063988909,0.12001759093601108,0.0066367934346646083,0.00055530911204812461,0.00055530911204812461,0
11.700000000000001,0.17453289999999999,0.05517898464060262,0.11935391535939738,0.0066367496666274624,-0.00010757863989693806,-0.00010757863989693806,0
11.800000000000001,0.17453289999999999,0.055842605055860188,0.1186902949441398,0.0066361571566892746,-0.00076053387626714986,-0.00076053387626714986,0
11.9,0.17453289999999999,0.05650611601335527,0.11802678398664472,0.0066350260951036346,-0.0014036857252207047,-0.0014036857252207047,0
12,0.17453289999999999,0.05716946482654018,0.11736343517345982,0.0066333665475851906,-0.0020371626830736067,-0.0020371626830736067,0
12.1,0.17453289999999999,0.057832600332255207,0.11670029966774478,0.0066311882971225086,-0.002661089680460374,-0.002661089680460374,0
12.200000000000001,0.17453289999999999,0.05849547272580885,0.11603742727419114,0.0066285007231053792,-0.0032755857417056805,-0.0032755857417056805,0
12.300000000000001,0.17453289999999999,0.059158033355831842,0.11537486664416816,0.0066253127376784161,-0.0038807626340433277,-0.0038807626340433277,0
12.4,0.17453289999999999,0.059820234520009945,0.11471266547999004,0.0066216327805505111,-0.0044767245699191549,-0.0044767245699191549,0
12.5,0.17453289999999999,0.060482029292011651,0.11405087070798833,0.0066174688588524896,-0.0050635687513564814,-0.0050635687513564814,0
12.6,0.17453289999999999,0.061143371393789642,0.11338952860621035,0.0066128286126349795,-0.0056413864212192799,-0.0056413864212192799,0
12.700000000000001,0.17453289999999999,0.061804215113604621,0.11272868488639537,0.0066077193882306436,-0.0062102641017562077,-0.0062102641017562077,0
12.800000000000001,0.17453289999999999,0.062464515261989907,0.11206838473801009,0.0066021483071687665,-0.0067702847910277031,-0.0067702847910277031,0
12.9,0.17453289999999999,0.063124227155131607,0.11140867284486838,0.0065961223242130239,-0.007321528990966053,-0.007321528990966053,0
13,0.17453289999999999,0.063783306615793983,0.11074959338420601,0.0065896482725610198,-0.0078640755218923469,-0.0078640755218923469,0
13.1,0.17453289999999999,0.064441709984053047,0.11009119001594694,0.0065827328969221451,-0.0083980021286516604,-0.0083980021286516604,0
13.200000000000001,0.17453289999999999,0.065099394132451568,0.10943350586754842,0.0065753828764184858,-0.0089233859079843186,-0.0089233859079843186,0
13.300000000000001,0.17453289999999999,0.06575631648217406,0.10877658351782593,0.0065676048395613236,-0.0094403035942778879,-0.0094403035942778879,0
13.4,0.17453289999999999,0.066412435018290042,0.10812046498170995,0.006559405373379369,-0.0099488317391186881,-0.0099488317391186881,0
13.5,0.17453289999999999,0.067067708303085796,0.10746519169691419,0.0065507910284139824,-0.010449046814537483,-0.010449046814537483,0
13.6,0.17453289999999999,0.06772209548710717,0.10681080451289282,0.0065417683209041929,-0.010941025263382656,-0.010941025263382656,0
13.700000000000001,0.17453289999999999,0.06837555631787974,0.10615734368212025,0.0065323437331355379,-0.011424843514319424,-0.011424843514319424,0
13.800000000000001,0.17453289999999999,0.069028051146455591,0.1055048488535444,0.0065225237126462932,-0.011900577974088875,-0.011900577974088875,0
13.9,0.17453289999999999,0.069679540932016309,0.10485335906798368,0.0065123146707707245,-0.012368305005889355,-0.012368305005889355,0
14,0.17453289999999999,0.070329987244786202,0.10420291275521379,0.0065017229808428936,-0.012828100899958297,-0.012828100899958297,0
14.1,0.17453289999999999,0.070979352267504667,0.10355354773249532,0.0064907549762738062,-0.013280041840433188,-0.013280041840433188,0
14.200000000000001,0.17453289999999999,0.071627598795681285,0.10290530120431871,0.0064794169486358938,-0.013724203871127383,-0.013724203871127383,0
14.300000000000001,0.17453289999999999,0.072274690236832861,0.10225820976316713,0.0064677151458370991,-0.014160662861900652,-0.014160662861900652,0
14.4,0.17453289999999999,0.072920590608874458,0.10161230939112553,0.006455655770431095,-0.014589494476634185,-0.014589494476634185,0
14.5,0.17453289999999999,0.073565264537805986,0.10096763546219401,0.0064432449780858188,-0.015010774143350739,-0.015010774143350739,0
14.6,0.17453289999999999,0.074208677254818833,0.10032422274518116,0.0064304888762189332,-0.015424577026759645,-0.015424577026759645,0
14.700000000000001,0.17453289999999999,0.074850794592920197,0.099682105407079794,0.0064173935227975851,-0.015830978003276736,-0.015830978003276736,0
14.800000000000001,0.17453289999999999,0.075491582983162303,0.099041317016837688,0.0064039649252960948,-0.016230051638492018,-0.016230051638492018,0
14.9,0.17453289999999999,0.076131009450543227,0.098401890549456764,0.0063902090398003895,-0.016621872166950255,-0.016621872166950255,0
15,0.17453289999999999,0.076769041609640556,0.097763858390359434,0.0063761317702481137,-0.017006513474106616,-0.017006513474106616,0
15.1,0.17453289999999999,0.077405647660023516,0.097127252339976475,0.0063617389677916433,-0.017384049080273106,-0.017384049080273106,0
15.200000000000001,0.17453289999999999,0.078040796381483951,0.09649210361851604,0.0063470364302720492,-0.017754552126380843,-0.017754552126380843,0
15.300000000000001,0.17453289999999999,0.078674457129120495,0.095858442870879496,0.0063320299017928456,-0.018118095361391723,-0.018118095361391723,0
15.4,0.17453289999999999,0.079306599828303459,0.095226300171696532,0.0063167250723827574,-0.018474751131193096,-0.018474751131193096,0
15.5,0.17453289999999999,0.07993719496954288,0.094595705030457111,0.0063011275777377848,-0.018824591368823015,-0.018824591368823015,0
15.6,0.17453289999999999,0.080566213603280507,0.093966686396719484,0.0062852429990338712,-0.0191676875858902,-0.0191676875858902,0
15.700000000000001,0.17453289999999999,0.081193627334621724,0.093339272665378267,0.0062690768628022248,-0.019504110865061777,-0.019504110865061777,0
15.800000000000001,0.17453289999999999,0.081819408318021203,0.092713491681978788,0.0062526346408602329,-0.019833931853505404,-0.019833931853505404,0
15.9,0.17453289999999999,0.082443529251933517,0.092089370748066474,0.0062359217502915417,-0.020157220757181279,-0.020157220757181279,0
16,0.17453289999999999,0.083065963373440646,0.091466936626559345,0.0062189435534700625,-0.020474047335901788,-0.020474047335901788,0
16.100000000000001,0.17453289999999999,0.083686684452862356,0.090846215547137635,0.006201705358122471,-0.020784480899066843,-0.020784480899066843,0
16.200000000000003,0.17453289999999999,0.084305666788358422,0.090227233211641569,0.0061842124174251783,-0.021088590302011642,-0.021088590302011642,0
16.300000000000001,0.17453289999999999,0.084922885200528306,0.089610014799471685,0.0061664699301317285,-0.02138644394289943,-0.02138644394289943,0
16.400000000000002,0.17453289999999999,0.0855383150270137,0.08899458497298629,0.0061484830407271254,-0.021678109760101968,-0.021678109760101968,0
16.500000000000004,0.17453289999999999,0.08615193211710806,0.088380967882891931,0.0061302568396061586,-0.021963655230018919,-0.021963655230018919,0
16.600000000000001,0.17453289999999999,0.086763712826377973,0.087769187173622018,0.0061117963632729552,-0.022243147365291177,-0.022243147365291177,0
16.700000000000003,0.17453289999999999,0.08737363401129887,0.087159265988701121,0.0060931065945593705,-0.022516652713367544,-0.022516652713367544,0
16.800000000000001,0.17453289999999999,0.087981673023908399,0.086551226976091591,0.0060741924628601356,-0.022784237355390854,-0.022784237355390854,0
16.900000000000002,0.17453289999999999,0.088587807706479962,0.085945092293520028,0.0060550588443827958,-0.023045966905370294,-0.023045966905370294,0
17.000000000000004,0.17453289999999999,0.089192016386217959,0.085340883613782031,0.0060357105624107964,-0.023301906509612308,-0.023301906509612308,0
17.100000000000001,0.17453289999999999,0.089794277869978539,0.084738622130021451,0.0060161523875783595,-0.023552120846389024,-0.023552120846389024,0
17.200000000000003,0.17453289999999999,0.090394571439014818,0.084138328560985173,0.0059963890381555659,-0.023796674125815015,-0.023796674125815015,0
17.300000000000001,0.17453289999999999,0.090992876843750028,0.083540023156249962,0.0059764251803426875,-0.024035630089918408,-0.024035630089918408,0
17.400000000000002,0.17453289999999999,0.091589174298578963,0.082943725701421028,0.0059562654285726024,-0.024269052012885817,-0.024269052012885817,0
17.500000000000004,0.17453289999999999,0.092183444476699156,0.082349455523300835,0.0059359143458203954,-0.024497002701466278,-0.024497002701466278,0
17.600000000000001,0.17453289999999999,0.092775668504972569,0.081757231495027421,0.0059153764439192763,-0.024719544495519552,-0.024719544495519552,0
17.700000000000003,0.17453289999999999,0.093365827958818343,0.081167072041181648,0.0058946561838820483,-0.024936739268695218,-0.024936739268695218,0
17.800000000000001,0.17453289999999999,0.093953904857137477,0.080578995142862514,0.0058737579762274872,-0.025148648429232257,-0.025148648429232257,0
17.900000000000002,0.17453289999999999,0.094539881657270883,0.079993018342729108,0.0058526861813110159,-0.025355332920869181,-0.025355332920869181,0
18.000000000000004,0.17453289999999999,0.095123741249989471,0.079409158750010519,0.0058314451096590676,-0.025556853223852691,-0.025556853223852691,0
18.100000000000001,0.17453289999999999,0.095705466954518759,0.078827433045481232,0.0058100390223067462,-0.025753269356040193,-0.025753269356040193,0
18.200000000000003,0.17453289999999999,0.096285042513596902,0.078247857486403088,0.0057884721311382351,-0.025944640874085143,-0.025944640874085143,0
18.300000000000001,0.17453289999999999,0.096862385240045618,0.077670514759954373,0.0057667440006296871,-0.026130877251379997,-0.026130877251379997,0
18.400000000000002,0.17453289999999999,0.097437546423239679,0.077095353576760312,0.0057448636419286866,-0.026312191977956048,-0.026312191977956048,0
18.500000000000004,0.17453289999999999,0.098010511083224061,0.07652238891677593,0.0057228351119877809,-0.02648864309900413,-0.02648864309900413,0
18.600000000000001,0.17453289999999999,0.098581264641850935,0.075951635358149056,0.0057006624202141894,-0.026660288205706359,-0.026660288205706359,0
18.700000000000003,0.17453289999999999,0.099149792918105439,0.075383107081894551,0.0056783495288221936,-0.026827184436904933,-0.026827184436904933,0
18.800000000000001,0.17453289999999999,0.099716082123464875,0.074816817876535116,0.0056559003531854342,-0.026989388480802692,-0.026989388480802692,0
18.900000000000002,0.17453289999999999,0.10028011885729037,0.074252781142709626,0.0056333187621889179,-0.027146956576690903,-0.027146956576690903,0
19.000000000000004,0.17453289999999999,0.10084189010225206,0.073691009897747933,0.0056106085785807263,-0.027299944516705144,-0.027299944516705144,0
19.100000000000001,0.17453289999999999,0.10140138321978696,0.073131516780213027,0.0055877735793232568,-0.027448407647605602,-0.027448407647605602,0
19.200000000000003,0.17453289999999999,0.10195858594559028,0.072574314054409714,0.0055648174959439627,-0.027592400872581621,-0.027592400872581621,0
19.300000000000004,0.17453289999999999,0.10251348638513968,0.072019413614860306,0.0055417440148855029,-0.027731978653078748,-0.027731978653078748,0
19.400000000000002,0.17453289999999999,0.10306607300925232,0.071466826990747676,0.0055185567778551744,-0.027867195010645468,-0.027867195010645468,0
19.500000000000004,0.17453289999999999,0.10361633464967555,0.070916565350324437,0.0054952593821736432,-0.027998103528801138,-0.027998103528801138,0
19.600000000000001,0.17453289999999999,0.10416426049471043,0.070368639505289557,0.0054718553811228497,-0.028124757354921745,-0.028124757354921745,0
19.700000000000003,0.17453289999999999,0.10470984008486828,0.069823059915131713,0.0054483482842930461,-0.028247209202143117,-0.028247209202143117,0
19.800000000000004,0.17453289999999999,0.10525306330856007,0.069279836691439917,0.0054247415579289238,-0.028365511351280709,-0.028365511351280709,0
19.900000000000002,0.17453289999999999,0.10579392039781914,0.068738979602180852,0.0054010386252747568,-0.028479715652764775,-0.028479715652764775,0
20.000000000000004,0.17453289999999999,0.10633240192405703,0.068200498075942959,0.0053772428669185569,-0.028589873528591062,-0.028589873528591062,0
20.100000000000001,0.17453289999999999,0.1068684987938515,0.067664401206148486,0.0053533576211351299,-0.028696035974283857,-0.028696035974283857,0
20.200000000000003,0.17453289999999999,0.10740220224476783,0.067130697755232158,0.0053293861842280427,-0.028798253560872608,-0.028798253560872608,0
20.300000000000004,0.17453289999999999,0.10793350384121327,0.066599396158786725,0.0053053318108704723,-0.028896576436881774,-0.028896576436881774,0
20.400000000000002,0.17453289999999999,0.1084623954703231,0.066070504529676888,0.0052811977144448371,-0.028991054330330182,-0.028991054330330182,0
20.500000000000004,0.17453289999999999,0.10898886933788086,0.065544030662119127,0.0052569870673812528,-0.02908173655074342,-0.02908173655074342,0
20.600000000000001,0.17453289999999999,0.10951291796426968,0.065019982035730312,0.0052327030014947271,-0.029168671991174774,-0.029168671991174774,0
20.700000000000003,0.17453289999999999,0.11003453418045669,0.064498365819543296,0.0052083486083210782,-0.029251909130236106,-0.029251909130236106,0
20.800000000000004,0.17453289999999999,0.11055371112401036,0.063979188875989634,0.0051839269394515792,-0.029331496034138788,-0.029331496034138788,0
20.900000000000002,0.17453289999999999,0.11107044223514928,0.06346245776485071,0.0051594410068662583,-0.029407480358741939,-0.029407480358741939,0
21.000000000000004,0.17453289999999999,0.11158472125282339,0.062948178747176606,0.0051348937832658382,-0.029479909351608477,-0.029479909351608477,0
21.100000000000001,0.17453289999999999,0.11209654221082749,0.062436357789172503,0.0051102882024023251,-0.029548829854069342,-0.029548829854069342,0
21.200000000000003,0.17453289999999999,0.1126058994339469,0.061927000566053089,0.0050856271594081999,-0.029614288303294503,-0.029614288303294503,0
21.300000000000004,0.17453289999999999,0.11311278753413437,0.061420112465865623,0.0050609135111241727,-0.029676330734369483,-0.029676330734369483,0
21.400000000000002,0.17453289999999999,0.11361720140671966,0.060915698593280332,0.0050361500764255452,-0.029735002782379477,-0.029735002782379477,0
21.500000000000004,0.17453289999999999,0.11411913622664992,0.060413763773350074,0.0050113396365470703,-0.029790349684497189,-0.029790349684497189,0
21.600000000000001,0.17453289999999999,0.11461858744476237,0.059914312555237617,0.0049864849354063854,-0.029842416282077316,-0.029842416282077316,0
21.700000000000003,0.17453289999999999,0.11511555078408808,0.059417349215911908,0.004961588679925944,-0.029891247022755085,-0.029891247022755085,0
21.800000000000004,0.17453289999999999,0.1156100222361869,0.058922877763813095,0.0049366535403534452,-0.029936885962548912,-0.029936885962548912,0
21.900000000000002,0.17453289999999999,0.11610199805751401,0.058430901942485985,0.0049116821505807576,-0.02997937676796765,-0.02997937676796765,0
22.000000000000004,0.17453289999999999,0.11659147476581731,0.057941425234182678,0.0048866771084613153,-0.030018762718120998,-0.030018762718120998,0
22.100000000000001,0.17453289999999999,0.11707844913656597,0.057454450863434023,0.0048616409761259739,-0.030055086706833503,-0.030055086706833503,0
22.200000000000003,0.17453289999999999,0.11756291819940909,0.056969981800590902,0.0048365762802973127,-0.030088391244760732,-0.030088391244760732,0
22.300000000000004,0.17453289999999999,0.11804487923466631,0.056488020765333685,0.0048114855126023892,-0.03011871846150932,-0.03011871846150932,0
22.400000000000002,0.17453289999999999,0.11852432976984754,0.056008570230152446,0.0047863711298839094,-0.030146110107757917,-0.030146110107757917,0
22.500000000000004,0.17453289999999999,0.11900126757620458,0.055531632423795413,0.0047612355545098173,-0.030170607557381296,-0.030170607557381296,0
22.600000000000001,0.17453289999999999,0.11947569066531163,0.055057209334688356,0.0047360811746813124,-0.030192251809575271,-0.030192251809575271,0
22.700000000000003,0.17453289999999999,0.11994759728567714,0.054585302714322853,0.0047109103447392471,-0.030211083490983601,-0.030211083490983601,0
22.800000000000004,0.17453289999999999,0.12041698591938479,0.054115914080615196,0.0046857253854689328,-0.030227142857825601,-0.030227142857825601,0
22.900000000000002,0.17453289999999999,0.12088385527876502,0.053649044721234967,0.0046605285844033319,-0.030240469798024999,-0.030240469798024999,0
23.000000000000004,0.17453289999999999,0.12134820430309545,0.053184695696904538,0.0046353221961246268,-0.030251103833338747,-0.030251103833338747,0
23.100000000000001,0.17453289999999999,0.12181003215533173,0.052722867844668259,0.0046101084425641693,-0.030259084121486785,-0.030259084121486785,0
23.200000000000003,0.17453289999999999,0.12226933821886736,0.052263561781132631,0.0045848895133007899,-0.030264449458281592,-0.030264449458281592,0
23.300000000000004,0.17453289999999999,0.12272612209432307,0.051806777905676921,0.004559667565857484,-0.030267238279757788,-0.030267238279757788,0
23.400000000000002,0.17453289999999999,0.12318038359636516,0.051352516403634835,0.0045344447259964464,-0.030267488664301206,-0.030267488664301206,0
23.500000000000004,0.17453289999999999,0.1236321227505526,0.050900777249447388,0.0045092230880124616,-0.030265238334776928,-0.030265238334776928,0
23.600000000000001,0.17453289999999999,0.12408133979021352,0.050451560209786472,0.0044840047150246582,-0.030260524660657373,-0.030260524660657373,0
23.700000000000003,0.17453289999999999,0.12452803515335009,0.050004864846649899,0.0044587916392665851,-0.030253384660148638,-0.030253384660148638,0
23.800000000000004,0.17453289999999999,0.12497220947957162,0.049560690520428372,0.004433585862374659,-0.030243855002315495,-0.030243855002315495,0
23.900000000000002,0.17453289999999999,0.12541386360705681,0.049119036392943183,0.0044083893556749318,-0.03023197200920559,-0.03023197200920559,0
24.000000000000004,0.17453289999999999,0.12585299856954357,0.048679901430456418,0.0043832040604682076,-0.030217771657971321,-0.030217771657971321,0
24.100000000000001,0.17453289999999999,0.12628961559334717,0.04824328440665282,0.0043580318883134983,-0.030201289582990148,-0.030201289582990148,0
24.200000000000003,0.17453289999999999,0.12672371609440647,0.047809183905593522,0.0043328747213097936,-0.030182561077982756,-0.030182561077982756,0
24.300000000000004,0.17453289999999999,0.12715530167535766,0.047377598324642334,0.0043077344123761928,-0.030161621098129143,-0.030161621098129143,0
24.400000000000002,0.17453289999999999,0.1275843741226356,0.046948525877364394,0.0042826127855303429,-0.030138504262181773,-0.030138504262181773,0
24.500000000000004,0.17453289999999999,0.12801093540360284,0.046521964596397153,0.0042575116361652258,-0.030113244854576907,-0.030113244854576907,0
24.600000000000001,0.17453289999999999,0.12843498766370612,0.046097912336293873,0.004232432731324255,-0.030085876827542712,-0.030085876827542712,0
24.700000000000003,0.17453289999999999,0.12885653322365931,0.045676366776340682,0.0042073778099747175,-0.030056433803204233,-0.030056433803204233,0
24.800000000000004,0.17453289999999999,0.1292755745766539,0.045257325423346095,0.0041823485832795434,-0.030024949075685689,-0.030024949075685689,0
24.900000000000002,0.17453289999999999,0.12969211438559627,0.044840785614403716,0.0041573467348673928,-0.029991455613209358,-0.029991455613209358,0
25.000000000000004,0.17453289999999999,0.13010615548037188,0.044426744519628109,0.0041323739211010756,-0.029955986060191259,-0.029955986060191259,0
25.100000000000001,0.17453289999999999,0.13051770085513478,0.044015199144865208,0.0041074317713443156,-0.029918572739332475,-0.029918572739332475,0
25.200000000000003,0.17453289999999999,0.13092675366562539,0.043606146334374596,0.0040825218882268085,-0.02987924765370796,-0.02987924765370796,0
25.300000000000004,0.17453289999999999,0.13133331722651279,0.043199582773487205,0.0040576458479076602,-0.029838042488850677,-0.029838042488850677,0
25.400000000000002,0.17453289999999999,0.13173739500876383,0.042795504991236161,0.0040328052003371084,-0.029794988614831791,-0.029794988614831791,0
25.500000000000004,0.17453289999999999,0.13213899063703821,0.042393909362961779,0.0040080014695166042,-0.029750117088337094,-0.029750117088337094,0
25.600000000000001,0.17453289999999999,0.13253810788710887,0.041994792112891116,0.003983236153757232,-0.029703458654739057,-0.029703458654739057,0
25.700000000000003,0.17453289999999999,0.13293475068330837,0.041598149316691618,0.0039585107259364396,-0.029655043750164298,-0.029655043750164298,0
25.800000000000004,0.17453289999999999,0.13332892309600011,0.041203976903999878,0.0039338266337531347,-0.029604902503556546,-0.029604902503556546,0
25.900000000000002,0.17453289999999999,0.13372062933907541,0.040812270660924577,0.0039091852999811015,-0.029553064738735257,-0.029553064738735257,0
26.000000000000004,0.17453289999999999,0.13410987376747538,0.040423026232524611,0.0038845881227207633,-0.029499559976449125,-0.029499559976449125,0
26.100000000000001,0.17453289999999999,0.13449666087473766,0.04003623912526233,0.0038600364756493006,-0.029444417436425077,-0.029444417436425077,0
26.200000000000003,0.17453289999999999,0.13488099529056805,0.039651904709431945,0.0038355317082690971,-0.0293876660394118,-0.0293876660394118,0
26.300000000000004,0.17453289999999999,0.13526288177843665,0.039270018221563341,0.0038110751461545517,-0.029329334409218588,-0.029329334409218588,0
26.400000000000002,0.17453289999999999,0.1356423252331988,0.038890574766801189,0.0037866680911972294,-0.029269450874748942,-0.029269450874748942,0
26.500000000000004,0.17453289999999999,0.13601933067873953,0.03851356932126046,0.003762311821849375,-0.029208043472028294,-0.029208043472028294,0
26.600000000000001,0.17453289999999999,0.13639390326564288,0.038138996734357111,0.0037380075933657886,-0.029145139946227083,-0.029145139946227083,0
26.700000000000003,0.17453289999999999,0.136766048268885,0.037766851731114992,0.0037137566380440429,-0.02908076775367778,-0.02908076775367778,0
26.800000000000004,0.17453289999999999,0.13713577108555103,0.037397128914448963,0.0036895601654630883,-0.029014954063886628,-0.029014954063886628,0
26.900000000000002,0.17453289999999999,0.13750307723257521,0.03702982276742478,0.0036654193627202155,-0.028947725761539103,-0.028947725761539103,0
27.000000000000004,0.17453289999999999,0.13786797234450551,0.036664927655494478,0.0036413353946663802,-0.028879109448500362,-0.028879109448500362,0
27.100000000000001,0.17453289999999999,0.13823046217129029,0.036302437828709705,0.0036173094041399229,-0.028809131445808905,-0.028809131445808905,0
27.200000000000003,0.17453289999999999,0.13859055257608943,0.035942347423910559,0.0035933425121986457,-0.02873781779566506,-0.02873781779566506,0
27.300000000000004,0.17453289999999999,0.1389482495331075,0.035584650466892492,0.0035694358183502952,-0.028665194263412824,-0.028665194263412824,0
27.400000000000002,0.17453289999999999,0.13930355912545014,0.035229340874549847,0.0035455904007814102,-0.028591286339515534,-0.028591286339515534,0
27.500000000000004,0.17453289999999999,0.13965648754300347,0.034876412456996519,0.0035218073165845672,-0.028516119241525695,-0.028516119241525695,0
27.600000000000001,0.17453289999999999,0.14000704108033535,0.034525858919664643,0.0034980876019840377,-0.028439717916048032,-0.028439717916048032,0
27.700000000000003,0.17453289999999999,0.14035522613461973,0.034177673865380259,0.0034744322725598163,-0.02836210704069643,-0.02836210704069643,0
27.800000000000004,0.17453289999999999,0.14070104920358301,0.033831850796416985,0.0034508423234700684,-0.028283311026044249,-0.028283311026044249,0
27.900000000000002,0.17453289999999999,0.141044516883472,0.033488383116527992,0.0034273187296719955,-0.028203354017567926,-0.028203354017567926,0
28.000000000000004,0.17453289999999999,0.14138563586704467,0.033147264132955323,0.0034038624461410873,-0.028122259897584247,-0.028122259897584247,0
28.100000000000001,0.17453289999999999,0.14172441294158206,0.032808487058417934,0.0033804744080888176,-0.028040052287180782,-0.028040052287180782,0
28.200000000000003,0.17453289999999999,0.14206085498692186,0.032472045013078127,0.0033571555311787456,-0.027956754548139298,-0.027956754548139298,0
28.300000000000004,0.17453289999999999,0.14239496897351361,0.032137931026486377,0.0033339067117410599,-0.027872389784852701,-0.027872389784852701,0
28.400000000000002,0.17453289999999999,0.1427267619604953,0.031806138039504689,0.0033107288269855336,-0.027786980846234918,-0.027786980846234918,0
28.500000000000004,0.17453289999999999,0.14305624109379086,0.031476658906209126,0.0032876227352129314,-0.027700550327623641,-0.027700550327623641,0
28.600000000000001,0.17453289999999999,0.14338341360422871,0.031149486395771281,0.0032645892760248645,-0.027613120572676279,-0.027613120572676279,0
28.700000000000003,0.17453289999999999,0.1437082868056814,0.03082461319431859,0.0032416292705320718,-0.027524713675258702,-0.027524713675258702,0
28.800000000000004,0.17453289999999999,0.14403086809322566,0.030502031906774335,0.0032187435215611719,-0.02743535148132676,-0.02743535148132676,0
28.900000000000002,0.17453289999999999,0.14435116494132297,0.030181735058677023,0.0031959328138598717,-0.027345055590800665,-0.027345055590800665,0
29.000000000000004,0.17453289999999999,0.14466918490202099,0.029863715097978999,0.0031731979143006265,-0.02725384735943228,-0.02725384735943228,0
29.100000000000001,0.17453289999999999,0.1449849356031746,0.029547964396825388,0.0031505395720827847,-0.027161747900664737,-0.027161747900664737,0
29.200000000000003,0.17453289999999999,0.14529842474668753,0.029234475253312464,0.0031279585189331913,-0.027068778087484979,-0.027068778087484979,0
29.300000000000004,0.17453289999999999,0.14560966010677351,0.028923239893226482,0.0031054554693052835,-0.026974958554268617,-0.026974958554268617,0
29.400000000000002,0.17453289999999999,0.14591871870696774,0.028614181293032254,0.0030830286544289449,-0.026880334486688751,-0.026880334486688751,0
29.500000000000004,0.17453289999999999,0.14622553922705311,0.028307360772946877,0.0030606811643675313,-0.026784900185668689,-0.026784900185668689,0
29.600000000000001,0.17453289999999999,0.14653012963758544,0.028002770362414553,0.0030384136640608781,-0.026688675590681256,-0.026688675590681256,0
29.700000000000003,0.17453289999999999,0.14683249797461279,0.027700402025387205,0.0030162268019584162,-0.026591680409864288,-0.026591680409864288,0
29.800000000000004,0.17453289999999999,0.14713265233803807,0.027400247661961918,0.0029941212102108719,-0.026493934121833776,-0.026493934121833776,0
29.900000000000002,0.17453289999999999,0.14743060089000085,0.027102299109999145,0.0029720975048604676,-0.026395455977489268,-0.026395455977489268,0
30,0.17453289999999999,0.14772635185327773,0.026806548146722259,0.0029501562860296234,-0.02629626500181096,-0.02629626500181096,0.050000000000000003
30.100000000000001,0.17453289999999999,0.1480174111985533,0.026515488801446691,0.0028870176472312382,-0.0254508288487156,-0.0254508288487156,0.050000000000000003
30.200000000000003,0.17453289999999999,0.14830220003932712,0.026230699960672871,0.0028245802840571252,-0.024611745152355383,-0.024611745152355383,0.050000000000000003
30.300000000000004,0.17453289999999999,0.14858078815789014,0.025952111842109854,0.0027628389180942249,-0.023778988683586195,-0.023778988683586195,0.050000000000000003
30.400000000000002,0.17453289999999999,0.14885324481014112,0.025679655189858874,0.0027017882920391968,-0.022952534066846664,-0.022952534066846664,0.050000000000000003
30.500000000000004,0.17453289999999999,0.14911963872770478,0.025413261272295207,0.0026414231698184314,-0.022132355784436557,-0.022132355784436557,0.050000000000000003
30.600000000000001,0.17453289999999999,0.14938003812006159,0.025152861879938399,0.0025817383367045762,-0.021318428180743976,-0.021318428180743976,0.050000000000000003
30.700000000000003,0.17453289999999999,0.14963451067668884,0.024898389323311149,0.0025227285994295287,-0.020510725466420368,-0.020510725466420368,0.050000000000000003
30.800000000000004,0.17453289999999999,0.1498831235692131,0.024649776430786891,0.0024643887862940356,-0.019709221722505749,-0.019709221722505749,0.050000000000000003
30.900000000000002,0.17453289999999999,0.15012594345357305,0.024406956546426939,0.0024067137472738535,-0.01891389090450242,-0.01891389090450242,0.050000000000000003
31.000000000000004,0.17453289999999999,0.15036303647219307,0.024169863527806923,0.0023496983541225662,-0.018124706846399267,-0.018124706846399267,0.050000000000000003
31.100000000000001,0.17453289999999999,0.15059446825616657,0.023938431743833422,0.0022933375004710898,-0.017341643264646198,-0.017341643264646198,0.050000000000000003
31.200000000000003,0.17453289999999999,0.15082030392744936,0.023712596072550635,0.0022376261019238842,-0.016564673762079284,-0.016564673762079284,0.050000000000000003
31.300000000000004,0.17453289999999999,0.15104060810106229,0.023492291898937701,0.0021825590961519594,-0.015793771831797566,-0.015793771831797566,0.050000000000000003
31.400000000000002,0.17453289999999999,0.15125544488730294,0.023277455112697049,0.002128131442982665,-0.015028910860990924,-0.015028910860990924,0.050000000000000003
31.500000000000004,0.17453289999999999,0.15146487789396623,0.023068022106033759,0.0020743381244863308,-0.014270064134720192,-0.014270064134720192,0.050000000000000003
31.600000000000001,0.17453289999999999,0.15166897022857326,0.022863929771426733,0.0020211741450598111,-0.013517204839649868,-0.013517204839649868,0.050000000000000003
31.700000000000003,0.17453289999999999,0.15186778450060867,0.02266511549939132,0.0019686345315069222,-0.012770306067733279,-0.012770306067733279,0.050000000000000003
31.800000000000004,0.17453289999999999,0.15206138282376555,0.02247151717623444,0.0019167143331158939,-0.012029340819851651,-0.012029340819851651,0.050000000000000003
31.900000000000002,0.17453289999999999,0.15224982681819801,0.022283073181801977,0.001865408621733783,-0.011294282009406117,-0.011294282009406117,0.050000000000000003
32,0.17453289999999999,0.15243317761278097,0.022099722387219023,0.0018147124918379549,-0.010565102465864167,-0.010565102465864167,0.050000000000000003
32.100000000000001,0.17453289999999999,0.15261149584737696,0.021921404152623031,0.0017646210606046397,-0.0098417749382604808,-0.0098417749382604808,0.050000000000000003
32.200000000000003,0.17453289999999999,0.15278484167510964,0.021748058324890351,0.0017151294679746216,-0.0091242720986528386,-0.0091242720986528386,0.050000000000000003
32.300000000000004,0.17453289999999999,0.1529532747646436,0.021579625235356392,0.0016662328767160707,-0.0084125665455328826,-0.0084125665455328826,0.050000000000000003
32.400000000000006,0.17453289999999999,0.15311685430247021,0.021416045697529779,0.0016179264724845942,-0.0077066308071929157,-0.0077066308071929157,0.050000000000000003
32.5,0.17453289999999999,0.15327563899519961,0.021257261004800382,0.001570205463880489,-0.0070064373450484212,-0.0070064373450484212,0.050000000000000003
32.600000000000001,0.17453289999999999,0.15342968707185797,0.021103212928142018,0.0015230650825032851,-0.006311958556917116,-0.006311958556917116,0.050000000000000003
32.700000000000003,0.17453289999999999,0.1535790562861899,0.020953843713810094,0.0014765005830036238,-0.0056231667802551337,-0.0056231667802551337,0.050000000000000003
32.800000000000004,0.17453289999999999,0.15372397313161559,0.020808926868384398,0.0014304862274226603,-0.0049398252252234875,-0.0049398252252234875,0.050000000000000003
32.900000000000006,0.17453289999999999,0.15386431395305891,0.020668586046941079,0.0013850395611470299,-0.0042621260537054582,-0.0042621260537054582,0.050000000000000003
33,0.17453289999999999,0.15400013543017593,0.020532764569824058,0.0013401558809272979,-0.0035900412868673029,-0.0035900412868673029,0.050000000000000003
33.100000000000001,0.17453289999999999,0.15413149377180493,0.020401406228195057,0.0012958305069214484,-0.0029235428963910147,-0.0029235428963910147,0.050000000000000003
33.200000000000003,0.17453289999999999,0.15425844471830988,0.020274455281690112,0.0012520587827360588,-0.0022626028075589458,-0.0022626028075589458,0.050000000000000003
33.300000000000004,0.17453289999999999,0.1543810435439284,0.020151856456071593,0.0012088360754648514,-0.0016071929022957315,-0.0016071929022957315,0.050000000000000003
33.400000000000006,0.17453289999999999,0.15449934505912272,0.020033554940877274,0.0011661577757249161,-0.00095728502217121494,-0.00095728502217121494,0.050000000000000003
33.5,0.17453289999999999,0.15461340361293457,0.019919496387065416,0.0011240192976901733,-0.00031285097135770254,-0.00031285097135770254,0.050000000000000003
33.600000000000001,0.17453289999999999,0.15472327309534314,0.019809626904656846,0.0010824160791227078,0.00032613748044810556,0.00032613748044810556,0.050000000000000003
33.700000000000003,0.17453289999999999,0.15482900693962581,0.019703893060374178,0.0010413435814015685,0.00095970859514594303,0.00095970859514594303,0.050000000000000003
33.800000000000004,0.17453289999999999,0.15493065812472195,0.019602241875278037,0.0010007972895490558,0.0015878906633950314,0.0015878906633950314,0.050000000000000003
33.900000000000006,0.17453289999999999,0.15502827917759873,0.019504620822401258,0.00096077271225503819,0.0022107120018105726,0.0022107120018105726,0.050000000000000003
34,0.17453289999999999,0.15512192217561951,0.019410977824380476,0.00092126538189852755,0.002828200950206982,0.002828200950206982,0.050000000000000003
34.100000000000001,0.17453289999999999,0.15521163874891422,0.01932126125108577,0.00088227085456745748,0.0034403858688715344,0.0034403858688715344,0.050000000000000003
34.200000000000003,0.17453289999999999,0.15529748008275121,0.019235419917248781,0.00084378471007583882,0.0040472951358836821,0.0040472951358836821,0.050000000000000003
34.300000000000004,0.17453289999999999,0.15537949691991076,0.019153403080089226,0.00080580255197893076,0.0046489571444684723,0.0046489571444684723,0.050000000000000003
34.400000000000006,0.17453289999999999,0.15545773956306025,0.019075160436939742,0.0007683200075861926,0.0052454003003882758,0.0052454003003882758,0.050000000000000003
34.5,0.17453289999999999,0.15553225787712988,0.019000642122870115,0.00073133272797221334,0.0058366530193702752,0.0058366530193702752,0.050000000000000003
34.600000000000001,0.17453289999999999,0.15560310129168958,0.018929798708310408,0.00069483638798523552,0.006422743724576168,0.006422743724576168,0.050000000000000003
34.700000000000003,0.17453289999999999,0.1556703188033268,0.018862581196673195,0.000658826686254057,0.0070037008441001698,0.0070037008441001698,0.050000000000000003
34.800000000000004,0.17453289999999999,0.15573395897802395,0.018798941021976046,0.00062329934519255099,0.0075795528085101285,0.0075795528085101285,0.050000000000000003
34.900000000000006,0.17453289999999999,0.15579406995353723,0.018738830046462762,0.00058825011100236964,0.0081503280484201083,0.0081503280484201083,0.050000000000000003
35,0.17453289999999999,0.1558506994417746,0.018682200558225392,0.00055367475367355205,0.0087160549921014557,0.0087160549921014557,0.050000000000000003
35.100000000000001,0.17453289999999999,0.15590389473117386,0.018629005268826132,0.00051956906698335181,0.0092767620631257989,0.0092767620631257989,0.050000000000000003
35.200000000000003,0.17453289999999999,0.15595370268908051,0.018579197310919476,0.00048592886849317039,0.0098324776780424096,0.0098324776780424096,0.050000000000000003
35.300000000000004,0.17453289999999999,0.15600016976412512,0.018532730235874872,0.00045274999954326701,0.010383230244096067,0.010383230244096067,0.050000000000000003
35.400000000000006,0.17453289999999999,0.15604334198859943,0.018489558011400564,0.00042002832524607527,0.010929048156971211,0.010929048156971211,0.050000000000000003
35.5,0.17453289999999999,0.15608326498083222,0.01844963501916777,0.00038775973447764174,0.011469959798570219,0.011469959798570219,0.050000000000000003
35.600000000000001,0.17453289999999999,0.15611998394756357,0.018412916052436418,0.00035594013986705648,0.012005993534829401,0.012005993534829401,0.050000000000000003
35.700000000000003,0.17453289999999999,0.15615354368631801,0.018379356313681983,0.00032456547778406239,0.01253717771356886,0.01253717771356886,0.050000000000000003
35.800000000000004,0.17453289999999999,0.15618398858777624,0.018348911412223751,0.00029363170832572721,0.013063540662360661,0.013063540662360661,0.050000000000000003
35.900000000000006,0.17453289999999999,0.15621136263814508,0.018321537361854906,0.00026313481530022191,0.013585110686450911,0.013585110686450911,0.050000000000000003
36,0.17453289999999999,0.15623570942152543,0.018297190578474565,0.00023307080621010119,0.014101916066692744,0.014101916066692744,0.050000000000000003
36.100000000000001,0.17453289999999999,0.15625707212227863,0.018275827877721362,0.00020343571223296064,0.01461398505752807,0.01461398505752807,0.050000000000000003
36.200000000000003,0.17453289999999999,0.15627549352739037,0.018257406472609622,0.00017422558820160433,0.015121345884980745,0.015121345884980745,0.050000000000000003
36.300000000000004,0.17453289999999999,0.15629101602883208,0.01824188397116791,0.00014543651258138438,0.015624026744702991,0.015624026744702991,0.050000000000000003
36.400000000000006,0.17453289999999999,0.15630368162592029,0.018229218374079703,0.00011706458744705029,0.016122055800032797,0.016122055800032797,0.050000000000000003
36.5,0.17453289999999999,0.156313531927673,0.018219368072326991,8.9105938457781017e-05,0.016615461180086933,0.016615461180086933,0.050000000000000003
36.600000000000001,0.17453289999999999,0.15632060815516322,0.018212291844836775,6.1556714830647506e-05,0.017104270977885121,0.017104270977885121,0.050000000000000003
36.700000000000003,0.17453289999999999,0.15632495114386954,0.018207948856130446,3.4413089312609518e-05,0.017588513248503475,0.017588513248503475,0.050000000000000003
36.800000000000004,0.17453289999999999,0.15632660134602364,0.018206298653976355,7.671258150334244e-06,0.018068216007270339,0.018068216007270339,0.050000000000000003
36.900000000000006,0.17453289999999999,0.15632559957006167,0.018207300429938317,-1.8672670340675797e-05,0.018543408496070481,0.018543408496070481,0.050000000000000003
37,0.17453289999999999,0.15632198402307845,0.018210915976921538,-4.4622229090869742e-05,0.019014116100557192,0.019014116100557192,0.050000000000000003
37.100000000000001,0.17453289999999999,0.1563157947697778,0.018217105230222186,-7.01812639802127e-05,0.019480367981866014,0.019480367981866014,0.050000000000000003
37.200000000000003,0.17453289999999999,0.15630707075283251,0.01822582924716748,-9.5353485082712029e-05,0.019942191978656296,0.019942191978656296,0.050000000000000003
37.300000000000004,0.17453289999999999,0.15629585054335293,0.018237049456647059,-0.00012014257913755489,0.020399615881123045,0.020399615881123045,0.050000000000000003
37.400000000000006,0.17453289999999999,0.1562821723432124,0.018250727656787591,-0.000144552209586838,0.020852667429350675,0.020852667429350675,0.050000000000000003
37.5,0.17453289999999999,0.15626607398736878,0.018266826012631215,-0.00016858601661412162,0.021301374311685405,0.021301374311685405,0.050000000000000003
37.600000000000001,0.17453289999999999,0.15624759294618146,0.018285307053818534,-0.00019224761718386469,0.021745764163128099,0.021745764163128099,0.050000000000000003
37.700000000000003,0.17453289999999999,0.1562267663277242,0.018306133672275793,-0.00021554060508200459,0.022185864563751875,0.022185864563751875,0.050000000000000003
37.800000000000004,0.17453289999999999,0.15620363088009329,0.018329269119906705,-0.00023846855095758333,0.022621703037143205,0.022621703037143205,0.050000000000000003
37.900000000000006,0.17453289999999999,0.15617822299371112,0.018354677006288872,-0.00026103500236538557,0.023053307048865813,0.023053307048865813,0.050000000000000003
38,0.17453289999999999,0.15615057870362489,0.018382321296375098,-0.00028324348380965182,0.023480704004948831,0.023480704004948831,0.050000000000000003
38.100000000000001,0.17453289999999999,0.15612080133584869,0.018412098664151305,-0.00030510849077406603,0.023904051498084493,0.023904051498084493,0.050000000000000003
38.200000000000003,0.17453289999999999,0.15608885806954889,0.018444041930451099,-0.0003266225665190219,0.024323248127793493,0.024323248127793493,0.050000000000000003
38.300000000000004,0.17453289999999999,0.15605478377642293,0.018478116223577062,-0.00034778915059354169,0.024738320934260812,0.024738320934260812,0.050000000000000003
38.400000000000006,0.17453289999999999,0.15601861298573336,0.018514287014266634,-0.00036861165992203816,0.02514929689286332,0.02514929689286332,0.050000000000000003
38.500000000000007,0.17453289999999999,0.15598037988656832,0.01855252011343167,-0.00038909348885401881,0.02555620291280401,0.02555620291280401,0.050000000000000003
38.600000000000001,0.17453289999999999,0.15594011833009683,0.018592781669903163,-0.00040923800921475122,0.025959065835768687,0.025959065835768687,0.050000000000000003
38.700000000000003,0.17453289999999999,0.15589786183181942,0.018635038168180573,-0.00042904857035662913,0.026357912434599898,0.026357912434599898,0.050000000000000003
38.800000000000004,0.17453289999999999,0.15585364357381337,0.018679256426186619,-0.00044852849921148493,0.026752769411993348,0.026752769411993348,0.050000000000000003
38.900000000000006,0.17453289999999999,0.15580749640697306,0.018725403593026935,-0.00046768110034367191,0.027143663399213029,0.027143663399213029,0.050000000000000003
39.000000000000007,0.17453289999999999,0.15575945285324497,0.018773447146755023,-0.00048650965600384737,0.027530620954824274,0.027530620954824274,0.050000000000000003
39.100000000000001,0.17453289999999999,0.15570954510785737,0.018823354892142624,-0.00050501742618357917,0.027913668563447049,0.027913668563447049,0.050000000000000003
39.200000000000003,0.17453289999999999,0.15565780504154492,0.018875094958455074,-0.00052320764867055849,0.028292832634525127,0.028292832634525127,0.050000000000000003
39.300000000000004,0.17453289999999999,0.15560426420276774,0.018928635797232252,-0.00054108353910455303,0.028668139501114208,0.028668139501114208,0.050000000000000003
39.400000000000006,0.17453289999999999,0.15554895381992495,0.01898394618007504,-0.00055864829103387888,0.029039615418684859,0.029039615418684859,0.050000000000000003
39.500000000000007,0.17453289999999999,0.15549190480356298,0.019040995196437011,-0.00057590507597259023,0.029407286563943633,0.029407286563943633,0.050000000000000003
39.600000000000001,0.17453289999999999,0.15543314774857814,0.019099752251421853,-0.00059285704345810638,0.029771179033667768,0.029771179033667768,0.050000000000000003
39.700000000000003,0.17453289999999999,0.15537271293641378,0.019160187063586215,-0.00060950732110942292,0.030131318843555827,0.030131318843555827,0.050000000000000003
39.800000000000004,0.17453289999999999,0.15531063033725201,0.019222269662747982,-0.00062585901468573417,0.030487731927091196,0.030487731927091196,0.050000000000000003
39.900000000000006,0.17453289999999999,0.15524692961219938,0.019285970387800611,-0.00064191520814553223,0.030840444134420192,0.030840444134420192,0.050000000000000003
40.000000000000007,0.17453289999999999,0.15518164011546759,0.019351259884532401,-0.00065767896370604777,0.03118948123124126,0.03118948123124126,0.050000000000000003
40.100000000000001,0.17453289999999999,0.15511479089654789,0.019418109103452097,-0.0006731533219030717,0.031534868897707388,0.031534868897707388,0.050000000000000003
40.200000000000003,0.17453289999999999,0.15504641070238043,0.019486489297619564,-0.00068834130165104103,0.031876632727338303,0.031876632727338303,0.050000000000000003
40.300000000000004,0.17453289999999999,0.15497652797951772,0.019556372020482271,-0.0007032459003033512,0.032214798225942594,0.032214798225942594,0.050000000000000003
40.400000000000006,0.17453289999999999,0.15490517087628261,0.01962772912371738,-0.00071787009371290236,0.032549390810549625,0.032549390810549625,0.050000000000000003
40.500000000000007,0.17453289999999999,0.15483236724492047,0.01970053275507952,-0.00073221683629272664,0.032880435808348596,0.032880435808348596,0.050000000000000003
40.600000000000001,0.17453289999999999,0.15475814464374615,0.019774755356253837,-0.00074628906107674514,0.033207958455635248,0.033207958455635248,0.050000000000000003
40.700000000000003,0.17453289999999999,0.1546825303392852,0.019850369660714795,-0.00076008967978050492,0.033531983896763887,0.033531983896763887,0.050000000000000003
40.800000000000004,0.17453289999999999,0.15460555130840961,0.01992734869159038,-0.00077362158286187058,0.033852537183104048,0.033852537183104048,0.050000000000000003
40.900000000000006,0.17453289999999999,0.15452723424046852,0.020005665759531471,-0.00078688763958162291,0.034169643272000685,0.034169643272000685,0.050000000000000003
41.000000000000007,0.17453289999999999,0.15444760553941314,0.02008529446058685,-0.00079989069806383789,0.034483327025735935,0.034483327025735935,0.050000000000000003
41.100000000000001,0.17453289999999999,0.15436669132591674,0.020166208674083252,-0.00081263358535602764,0.03479361321049175,0.03479361321049175,0.050000000000000003
41.200000000000003,0.17453289999999999,0.1542845174394894,0.020248382560510592,-0.00082511910748891981,0.035100526495311146,0.035100526495311146,0.050000000000000003
41.300000000000004,0.17453289999999999,0.1542011094405879,0.020331790559412088,-0.00083735004953580444,0.035404091451056566,0.035404091451056566,0.050000000000000003
41.400000000000006,0.17453289999999999,0.1541164926127207,0.020416407387279289,-0.00084932917567135703,0.035704332549363713,0.035704332549363713,0.050000000000000003
41.500000000000007,0.17453289999999999,0.15403069196454799,0.020502208035451996,-0.00086105922922982919,0.036001274161588923,0.036001274161588923,0.050000000000000003
41.600000000000001,0.17453289999999999,0.15394373223197758,0.020589167768022415,-0.00087254293276250192,0.03629494055774745,0.03629494055774745,0.050000000000000003
41.700000000000003,0.17453289999999999,0.15385563788025625,0.020677262119743745,-0.00088378298809430988,0.036585355905441319,0.036585355905441319,0.050000000000000003
41.800000000000004,0.17453289999999999,0.15376643310605706,0.020766466893942931,-0.00089478207637944964,0.036872544268773025,0.036872544268773025,0.050000000000000003
41.900000000000006,0.17453289999999999,0.15367614183956282,0.020856758160437167,-0.0009055428581559009,0.037156529607243381,0.037156529607243381,0.050000000000000003
42.000000000000007,0.17453289999999999,0.15358478774654585,0.020948112253454138,-0.00091606797339870778,0.037437335774630875,0.037437335774630875,0.050000000000000003
42.100000000000001,0.17453289999999999,0.15349239423044478,0.021040505769555212,-0.00092636004157180707,0.037714986517847743,0.037714986517847743,0.050000000000000003
42.200000000000003,0.17453289999999999,0.15339898443443822,0.021133915565561767,-0.00093642166167830524,0.037989505475771262,0.037989505475771262,0.050000000000000003
42.300000000000004,0.17453289999999999,0.15330458124351615,0.021228318756483844,-0.00094625541230896238,0.038260916178045168,0.038260916178045168,0.050000000000000003
42.400000000000006,0.17453289999999999,0.15320920728654891,0.021323692713451081,-0.0009558638516887222,0.038529242043848083,0.038529242043848083,0.050000000000000003
42.500000000000007,0.17453289999999999,0.15311288493835515,0.021420015061644843,-0.00096524951772103374,0.038794506380623449,0.038794506380623449,0.050000000000000003
42.600000000000001,0.17453289999999999,0.15301563632176812,0.021517263678231868,-0.00097441492802972972,0.039056732382767002,0.039056732382767002,0.050000000000000003
42.700000000000003,0.17453289999999999,0.1529174833097022,0.02161541669029779,-0.00098336257999825667,0.039315943130266408,0.039315943130266408,0.050000000000000003
42.800000000000004,0.17453289999999999,0.15281844752721935,0.021714452472780643,-0.00099209495080584899,0.039572161587285923,0.039572161587285923,0.050000000000000003
42.900000000000006,0.17453289999999999,0.15271855035359674,0.021814349646403247,-0.0010006144974604985,0.039825410600692224,0.039825410600692224,0.050000000000000003
43.000000000000007,0.17453289999999999,0.15261781292439613,0.021915087075603856,-0.0010089236568281733,0.040075712898510973,0.040075712898510973,0.050000000000000003
43.100000000000001,0.17453289999999999,0.15251625613353625,0.022016643866463737,-0.0010170248456581213,0.04032309108830992,0.04032309108830992,0.050000000000000003
43.200000000000003,0.17453289999999999,0.1524139006353693,0.022118999364630687,-0.0010249204606036853,0.040567567655497024,0.040567567655497024,0.050000000000000003
43.300000000000004,0.17453289999999999,0.15231076684676212,0.022222133153237872,-0.001032612878238225,0.040809164961525923,0.040809164961525923,0.050000000000000003
43.400000000000006,0.17453289999999999,0.15220687494918408,0.022326025050815906,-0.001040104455065662,0.04104790524199782,0.04104790524199782,0.050000000000000003
43.500000000000007,0.17453289999999999,0.15210224489080301,0.022430655109196979,-0.0010473975275250907,0.041283810604648613,0.041283810604648613,0.050000000000000003
43.600000000000001,0.17453289999999999,0.15199689638859062,0.022536003611409366,-0.0010544944119888165,0.041516903027208063,0.041516903027208063,0.050000000000000003
43.700000000000003,0.17453289999999999,0.15189084893043955,0.022642051069560437,-0.0010613974047531918,0.04174720435511789,0.04174720435511789,0.050000000000000003
43.800000000000004,0.17453289999999999,0.15178412177729414,0.022748778222705851,-0.0010681087820214492,0.041974736299091937,0.041974736299091937,0.050000000000000003
43.900000000000006,0.17453289999999999,0.15167673396529716,0.022856166034702835,-0.0010746307998778252,0.04219952043250369,0.04219952043250369,0.050000000000000003
44.000000000000007,0.17453289999999999,0.15156870430795558,0.022964195692044415,-0.0010809656942519057,0.042421578188578717,0.042421578188578717,0.050000000000000003
44.100000000000001,0.17453289999999999,0.15146005139832808,0.023072848601671914,-0.0010871156808724225,0.042640930857375518,0.042640930857375518,0.050000000000000003
44.200000000000003,0.17453289999999999,0.15135079361123796,0.02318210638876203,-0.0010930829552091618,0.04285759958252694,0.04285759958252694,0.050000000000000003
44.300000000000004,0.17453289999999999,0.15124094910551564,0.023291950894484353,-0.0010988696924020037,0.043071605357720422,0.043071605357720422,0.050000000000000003
44.400000000000006,0.17453289999999999,0.15113053582627498,0.023402364173725015,-0.0011044780471756797,0.043282969022887252,0.043282969022887252,0.050000000000000003
44.500000000000007,0.17453289999999999,0.15101957150722814,0.023513328492771851,-0.0011099101537386628,0.043491711260067782,0.043491711260067782,0.050000000000000003
44.600000000000001,0.17453289999999999,0.15090807367304609,0.023624826326953896,-0.0011151681256648845,0.043697852588921816,0.043697852588921816,0.050000000000000003
44.700000000000003,0.17453289999999999,0.15079605964177017,0.023736840358229816,-0.0011202540557563262,0.043901413361843687,0.043901413361843687,0.050000000000000003
44.800000000000004,0.17453289999999999,0.1506835465272828,0.023849353472717189,-0.001125170015884633,0.044102413758640581,0.044102413758640581,0.050000000000000003
44.900000000000006,0.17453289999999999,0.15057055467436756,0.023962345325632434,-0.0011299192793865825,0.044300892354590921,0.044300892354590921,0.050000000000000003
45.000000000000007,0.17453289999999999,0.15045710422563147,0.024075795774368525,-0.0011345052121967945,0.044496889593910821,0.044496889593910821,0.050000000000000003
45.100000000000001,0.17453289999999999,0.15034321130912576,0.024189688690874234,-0.0011389298647895385,0.044690426257085927,0.044690426257085927,0.050000000000000003
45.200000000000003,0.17453289999999999,0.15022889184957686,0.024304008150423134,-0.001143195270411058,0.044881523017822181,0.044881523017822181,0.050000000000000003
45.300000000000004,0.17453289999999999,0.15011416157010024,0.02441873842989975,-0.0011473034451686414,0.045070200442935297,0.045070200442935297,0.050000000000000003
45.400000000000006,0.17453289999999999,0.14999903599390538,0.024533864006094613,-0.0011512563881197837,0.045256478992250722,0.045256478992250722,0.050000000000000003
45.500000000000007,0.17453289999999999,0.14988353044599187,0.024649369554008121,-0.001155056081361417,0.045440379018513624,0.045440379018513624,0.050000000000000003
45.600000000000001,0.17453289999999999,0.14976766005483655,0.024765239945163442,-0.0011587044901192108,0.04562192076730924,0.04562192076730924,0.050000000000000003
45.700000000000003,0.17453289999999999,0.14965143975407166,0.024881460245928327,-0.0011622035628369317,0.045801124376993102,0.045801124376993102,0.050000000000000003
45.800000000000004,0.17453289999999999,0.14953488428415415,0.024998015715845839,-0.0011655552312658474,0.045978009878631092,0.045978009878631092,0.050000000000000003
45.900000000000006,0.17453289999999999,0.14941800819402581,0.025114891805974177,-0.0011687614105541787,0.046152597195949392,0.046152597195949392,0.050000000000000003
46.000000000000007,0.17453289999999999,0.14930082584276488,0.025232074157235107,-0.0011718239993365825,0.046324906145293596,0.046324906145293596,0.050000000000000003
46.100000000000001,0.17453289999999999,0.14918335140122832,0.025349548598771671,-0.0011747448798236598,0.046494956435597548,0.046494956435597548,0.050000000000000003
46.200000000000003,0.17453289999999999,0.14906559885368523,0.025467301146314764,-0.0011775259178914619,0.046662767668361076,0.046662767668361076,0.050000000000000003
46.300000000000004,0.17453289999999999,0.14894758199944141,0.025585318000558577,-0.001180168963171081,0.046828359337638036,0.046828359337638036,0.050000000000000003
46.400000000000006,0.17453289999999999,0.14882931445445508,0.025703585545544916,-0.0011826758491382033,0.046991750830032576,0.046991750830032576,0.050000000000000003
46.500000000000007,0.17453289999999999,0.14871080965294289,0.025822090347057097,-0.0011850483932025204,0.047152961424702461,0.047152961424702461,0.050000000000000003
46.600000000000001,0.17453289999999999,0.14859208084897821,0.025940819151021782,-0.0011872883967973707,0.047312010293374451,0.047312010293374451,0.050000000000000003
46.700000000000003,0.17453289999999999,0.14847314111807963,0.026059758881920358,-0.0011893976454692354,0.047468916500366595,0.047468916500366595,0.050000000000000003
46.800000000000004,0.17453289999999999,0.14835400335879043,0.026178896641209565,-0.0011913779089671942,0.047623699002619063,0.047623699002619063,0.050000000000000003
46.900000000000006,0.17453289999999999,0.14823468029424969,0.026298219705750303,-0.001193230941332322,0.047776376649732097,0.047776376649732097,0.050000000000000003
47.000000000000007,0.17453289999999999,0.14811518447375402,0.026417715526245972,-0.0011949584809872492,0.047926968184016455,0.047926968184016455,0.050000000000000003
47.100000000000001,0.17453289999999999,0.14799552827431064,0.026537371725689346,-0.0011965622508254151,0.048075492240546816,0.048075492240546816,0.050000000000000003
47.200000000000003,0.17453289999999999,0.14787572390218082,0.026657176097819174,-0.0011980439583002156,0.04822196734722306,0.04822196734722306,0.050000000000000003
47.300000000000004,0.17453289999999999,0.1477557833944157,0.026777116605584295,-0.0011994052955147038,0.048366411924848959,0.048366411924848959,0.050000000000000003
47.400000000000006,0.17453289999999999,0.14763571862038197,0.026897181379618024,-0.0012006479393103658,0.04850884428720461,0.04850884428720461,0.050000000000000003
47.500000000000007,0.17453289999999999,0.14751554128327926,0.02701735871672073,-0.0012017735513563754,0.048649282641135487,0.048649282641135487,0.050000000000000003
47.600000000000001,0.17453289999999999,0.14739526292164828,0.027137637078351706,-0.0012027837782385377,0.048787745086645386,0.048787745086645386,0.050000000000000003
47.700000000000003,0.17453289999999999,0.14727489491087042,0.027258005089129567,-0.0012036802515484799,0.048924249617002202,0.048924249617002202,0.050000000000000003
47.800000000000004,0.17453289999999999,0.14715444846465842,0.027378451535341575,-0.0012044645879722357,0.049058814118841818,0.049058814118841818,0.050000000000000003
47.900000000000006,0.17453289999999999,0.14703393463653772,0.027498965363462274,-0.0012051383893791397,0.049191456372286793,0.049191456372286793,0.050000000000000003
48.000000000000007,0.17453289999999999,0.14691336432131949,0.027619535678680501,-0.0012057032429105368,0.049322194051070162,0.049322194051070162,0.050000000000000003
48.100000000000001,0.17453289999999999,0.14679274825656458,0.027740151743435415,-0.0012061607210681446,0.049451044722662013,0.049451044722662013,0.050000000000000003
48.200000000000003,0.17453289999999999,0.14667209702403861,0.027860802975961385,-0.0012065123818026835,0.049578025848409688,0.049578025848409688,0.050000000000000003
48.300000000000004,0.17453289999999999,0.14655142105115795,0.027981478948842037,-0.0012067597686021088,0.049703154783679995,0.049703154783679995,0.050000000000000003
48.400000000000006,0.17453289999999999,0.14643073061242792,0.028102169387572068,-0.0012069044105797869,0.049826448778008237,0.049826448778008237,0.050000000000000003
48.500000000000007,0.17453289999999999,0.14631003583087052,0.028222864169129475,-0.0012069478225626108,0.049947924975256471,0.049947924975256471,0.050000000000000003
48.600000000000001,0.17453289999999999,0.14618934667944489,0.028343553320555104,-0.0012068915051788758,0.050067600413774865,0.050067600413774865,0.050000000000000003
48.700000000000003,0.17453289999999999,0.14606867298245835,0.028464227017541643,-0.0012067369449460211,0.050185492026570022,0.050185492026570022,0.050000000000000003
48.800000000000004,0.17453289999999999,0.14594802441696847,0.028584875583031522,-0.0012064856143584751,0.050301616641484075,0.050301616641484075,0.050000000000000003
48.900000000000006,0.17453289999999999,0.14582741051417678,0.028705489485823216,-0.0012061389719748459,0.050415990981370444,0.050415990981370444,0.050000000000000003
49.000000000000007,0.17453289999999999,0.1457068406608136,0.028826059339186388,-0.0012056984625055482,0.050528631664286255,0.050528631664286255,0.050000000000000003
49.100000000000001,0.17453289999999999,0.14558632410051423,0.028946575899485766,-0.0012051655168997474,0.05063955520368122,0.05063955520368122,0.050000000000000003
49.200000000000003,0.17453289999999999,0.14546586993518612,0.02906703006481387,-0.001204541552432442,0.050748778008597825,0.050748778008597825,0.050000000000000003
49.300000000000004,0.17453289999999999,0.14534548712636783,0.029187412873632163,-0.0012038279727913735,0.050856316383876887,0.050856316383876887,0.050000000000000003
49.400000000000006,0.17453289999999999,0.14522518449657906,0.029307715503420928,-0.0012030261681635545,0.050962186530364911,0.050962186530364911,0.050000000000000003
49.500000000000007,0.17453289999999999,0.14510497073066222,0.029427929269337766,-0.0012021375153218265,0.051066404545130645,0.051066404545130645,0.050000000000000003
49.600000000000001,0.17453289999999999,0.14498485437711475,0.029548045622885238,-0.0012011633777111981,0.051168986421686803,0.051168986421686803,0.050000000000000003
49.700000000000003,0.17453289999999999,0.14486484384941375,0.029668056150586236,-0.0012001051055348798,0.051269948050214072,0.051269948050214072,0.050000000000000003
49.800000000000004,0.17453289999999999,0.14474494742733132,0.029787952572668669,-0.001198964035840195,0.051369305217792177,0.051369305217792177,0.050000000000000003
49.900000000000006,0.17453289999999999,0.1446251732582417,0.029907726741758289,-0.0011977414926043393,0.051467073608636393,0.051467073608636393,0.050000000000000003
50,0.17453289999999999,0.14450552935841982,0.030027370641580176,-0.001196438786819938,0.051563268804339063,0.051563268804339063,0
50.100000000000001,0.17453289999999999,0.14438846095303759,0.030144439046962401,-0.0011537968195936322,0.050912781799647783,0.050912781799647783,0
50.200000000000003,0.17453289999999999,0.14427563179739605,0.030257268202603937,-0.001111695143474319,0.050267780785141679,0.050267780785141679,0
50.300000000000004,0.17453289999999999,0.1441669879621657,0.030365912037834286,-0.0010701291869701598,0.049628237403297165,0.049628237403297165,0
50.400000000000006,0.17453289999999999,0.14406247597534649,0.030470424024653497,-0.0010290944022847736,0.04899412326577942,0.04899412326577942,0
50.500000000000007,0.17453289999999999,0.1439620428199026,0.030570857180097388,-0.00098858626534338166,0.048365409956278263,0.048365409956278263,0
50.600000000000001,0.17453289999999999,0.14386563593139542,0.030667264068604566,-0.00094860027581673617,0.047742069033305815,0.047742069033305815,0
50.700000000000003,0.17453289999999999,0.14377320319561396,0.030759696804386033,-0.00090913195714269516,0.047124072032954545,0.047124072032954545,0
50.800000000000004,0.17453289999999999,0.14368469294620337,0.030848207053796622,-0.00087017685654549595,0.046511390471615552,0.046511390471615552,0
50.900000000000006,0.17453289999999999,0.14360005396229128,0.030932846037708711,-0.00083173054505290074,0.045903995848660922,0.045903995848660922,0
51.000000000000007,0.17453289999999999,0.1435192354661132,0.031013664533886792,-0.00079378861751105089,0.045301859649085709,0.045301859649085709,0
51.100000000000001,0.17453289999999999,0.14344218712063561,0.031090712879364379,-0.00075634669259719853,0.044704953346113949,0.044704953346113949,0
51.200000000000003,0.17453289999999999,0.14336885902717891,0.031164040972821078,-0.00071940041283035836,0.044113248403767527,0.044113248403767527,0
51.300000000000004,0.17453289999999999,0.14329920172303881,0.03123369827696118,-0.00068294544457971767,0.043526716279396097,0.043526716279396097,0
51.400000000000006,0.17453289999999999,0.14323316617910709,0.031299733820892905,-0.00064697747807129921,0.042945328426176294,0.042945328426176294,0
51.500000000000007,0.17453289999999999,0.14317070379749192,0.031362196202508075,-0.00061149222739212254,0.042369056295566282,0.042369056295566282,0
51.600000000000001,0.17453289999999999,0.14311176640913795,0.031421133590862044,-0.00057648543049283361,0.041797871339733048,0.041797871339733048,0
51.700000000000003,0.17453289999999999,0.14305630627144625,0.031476593728553742,-0.00054195284918806888,0.041231745013938982,0.041231745013938982,0
51.800000000000004,0.17453289999999999,0.1430042760658943,0.031528623934105687,-0.00050789026915496664,0.040670648778895091,0.040670648778895091,0
51.900000000000006,0.17453289999999999,0.14295562889565636,0.031577271104343635,-0.0004742934999299216,0.04011455410308222,0.04011455410308222,0
52.000000000000007,0.17453289999999999,0.1429103182832242,0.031622581716775788,-0.00044115837490314209,0.039563432465032349,0.039563432465032349,0
52.100000000000001,0.17453289999999999,0.14286829816802879,0.031664601831971201,-0.00040848075131182961,0.039017255355584132,0.039017255355584132,0
52.200000000000003,0.17453289999999999,0.1428295229040627,0.031703377095937291,-0.00037625651023097775,0.038475994280094891,0.038475994280094891,0
52.300000000000004,0.17453289999999999,0.14279394725750355,0.03173895274249644,-0.00034448155656304603,0.037939620760631267,0.037939620760631267,0
52.400000000000006,0.17453289999999999,0.14276152640433873,0.031771373595661262,-0.00031315181902528407,0.037408106338116379,0.037408106338116379,0
52.500000000000007,0.17453289999999999,0.14273221592799168,0.031800684072008312,-0.00028226325013582296,0.036881422574453128,0.036881422574453128,0
52.600000000000001,0.17453289999999999,0.14270597181694977,0.031826928183050218,-0.00025181182619781329,0.03635954105461086,0.03635954105461086,0
52.700000000000003,0.17453289999999999,0.1426827504623937,0.031850149537606287,-0.0002217935472818505,0.035842433388679595,0.035842433388679595,0
52.800000000000004,0.17453289999999999,0.14266250865582933,0.031870391344170662,-0.00019220443720694008,0.035330071213895586,0.035330071213895586,0
52.900000000000006,0.17453289999999999,0.14264520358672111,0.031887696413278876,-0.00016304054352010231,0.034822426196640721,0.034822426196640721,0
53.000000000000007,0.17453289999999999,0.14263079284012842,0.031902107159871573,-0.00013429793747392145,0.034319470034402159,0.034319470034402159,0
53.100000000000001,0.17453289999999999,0.1426192343943439,0.031913665605656089,-0.0001059727140028699,0.033821174457707749,0.033821174457707749,0
53.200000000000003,0.17453289999999999,0.14261048661853448,0.031922413381465509,-7.806099169793759e-05,0.033327511232028387,0.033327511232028387,0
53.300000000000004,0.17453289999999999,0.14260450827038551,0.03192839172961448,-5.0558912780157014e-05,0.032838452159657305,0.032838452159657305,0
53.400000000000006,0.17453289999999999,0.14260125849374761,0.031931641506252384,-2.3462643072659817e-05,0.032353969081560262,0.032353969081560262,0
53.500000000000007,0.17453289999999999,0.14260069681628637,0.03193220318371362,3.2316280293768471e-06,0.031874033879184839,0.031874033879184839,0
53.600000000000001,0.17453289999999999,0.1426027818700229,0.031930118129977092,2.9527881049230355e-05,0.031398616271090946,0.031398616271090946,0
53.700000000000003,0.17453289999999999,0.14260747651727015,0.031925423482729837,5.5429490701391047e-05,0.030927692650104796,0.030927692650104796,0
53.800000000000004,0.17453289999999999,0.14261474012644243,0.031918159873557561,8.0940392380146313e-05,0.030461232810714927,0.030461232810714927,0
53.900000000000006,0.17453289999999999,0.14262453373701223,0.031908366262987764,0.00010606430272591674,0.029999208813921263,0.029999208813921263,0
54.000000000000007,0.17453289999999999,0.14263681876056963,0.031896081239430357,0.00013080491497416711,0.029541592769895347,0.029541592769895347,0
54.100000000000001,0.17453289999999999,0.14265155697849388,0.031881343021506109,0.00015516589899321529,0.029088356839628234,0.029088356839628234,0
54.200000000000003,0.17453289999999999,0.14266871053962932,0.031864189460370673,0.00017915090132229156,0.028639473236569426,0.028639473236569426,0
54.300000000000004,0.17453289999999999,0.14268824195796539,0.031844658042034596,0.00020276354521131323,0.028194914228230956,0.028194914228230956,0
54.400000000000006,0.17453289999999999,0.14271011411032103,0.031822785889678962,0.00022600743066175931,0.027754652137767295,0.027754652137767295,0
54.500000000000007,0.17453289999999999,0.14273429023403369,0.031798609765966296,0.00024888613446827433,0.027318659345537358,0.027318659345537358,0
54.600000000000001,0.17453289999999999,0.14276073392465288,0.031772166075347108,0.0002714032102615847,0.026886908290638584,0.026886908290638584,0
54.700000000000003,0.17453289999999999,0.14278940913363847,0.031743490866361523,0.00029356218855250237,0.02645937147241648,0.02645937147241648,0
54.800000000000004,0.17453289999999999,0.1428202136200199,0.031712686379980093,0.00031537742041174669,0.026035892812568653,0.026035892812568653,0
54.900000000000006,0.17453289999999999,0.14285317901992198,0.031679720980078013,0.00033684161598522398,0.025616571892343981,0.025616571892343981,0
55.000000000000007,0.17453289999999999,0.14288827045235233,0.031644629547647657,0.00035795822035304963,0.025201381581292766,0.025201381581292766,0
55.100000000000001,0.17453289999999999,0.14292545337930482,0.031607446620695173,0.00037873065589192831,0.024790294814640464,0.024790294814640464,0
55.200000000000003,0.17453289999999999,0.14296469360349101,0.03156820639650898,0.0003991623223253262,0.02438328459465311,0.02438328459465311,0
55.300000000000004,0.17453289999999999,0.14300595726607646,0.031526942733923535,0.00041925659677474227,0.023980323991978175,0.023980323991978175,0
55.400000000000006,0.17453289999999999,0.14304921084442224,0.031483689155577754,0.00043901683381169192,0.023581386146967302,0.023581386146967302,0
55.500000000000007,0.17453289999999999,0.14309442114983156,0.031438478850168428,0.00045844636551059797,0.023186444270977664,0.023186444270977664,0
55.600000000000001,0.17453289999999999,0.14314155532530154,0.031391344674698451,0.00047754850150243198,0.022795471647654678,0.022795471647654678,0
55.700000000000003,0.17453289999999999,0.14319058084328026,0.031342319156719728,0.00049632652902905727,0.022408441634196696,0.022408441634196696,0
55.800000000000004,0.17453289999999999,0.14324146550342909,0.031291434496570902,0.00051478371299837399,0.02202532766260017,0.02202532766260017,0
55.900000000000006,0.17453289999999999,0.14329417743039047,0.031238722569609523,0.00053292329604007573,0.02164610324088816,0.02164610324088816,0
56.000000000000007,0.17453289999999999,0.14334868507156098,0.031184214928439008,0.00055074849856209774,0.02127074195432125,0.02127074195432125,0
56.100000000000001,0.17453289999999999,0.14340495719487015,0.031127942805129843,0.00056826251880762928,0.020899217466592516,0.020899217466592516,0
56.200000000000003,0.17453289999999999,0.1434629628865644,0.031069937113435586,0.00058546853291273587,0.020531503521006342,0.020531503521006342,0
56.300000000000004,0.17453289999999999,0.14352267154899692,0.031010228451003069,0.00060236969496452175,0.020167573941641675,0.020167573941641675,0
56.400000000000006,0.17453289999999999,0.14358405289842285,0.030948847101577137,0.00061896913705973599,0.01980740263450189,0.01980740263450189,0
56.500000000000007,0.17453289999999999,0.14364707696280021,0.030885823037199778,0.00063526996936387318,0.019450963588650061,0.019450963588650061,0
56.600000000000001,0.17453289999999999,0.14371171407959654,0.030821185920403449,0.00065127528017069729,0.019098230877330896,0.019098230877330896,0
56.700000000000003,0.17453289999999999,0.14377793489360069,0.030754965106399301,0.00066698813596205463,0.018749178659082318,0.018749178659082318,0
56.800000000000004,0.17453289999999999,0.14384571035474114,0.03068718964525885,0.00068241158146809216,0.018403781178833192,0.018403781178833192,0
56.900000000000006,0.17453289999999999,0.14391501171590904,0.030617888284090955,0.00069754863972770233,0.018062012768992313,0.018062012768992313,0
57.000000000000007,0.17453289999999999,0.14398581053078743,0.030547089469212557,0.00071240231214917185,0.017723847850527462,0.017723847850527462,0
57.100000000000001,0.17453289999999999,0.14405807865168607,0.030474821348313919,0.00072697557857103422,0.017389260934035304,0.017389260934035304,0
57.200000000000003,0.17453289999999999,0.14413178822738157,0.030401111772618422,0.000741271397323003,0.017058226620804369,0.017058226620804369,0
57.300000000000004,0.17453289999999999,0.14420691170096325,0.030325988299036738,0.00075529270528697007,0.016730719603871277,0.016730719603871277,0
57.400000000000006,0.17453289999999999,0.14428342180768455,0.030249478192315438,0.00076904241795796625,0.016406714669072044,0.016406714669072044,0
57.500000000000007,0.17453289999999999,0.14436129157281971,0.03017160842718028,0.0007825234295050714,0.016086186696088994,0.016086186696088994,0
57.600000000000001,0.17453289999999999,0.14444049430952619,0.030092405690473806,0.00079573861283216646,0.015769110659494809,0.015769110659494809,0
57.700000000000003,0.17453289999999999,0.14452100361671191,0.030011896383288078,0.00080869081963845415,0.015455461629795903,0.015455461629795903,0
57.800000000000004,0.17453289999999999,0.1446027933769079,0.02993010662309209,0.00082138288047867646,0.015145214774475913,0.015145214774475913,0
57.900000000000006,0.17453289999999999,0.14468583775414628,0.029847062245853706,0.00083381760482294633,0.014838345359040672,0.014838345359040672,0
58.000000000000007,0.17453289999999999,0.1447701111918428,0.029762788808157192,0.00084599778111610997,0.014534828748067212,0.014534828748067212,0
58.100000000000001,0.17453289999999999,0.14485558841068441,0.02967731158931558,0.00085792617683652574,0.014234640406258117,0.014234640406258117,0
58.200000000000003,0.17453289999999999,0.14494224440652143,0.029590655593478565,0.00086960553855416347,0.013937755899503624,0.013937755899503624,0
58.300000000000004,0.17453289999999999,0.14503005444826408,0.029502845551735907,0.00088103859198791345,0.013644150895953465,0.013644150895953465,0
58.400000000000006,0.17453289999999999,0.14511899407578352,0.029413905924216471,0.00089222804206198032,0.013353801167100825,0.013353801167100825,0
58.500000000000007,0.17453289999999999,0.14520903909781649,0.029323860902183502,0.0009031765729612609,0.013066682588880805,0.013066682588880805,0
58.600000000000001,0.17453289999999999,0.14530016558987413,0.02923273441012586,0.00091388684818549822,0.012782771142786892,0.012782771142786892,0
58.700000000000003,0.17453289999999999,0.14539234989215383,0.029140550107846164,0.00092436151060215329,0.012502042917007405,0.012502042917007405,0
58.800000000000004,0.17453289999999999,0.14548556860745437,0.029047331392545617,0.00093460318249773914,0.012224474107586314,0.012224474107586314,0
58.900000000000006,0.17453289999999999,0.14557979859909381,0.028953101400906178,0.00094461446562749715,0.011950041019611231,0.011950041019611231,0
59.000000000000007,0.17453289999999999,0.14567501698882962,0.028857883011170371,0.00095439794126322801,0.011678720068432267,0.011678720068432267,0
59.100000000000001,0.17453289999999999,0.14577120115478059,0.028761698845219397,0.00096395617023899139,0.011410487780917553,0.011410487780917553,0
59.200000000000003,0.17453289999999999,0.14586832872935021,0.02866457127064978,0.00097329169299457605,0.011145320796747411,0.011145320796747411,0
59.300000000000004,0.17453289999999999,0.14596637759715059,0.028566522402849404,0.00098240702961632049,0.010883195869755634,0.010883195869755634,0
59.400000000000006,0.17453289999999999,0.14606532589292656,0.028467574107073429,0.00099130467987518147,0.010624089869320161,0.010624089869320161,0
59.500000000000007,0.17453289999999999,0.14616515199947933,0.028367748000520665,0.00099998712326161265,0.010367979781811636,0.010367979781811636,0
59.600000000000001,0.17453289999999999,0.14626583454558806,0.028267065454411933,0.0010084568190170504,0.010114842712105027,0.010114842712105027,0
59.700000000000003,0.17453289999999999,0.14636735240392998,0.028165547596070012,0.0010167162061615136,0.009864655885162766,0.009864655885162766,0
59.800000000000004,0.17453289999999999,0.14646968468899643,0.028063215311003559,0.0010247677035170116,0.0096173966476973509,0.0096173966476973509,0
59.900000000000006,0.17453289999999999,0.14657281075500478,0.027960089244995212,0.0010326137097263423,0.0093730424699210516,0.0093730424699210516,0
60.000000000000007,0.17453289999999999,0.14667671019380427,0.027856189806195725,0.0010402566032667179,0.0091315709473948035,0.0091315709473948035,0
60.100000000000001,0.17453289999999999,0.14678136283277515,0.027751537167224838,0.0010476987424577716,0.0088929598029849483,0.0088929598029849483,0
60.200000000000003,0.17453289999999999,0.14688674873271848,0.02764615126728151,0.001054942465463375,0.0086571868889407586,0.0086571868889407586,0
60.300000000000004,0.17453289999999999,0.14699284818573591,0.027540051814264083,0.001061990090286488,0.0084242301891072971,0.0084242301891072971,0
60.400000000000006,0.17453289999999999,0.1470996417130965,0.027433258286903489,0.0010688439147566013,0.0081940678212846646,0.0081940678212846646,0
60.500000000000007,0.17453289999999999,0.14720711006308895,0.027325789936911038,0.0010755062165087002,0.0079666780397544337,0.0079666780397544337,0
60.600000000000001,0.17453289999999999,0.14731523420885609,0.027217665791143902,0.0010819792529531767,0.0077420392379867232,0.0077420392379867232,0
60.700000000000003,0.17453289999999999,0.14742399534620951,0.027108904653790483,0.0010882652612355067,0.0075201299515513624,0.0075201299515513624,0
60.800000000000004,0.17453289999999999,0.14753337489142018,0.026999525108579808,0.0010943664581848788,0.0073009288612519915,0.0073009288612519915,0
60.900000000000006,0.17453289999999999,0.14764335447898205,0.026889545521017938,0.0011002850402504702,0.0070844147965094736,0.0070844147965094736,0
61.000000000000007,0.17453289999999999,0.14775391595934401,0.026778984040655984,0.0011060231834241938,0.0068705667390204957,0.0068705667390204957,0
61.100000000000001,0.17453289999999999,0.14786504139660547,0.026667858603394518,0.0011115830431485758,0.0066593638267201521,0.0066593638267201521,0
61.200000000000003,0.17453289999999999,0.14797671306617022,0.026556186933829773,0.0011169667542081925,0.0064507853580823074,0.0064507853580823074,0
61.300000000000004,0.17453289999999999,0.14808891345235223,0.026443986547647763,0.0011221764306030277,0.0062448107967932633,0.0062448107967932633,0
61.400000000000006,0.17453289999999999,0.1482016252459262,0.026331274754073791,0.0011272141654020947,0.0060414197768360878,0.0060414197768360878,0
61.500000000000007,0.17453289999999999,0.14831483134161499,0.026218068658384996,0.0011320820305751283,0.0058405921080326856,0.0058405921080326856,0
61.600000000000001,0.17453289999999999,0.14842850965518525,0.026104390344814737,0.0011367839395481783,0.0056422794329475286,0.0056422794329475286,0
61.700000000000003,0.17453289999999999,0.14854264184334914,0.025990258156650847,0.0011413226578994072,0.0054464503144615178,0.0054464503144615178,0
61.800000000000004,0.17453289999999999,0.14865721179223851,0.025875688207761482,0.0011457002378979606,0.0052530839255981905,0.0052530839255981905,0
61.900000000000006,0.17453289999999999,0.14877220359148588,0.025760696408514111,0.0011499187145466391,0.0050621595466746085,0.0050621595466746085,0
62.000000000000007,0.17453289999999999,0.14888760153250646,0.025645298467493527,0.0011539801056713991,0.0048736565654083422,0.0048736565654083422,0
62.100000000000001,0.17453289999999999,0.14900339010678973,0.025529509893210262,0.0011578864120109322,0.0046875544770134808,0.0046875544770134808,0
62.200000000000003,0.17453289999999999,0.14911955400419938,0.025413345995800612,0.0011616396173063186,0.0045038328842868791,0.0045038328842868791,0
62.300000000000004,0.17453289999999999,0.14923607811128281,0.02529682188871718,0.0011652416883907398,0.0043224714976838642,0.0043224714976838642,0
62.400000000000006,0.17453289999999999,0.14935294750958902,0.025179952490410967,0.0011686945752792501,0.0041434501353844674,0.0041434501353844674,0
62.500000000000007,0.17453289999999999,0.14947014747399606,0.025062752526003929,0.0011720002112585932,0.0039667487233492511,0.0039667487233492511,0
62.600000000000001,0.17453289999999999,0.14958766347104696,0.02494523652895303,0.0011751605129770577,0.0037923472953659901,0.0037923472953659901,0
62.700000000000003,0.17453289999999999,0.14970548115729501,0.024827418842704979,0.0011781773805343632,0.0036202259930864407,0.0036202259930864407,0
62.800000000000004,0.17453289999999999,0.1498235863776578,0.024709313622342188,0.0011810526975715703,0.0034503650660539231,0.0034503650660539231,0
62.900000000000006,0.17453289999999999,0.1499419651637805,0.024590934836219491,0.0011837883313609839,0.0032827448717217822,0.0032827448717217822,0
63.000000000000007,0.17453289999999999,0.15006060373240765,0.024472296267592342,0.0011863861328961574,0.0031173458754615094,0.0031173458754615094,0
63.100000000000001,0.17453289999999999,0.15017948848376475,0.02435341151623524,0.0011888479369817372,0.0029541486505639709,0.0029541486505639709,0
63.200000000000003,0.17453289999999999,0.15029860599994799,0.024234294000052004,0.0011911755623234207,0.0027931338782304291,0.0027931338782304291,0
63.300000000000004,0.17453289999999999,0.15041794304332337,0.02411495695667662,0.0011933708116178829,0.0026342823475547263,0.0026342823475547263,0
63.400000000000006,0.17453289999999999,0.15053748655493498,0.023995413445065006,0.0011954354716426458,0.0024775749554973789,0.0024775749554973789,0
63.500000000000007,0.17453289999999999,0.150657223652922,0.02387567634707799,0.0011973713133459104,0.002322992706851601,0.002322992706851601,0
63.600000000000001,0.17453289999999999,0.15077714163094474,0.023755758369055247,0.0011991800919364667,0.0021705167141988467,0.0021705167141988467,0
63.700000000000003,0.17453289999999999,0.15089722795661947,0.023635672043380518,0.0012008635469734016,0.0020201281978592875,0.0020201281978592875,0
63.800000000000004,0.17453289999999999,0.15101747026996273,0.023515429730037257,0.0012024234024558679,0.0018718084858316344,0.0018718084858316344,0
63.900000000000006,0.17453289999999999,0.15113785638184421,0.023395043618155781,0.0012038613669127119,0.0017255390137269656,0.0017255390137269656,0
64,0.17453289999999999,0.15125837427244865,0.023274525727551343,0.0012051791334921202,0.0015813013246931788,0.0015813013246931788,0
64.099999999999994,0.17453289999999999,0.15137901208974661,0.023153887910253385,0.0012063783800511851,0.0014390770693320509,0.0014390770693320509,0
64.200000000000003,0.17453289999999999,0.15149975814797453,0.023033141852025457,0.0012074607692453435,0.0012988480056092752,0.0012988480056092752,0
64.299999999999997,0.17453289999999999,0.15162060092612326,0.022912299073876735,0.0012084279486177937,0.0011605959987564494,0.0011605959987564494,0
64.399999999999991,0.17453289999999999,0.15174152906643595,0.022791370933564037,0.0012092815506887548,0.0010243030211664512,0.0010243030211664512,0
64.5,0.17453289999999999,0.15186253137291478,0.022670368627085213,0.0012100231930446911,0.00088995115228077473,0.00088995115228077473,0
64.599999999999994,0.17453289999999999,0.15198359680983625,0.022549303190163739,0.0012106544784274021,0.00075752257847050072,0.00075752257847050072,0
64.700000000000003,0.17453289999999999,0.15210471450027549,0.022428185499724501,0.0012111769948231204,0.00062699959290833315,0.00062699959290833315,0
64.799999999999997,0.17453289999999999,0.15222587372463997,0.02230702627536002,0.0012115923155512605,0.00049836459543733252,0.00049836459543733252,0
64.899999999999991,0.17453289999999999,0.15234706391921166,0.022185836080788335,0.0012119019993532829,0.00037160009242924452,0.00037160009242924452,0
65,0.17453289999999999,0.15246827467469778,0.022064625325302206,0.0012121075904812991,0.0002466886966388214,0.0002466886966388214,0
65.099999999999994,0.17453289999999999,0.15258949573479083,0.02194340426520916,0.0012122106187866771,0.00012361312704897362,0.00012361312704897362,0
65.200000000000003,0.17453289999999999,0.15271071699473757,0.021822183005262424,0.0012122125998083046,2.3562087129412601e-06,2.3562087129412601e-06,0
65.299999999999997,0.17453289999999999,0.15283192849991639,0.021700971500083599,0.0012121150348609574,-0.00011709912741363418,-0.00011709912741363418,0
65.399999999999991,0.17453289999999999,0.15295312044442383,0.021579779555576162,0.0012119194111233434,-0.00023476984464401718,-0.00023476984464401718,0
65.5,0.17453289999999999,0.15307428316966976,0.021458616830330235,0.0012116272017260656,-0.00035067280073894716,-0.00035067280073894716,0
65.599999999999994,0.17453289999999999,0.15319540716298091,0.021337492837019079,0.0012112398658394915,-0.00046482474809176819,-0.00046482474809176819,0
65.700000000000003,0.17453289999999999,0.15331648305621451,0.021216416943785482,0.001210758848761309,-0.00057724233391807933,-0.00057724233391807933,0
65.799999999999997,0.17453289999999999,0.15343750162437883,0.02109539837562116,0.0012101855820040577,-0.00068794210045187987,-0.00068794210045187987,0
65.899999999999991,0.17453289999999999,0.15355845378426408,0.020974446215735909,0.0012095214833824624,-0.00079694048514841395,-0.00079694048514841395,0
66,0.17453289999999999,0.15367933059308106,0.020853569406918931,0.001208767957100542,-0.00090425382089082476,-0.00090425382089082476,0
66.099999999999994,0.17453289999999999,0.15380012324710862,0.020732776752891369,0.0012079263938385818,-0.0010098983362031022,-0.0010098983362031022,0
66.200000000000003,0.17453289999999999,0.15392082308035027,0.020612076919649724,0.0012069981708399419,-0.0011138901554692306,-0.0011138901554692306,0
66.299999999999997,0.17453289999999999,0.154041421563199,0.020491478436800992,0.0012059846519976004,-0.0012162452991558159,-0.0012162452991558159,0
66.399999999999991,0.17453289999999999,0.15416191030111107,0.020370989698888925,0.0012048871879406164,-0.0013169796840421695,-0.0013169796840421695,0
66.5,0.17453289999999999,0.15428228103328784,0.020250618966712153,0.0012037071161203248,-0.0014161091234536939,-0.0014161091234536939,0
66.599999999999994,0.17453289999999999,0.15440252563136694,0.020130374368633047,0.0012024457608963107,-0.0015136493275005464,-0.0015136493275005464,0
66.700000000000003,0.17453289999999999,0.15452263609812167,0.020010263901878322,0.0012011044336222977,-0.0016096159033230362,-0.0016096159033230362,0
66.799999999999997,0.17453289999999999,0.15464260456616855,0.019890295433831445,0.0011996844327316696,-0.0017040243553386077,-0.0017040243553386077,0
66.899999999999991,0.17453289999999999,0.15476242329668446,0.019770476703315526,0.0011981870438228849,-0.0017968900854964005,-0.0017968900854964005,0
67,0.17453289999999999,0.15488208467813117,0.019650815321868825,0.0011966135397446823,-0.0018882283935354564,-0.0018882283935354564,0
67.099999999999994,0.17453289999999999,0.15500158122498922,0.01953131877501077,0.0011949651806809911,-0.0019780544772470682,-0.0019780544772470682,0
67.200000000000003,0.17453289999999999,0.15512090557649952,0.019411994423500473,0.0011932432142357117,-0.00206638343274234,-0.00206638343274234,0
67.299999999999997,0.17453289999999999,0.15524005049541403,0.019292849504585957,0.0011914488755171626,-0.0021532302547229709,-0.0021532302547229709,0
67.399999999999991,0.17453289999999999,0.15535900886675477,0.019173891133245219,0.0011895833872224261,-0.0022386098367584498,-0.0022386098367584498,0
67.5,0.17453289999999999,0.15547777369658092,0.019055126303419073,0.0011876479597213365,-0.0023225369715649848,-0.0023225369715649848,0
67.599999999999994,0.17453289999999999,0.15559633811076426,0.018936561889235731,0.0011856437911403168,-0.0024050263512899704,-0.0024050263512899704,0
67.700000000000003,0.17453289999999999,0.15571469535377369,0.0188182046462263,0.0011835720674459509,-0.0024860925678008156,-0.0024860925678008156,0
67.799999999999997,0.17453289999999999,0.15583283878746712,0.01870006121253287,0.0011814339625282545,-0.0025657501129757107,-0.0025657501129757107,0
67.899999999999991,0.17453289999999999,0.15595076188989238,0.018582138110107616,0.0011792306382838345,-0.0026440133790014073,-0.0026440133790014073,0
68,0.17453289999999999,0.15606845825409602,0.018464441745903976,0.0011769632446986557,-0.0027208966586718258,-0.0027208966586718258,0
68.099999999999994,0.17453289999999999,0.15618592158694067,0.018346978413059323,0.001174632919930619,-0.0027964141456918203,-0.0027964141456918203,0
68.200000000000003,0.17453289999999999,0.15630314570793027,0.018229754292069716,0.0011722407903918988,-0.002870579934984463,-0.002870579934984463,0
68.299999999999997,0.17453289999999999,0.15642012454804385,0.018112775451956137,0.0011697879708309985,-0.0029434080230018381,-0.0029434080230018381,0
68.399999999999991,0.17453289999999999,0.15653685214857727,0.017996047851422725,0.0011672755644145424,-0.0030149123080390368,-0.0030149123080390368,0
68.5,0.17453289999999999,0.15665332265999313,0.017879577340006864,0.001164704662808811,-0.0030851065905517332,-0.0030851065905517332,0
68.599999999999994,0.17453289999999999,0.15676953034077903,0.017763369659220957,0.0011620763462609934,-0.0031540045734769241,-0.0031540045734769241,0
68.700000000000003,0.17453289999999999,0.15688546955631361,0.017647430443686385,0.0011593916836802091,-0.0032216198625573782,-0.0032216198625573782,0
68.799999999999997,0.17453289999999999,0.15700113477774086,0.017531765222259132,0.0011566517327181957,-0.003287965966668388,-0.003287965966668388,0
68.899999999999991,0.17453289999999999,0.1571165205808524,0.017416379419147587,0.0011538575398497973,-0.0033530562981487662,-0.0033530562981487662,0
69,0.17453289999999999,0.15723162164497784,0.017301278355022154,0.0011510101404530891,-0.0034169041731334504,-0.0034169041731334504,0
69.099999999999994,0.17453289999999999,0.15734643275188318,0.017186467248116816,0.001148110558889308,-0.003479522811890727,-0.003479522811890727,0
69.200000000000003,0.17453289999999999,0.15746094878467684,0.01707195121532315,0.0011451598085824245,-0.0035409253391604917,-0.0035409253391604917,0
69.299999999999997,0.17453289999999999,0.15757516472672417,0.01695773527327582,0.0011421588920984837,-0.0036011247844968883,-0.0036011247844968883,0
69.399999999999991,0.17453289999999999,0.15768907566056925,0.016843824339430741,0.0011391088012246392,-0.0036601340826127628,-0.0036601340826127628,0
69.5,0.17453289999999999,0.15780267676686521,0.016730223233134778,0.0011360105170479054,-0.0037179660737275202,-0.0037179660737275202,0
69.599999999999994,0.17453289999999999,0.15791596332331165,0.016616936676688343,0.0011328650100335654,-0.0037746335039158321,-0.0037746335039158321,0
69.700000000000003,0.17453289999999999,0.15802893070360069,0.016503969296399301,0.0011296732401033837,-0.003830149025461603,-0.003830149025461603,0
69.799999999999997,0.17453289999999999,0.15814157437637019,0.016391325623629799,0.001126436156713451,-0.0038845251972123192,-0.0038845251972123192,0
69.899999999999991,0.17453289999999999,0.15825388990416497,0.016279010095835017,0.0011231546989317416,-0.0039377744849363322,-0.0039377744849363322,0
70,0.17453289999999999,0.15836587294240567,0.016167027057594319,0.0011198297955153863,-0.0039899092616826337,-0.0039899092616826337,0
70.099999999999994,0.17453289999999999,0.15847751923836548,0.016055380761634513,0.0011164623649876373,-0.0040409418081429581,-0.0040409418081429581,0
70.200000000000003,0.17453289999999999,0.15858882463015431,0.015944075369845684,0.0011130533157145261,-0.0040908843130157864,-0.0040908843130157864,0
70.299999999999997,0.17453289999999999,0.15869978504571075,0.01583311495428924,0.0011096035459812205,-0.0041397488733727304,-0.0041397488733727304,0
70.399999999999991,0.17453289999999999,0.15881039650180165,0.015722503498198342,0.0011061139440680723,-0.0041875474950269602,-0.0041875474950269602,0
70.5,0.17453289999999999,0.15892065510302911,0.015612244896970884,0.0011025853883263577,-0.0042342920929035535,-0.0042342920929035535,0
70.599999999999994,0.17453289999999999,0.15903055704084507,0.015502342959154924,0.0010990187472537075,-0.0042799944914118093,-0.0042799944914118093,0
70.700000000000003,0.17453289999999999,0.15914009859257364,0.015392801407426354,0.0010954148795692211,-0.0043246664248196252,-0.0043246664248196252,0
70.799999999999997,0.17453289999999999,0.1592492761204406,0.015283623879559394,0.0010917746342882768,-0.0043683195376295891,-0.0043683195376295891,0
70.899999999999991,0.17453289999999999,0.15935808607061047,0.015174813929389519,0.0010880988507970153,-0.0044109653849567568,-0.0044109653849567568,0
71,0.17453289999999999,0.15946652497223104,0.015066375027768947,0.0010843883589265154,-0.0044526154329083308,-0.0044526154329083308,0
71.099999999999994,0.17453289999999999,0.15957458943648525,0.014958310563514737,0.0010806439790266497,-0.0044932810589649597,-0.0044932810589649597,0
71.200000000000003,0.17453289999999999,0.15968227615565045,0.014850623844349542,0.0010768665220396185,-0.0045329735523635915,-0.0045329735523635915,0
71.299999999999997,0.17453289999999999,0.15978958190216477,0.014743318097835217,0.001073056789573169,-0.0045717041144818227,-0.0045717041144818227,0
71.399999999999991,0.17453289999999999,0.15989650352770129,0.014636396472298696,0.0010692155739734852,-0.0046094838592240367,-0.0046094838592240367,0
71.5,0.17453289999999999,0.16000303796224888,0.014529862037751112,0.0010653436583977624,-0.0046463238134086121,-0.0046463238134086121,0
71.599999999999994,0.17453289999999999,0.16010918221320053,0.014423717786799461,0.0010614418168864554,-0.0046822349171567364,-0.0046822349171567364,0
71.700000000000003,0.17453289999999999,0.16021493336444909,0.014317966635550905,0.0010575108144351962,-0.0047172280242826249,-0.0047172280242826249,0
71.799999999999997,0.17453289999999999,0.16032028857548963,0.014212611424510357,0.0010535514070663956,-0.0047513139026847638,-0.0047513139026847638,0
71.899999999999991,0.17453289999999999,0.16042524508052952,0.014107654919470469,0.0010495643419005081,-0.0047845032347386754,-0.0047845032347386754,0
72,0.17453289999999999,0.16052980018760524,0.014003099812394754,0.0010455503572269738,-0.0048168066176907734,-0.0048168066176907734,0
72.099999999999994,0.17453289999999999,0.16063395127770616,0.01389894872229383,0.0010415101825748325,-0.0048482345640531548,-0.0048482345640531548,0
72.200000000000003,0.17453289999999999,0.16073769580390587,0.013795204196094119,0.0010374445387829998,-0.0048787975019998764,-0.0048787975019998764,0
72.299999999999997,0.17453289999999999,0.16084103129049984,0.013691868709500149,0.0010333541380702241,-0.0049085057757638842,-0.0049085057757638842,0
72.399999999999991,0.17453289999999999,0.16094395533215061,0.013588944667849379,0.0010292396841046999,-0.0049373696460352189,-0.0049373696460352189,0
72.5,0.17453289999999999,0.16104646559303945,0.01348643440696054,0.0010251018720733572,-0.0049653992903598877,-0.0049653992903598877,0
72.599999999999994,0.17453289999999999,0.16114855980602524,0.013384340193974748,0.0010209413887508148,-0.0049926048035399198,-0.0049926048035399198,0
72.700000000000003,0.17453289999999999,0.16125023577181016,0.013282664228189828,0.0010167589125679979,-0.0050189961980341355,-0.0050189961980341355,0
72.799999999999997,0.17453289999999999,0.16135149135811203,0.013181408641887965,0.0010125551136804245,-0.005044583404359676,-0.005044583404359676,0
72.899999999999991,0.17453289999999999,0.16145232449884356,0.013080575501156433,0.0010083306540361525,-0.0050693762714943136,-0.0050693762714943136,0
73,0.17453289999999999,0.16155273319329852,0.012980166806701471,0.001004086187443393,-0.0050933845672796046,-0.0050933845672796046,0
73.099999999999994,0.17453289999999999,0.1616527155053443,0.012880184494655694,0.00099982235963779094,-0.0051166179788245426,-0.0051166179788245426,0
73.200000000000003,0.17453289999999999,0.16175226956262145,0.012780630437378537,0.0009955398083493596,-0.0051390861129099359,-0.0051390861129099359,0
73.299999999999997,0.17453289999999999,0.16185139355574973,0.012681506444250257,0.00099123916336908788,-0.0051607984963933234,-0.0051607984963933234,0
73.399999999999991,0.17453289999999999,0.16195008573754086,0.012582814262459135,0.00098692104661520083,-0.0051817645766144803,-0.0051817645766144803,0
73.5,0.17453289999999999,0.16204834442221785,0.012484555577782136,0.00098258607219908821,-0.0052019937218014504,-0.0052019937218014504,0
73.599999999999994,0.17453289999999999,0.16214616798464082,0.01238673201535917,0.00097823484649089314,-0.0052214952214769059,-0.0052214952214769059,0
73.700000000000003,0.17453289999999999,0.16224355485953948,0.012289345140460511,0.00097386796818475709,-0.005240278286865116,-0.005240278286865116,0
73.799999999999997,0.17453289999999999,0.16234050354075183,0.012192396459248162,0.00096948602836373343,-0.0052583520512990388,-0.0052583520512990388,0
73.899999999999991,0.17453289999999999,0.16243701258046983,0.01209588741953016,0.00096508961056435193,-0.0052757255706281751,-0.0052757255706281751,0
74,0.17453289999999999,0.16253308058849089,0.011999819411509099,0.00096067929084085182,-0.0052924078236262322,-0.0052924078236262322,0
74.099999999999994,0.17453289999999999,0.16262870623147613,0.011904193768523863,0.00095625563782907096,-0.0053084077123994149,-0.0053084077123994149,0
74.200000000000003,0.17453289999999999,0.16272388823221498,0.01180901176778501,0.00095181921280999252,-0.0053237340627948562,-0.0053237340627948562,0
74.299999999999997,0.17453289999999999,0.16281862536889574,0.011714274631104249,0.00094737056977295744,-0.0053383956248089851,-0.0053383956248089851,0
74.399999999999991,0.17453289999999999,0.162912916474383,0.011619983525616995,0.00094291025547852867,-0.0053524010729965217,-0.0053524010729965217,0
74.5,0.17453289999999999,0.16300676043550094,0.011526139564499049,0.00093843880952101878,-0.00536575900687929,-0.00536575900687929,0
74.599999999999994,0.17453289999999999,0.16310015619232282,0.01143274380767717,0.0009339567643906802,-0.0053784779513550741,-0.0053784779513550741,0
74.700000000000003,0.17453289999999999,0.16319310273746687,0.011339797262533119,0.00092946464553554555,-0.0053905663571067013,-0.0053905663571067013,0
74.799999999999997,0.17453289999999999,0.16328559911539811,0.01124730088460188,0.00092496297142293708,-0.0054020326010109886,-0.0054020326010109886,0
74.899999999999991,0.17453289999999999,0.16337764442173638,0.011155255578263606,0.00092045225360062801,-0.0054128849865476975,-0.0054128849865476975,0
75,0.17453289999999999,0.16346923780257078,0.011063662197429214,0.00091593299675766441,-0.0054231317442087444,-0.0054231317442087444,0
75.099999999999994,0.17453289999999999,0.16356037845377935,0.010972521546220637,0.00091140569878485204,-0.0054327810319067006,-0.0054327810319067006,0
75.200000000000003,0.17453289999999999,0.16365106562035567,0.010881834379644323,0.00090687085083489348,-0.0054418409353837599,-0.0054418409353837599,0
75.299999999999997,0.17453289999999999,0.1637412985957408,0.010791601404259193,0.00090232893738219409,-0.0054503194686203009,-0.0054503194686203009,0
75.399999999999991,0.17453289999999999,0.16383107672116146,0.010701823278838535,0.00089778043628231869,-0.0054582245742432027,-0.0054582245742432027,0
75.5,0.17453289999999999,0.16392039938497413,0.010612500615025861,0.00089322581883111369,-0.005465564123934185,-0.005465564123934185,0
75.599999999999994,0.17453289999999999,0.16400926602201482,0.01052363397798517,0.00088866554982349095,-0.0054723459188376691,-0.0054723459188376691,0
75.700000000000003,0.17453289999999999,0.16409767611295498,0.010435223887045014,0.00088410008761186337,-0.0054785776899685251,-0.0054785776899685251,0
75.799999999999997,0.17453289999999999,0.16418562918366286,0.010347270816337129,0.00087952988416425287,-0.0054842670986194227,-0.0054842670986194227,0
75.899999999999991,0.17453289999999999,0.16427312480457101,0.010259775195428977,0.00087495538512204674,-0.0054894217367678633,-0.0054894217367678633,0
76,0.17453289999999999,0.16436016259004932,0.010172737409950672,0.00087037702985742424,-0.005494049127482966,-0.005494049127482966,0
76.099999999999994,0.17453289999999999,0.16444674219778371,0.010086157802216278,0.00086579525153044376,-0.0054981567253317102,-0.0054981567253317102,0
76.200000000000003,0.17453289999999999,0.16453286332816081,0.010000036671839185,0.00086121047714578388,-0.0055017519167849249,-0.0055017519167849249,0
76.299999999999997,0.17453289999999999,0.16461852572365773,0.0099143742763422582,0.0008566231276091582,-0.0055048420206225898,-0.0055048420206225898,0
76.399999999999991,0.17453289999999999,0.16470372916823817,0.0098291708317618243,0.00085203361778338064,-0.0055074342883390266,-0.0055074342883390266,0
76.5,0.17453289999999999,0.16478847348675335,0.0097444265132466401,0.00084744235654410382,-0.0055095359045472282,-0.0055095359045472282,0
76.599999999999994,0.17453289999999999,0.16487275854434907,0.0096601414556509169,0.00084284974683521618,-0.0055111539873829753,-0.0055111539873829753,0
76.700000000000003,0.17453289999999999,0.16495658424587786,0.0095763157541221278,0.00083825618572390143,-0.005512295588908098,-0.005512295588908098,0
76.799999999999997,0.17453289999999999,0.16503995053531695,0.0094929494646830426,0.00083366206445536746,-0.0055129676955135709,-0.0055129676955135709,0
76.900000000000006,0.17453289999999999,0.16512285739519139,0.0094100426048085994,0.00082906776850723101,-0.0055131772283215589,-0.0055131772283215589,0
77,0.17453289999999999,0.16520530484600271,0.0093275951539972812,0.00082447367764358094,-0.005512931043587176,-0.005512931043587176,0
77.099999999999994,0.17453289999999999,0.16528729294566305,0.0092456070543369406,0.00081988016596869348,-0.0055122359330995428,-0.0055122359330995428,0
77.200000000000003,0.17453289999999999,0.16536882178893431,0.0091640782110656849,0.00081528760198042248,-0.0055110986245819199,-0.0055110986245819199,0
77.299999999999997,0.17453289999999999,0.165449891506873,0.0090830084931269872,0.00081069634862325653,-0.0055095257820916305,-0.0055095257820916305,0
77.400000000000006,0.17453289999999999,0.16553050226628016,0.0090023977337198302,0.00080610676334103644,-0.0055075240064188253,-0.0055075240064188253,0
77.5,0.17453289999999999,0.16561065426915636,0.0089222457308436309,0.0008015191981293519,-0.0055050998354847034,-0.0055050998354847034,0
77.599999999999994,0.17453289999999999,0.16569034775216232,0.0088425522478376706,0.00079693399958759412,-0.0055022597447390229,-0.0055022597447390229,0
77.700000000000003,0.17453289999999999,0.16576958298608427,0.0087633170139157224,0.0007923515089706902,-0.0054990101475567016,-0.0054990101475567016,0
77.799999999999997,0.17453289999999999,0.1658483602753047,0.0086845397246952949,0.00078777206224050101,-0.005495357395633723,-0.005495357395633723,0
77.900000000000006,0.17453289999999999,0.16592667995727828,0.0086062200427217128,0.00078319599011688701,-0.005491307779382254,-0.005491307779382254,0
78,0.17453289999999999,0.16600454240201248,0.008528357597987507,0.00077862361812845574,-0.0054868675283246959,-0.0054868675283246959,0
78.099999999999994,0.17453289999999999,0.16608194801155376,0.0084509519884462259,0.0007740552666629703,-0.0054820428114872397,-0.0054820428114872397,0
78.200000000000003,0.17453289999999999,0.16615889721947832,0.0083740027805216666,0.00076949125101743706,-0.0054768397377921996,-0.0054768397377921996,0
78.299999999999997,0.17453289999999999,0.16623539049038802,0.0082975095096119722,0.00076493188144786787,-0.0054712643564496493,-0.0054712643564496493,0
78.400000000000006,0.17453289999999999,0.16631142831941131,0.0082214716805886767,0.00076037746321870993,-0.0054653226573481012,-0.0054653226573481012,0
78.5,0.17453289999999999,0.1663870112317089,0.0081458887682910874,0.00075582829665196108,-0.0054590205714442116,-0.0054590205714442116,0
78.599999999999994,0.17453289999999999,0.1664621397819844,0.008070760218015588,0.00075128467717595134,-0.0054523639711515359,-0.0054523639711515359,0
78.700000000000003,0.17453289999999999,0.16653681455399982,0.0079960854460001674,0.00074674689537380641,-0.0054453586707283487,-0.0054453586707283487,0
78.799999999999997,0.17453289999999999,0.16661103616009584,0.0079218638399041474,0.00074221523703159081,-0.0054380104266644868,-0.0054380104266644868,0
78.900000000000006,0.17453289999999999,0.16668480524071699,0.0078480947592829975,0.00073768998318612185,-0.0054303249380671954,-0.0054303249380671954,0
79,0.17453289999999999,0.16675812246394126,0.0077747775360587357,0.00073317141017247185,-0.0054223078470457577,-0.0054223078470457577,0
79.099999999999994,0.17453289999999999,0.16683098852501491,0.0077019114749850848,0.00072865978967114303,-0.0054139647390954899,-0.0054139647390954899,0
79.200000000000003,0.17453289999999999,0.16690340414589142,0.0076294958541085756,0.0007241553887549284,-0.0054053011434801353,-0.0054053011434801353,0
79.299999999999997,0.17453289999999999,0.16697537007477559,0.0075575299252244044,0.00071965846993545597,-0.0053963225336138027,-0.0053963225336138027,0
79.400000000000006,0.17453289999999999,0.16704688708567197,0.0074860129143280163,0.0007151692912094064,-0.0053870343274412986,-0.0053870343274412986,0
79.5,0.17453289999999999,0.16711795597793791,0.007414944022062081,0.00071068810610442831,-0.0053774418878176286,-0.0053774418878176286,0
79.599999999999994,0.17453289999999999,0.1671885775758413,0.0073443224241586946,0.00070621516372472502,-0.0053675505228863562,-0.0053675505228863562,0
79.700000000000003,0.17453289999999999,0.16725875272812268,0.007274147271877307,0.00070175070879633598,-0.0053573654864567406,-0.0053573654864567406,0
79.799999999999997,0.17453289999999999,0.167328482307562,0.0072044176924379866,0.00069729498171210321,-0.0053468919783798714,-0.0053468919783798714,0
79.900000000000006,0.17453289999999999,0.16739776721054964,0.0071351327894503547,0.0006928482185763194,-0.005336135144923395,-0.005336135144923395,0
80,0.17453289999999999,0.16746660835666205,0.0070662916433379408,0.00068841065124907439,-0.0053251000791453978,-0.0053251000791453978,0
80.099999999999994,0.17453289999999999,0.16753500668824187,0.0069978933117581243,0.00068398250739028178,-0.0053137918212669485,-0.0053137918212669485,0
80.200000000000003,0.17453289999999999,0.16760296316998202,0.0069299368300179687,0.00067956401050340122,-0.0053022153590432525,-0.0053022153590432525,0
80.299999999999997,0.17453289999999999,0.16767047878851463,0.0068624212114853644,0.00067515537997885381,-0.0052903756281340048,-0.0052903756281340048,0
80.400000000000006,0.17453289999999999,0.16773755455200387,0.0067953454479961206,0.00067075683113712418,-0.0052782775124721147,-0.0052782775124721147,0
80.5,0.17453289999999999,0.16780419148974338,0.0067287085102566146,0.00066636857527156278,-0.0052659258446315152,-0.0052659258446315152,0
80.599999999999994,0.17453289999999999,0.16787039065175771,0.0066625093482422793,0.00066199081969087561,-0.0052533254061934813,-0.0052533254061934813,0
80.700000000000003,0.17453289999999999,0.16793615310840815,0.0065967468915918426,0.00065762376776131663,-0.005240480928111857,-0.005240480928111857,0
80.799999999999997,0.17453289999999999,0.16800147995000253,0.0065314200499974606,0.0006532676189485746,-0.0052273970910768821,-0.0052273970910768821,0
80.900000000000006,0.17453289999999999,0.16806637228640953,0.0064665277135904642,0.00064892256885935341,-0.0052140785258778972,-0.0052140785258778972,0
81,0.17453289999999999,0.16813083124667672,0.0064020687533232756,0.00064458880928266028,-0.0052005298137646101,-0.0052005298137646101,0
81.099999999999994,0.17453289999999999,0.168194857978653,0.0063380420213469957,0.00064026652823078291,-0.0051867554868070959,-0.0051867554868070959,0
81.200000000000003,0.17453289999999999,0.16825845364861491,0.0062744463513850768,0.00063595590997997668,-0.0051727600282545031,-0.0051727600282545031,0
81.299999999999997,0.17453289999999999,0.16832161944089719,0.0062112805591028053,0.00063165713511085186,-0.0051585478728925285,-0.0051585478728925285,0
81.400000000000006,0.17453289999999999,0.16838435655752712,0.0061485434424728702,0.0006273703805484591,-0.0051441234073993942,-0.0051441234073993942,0
81.5,0.17453289999999999,0.16844666621786297,0.0060862337821370183,0.00062309581960208818,-0.005129490970700569,-0.005129490970700569,0
81.599999999999994,0.17453289999999999,0.16850854965823633,0.0060243503417636568,0.00061883362200476307,-0.0051146548543220781,-0.0051146548543220781,0
81.700000000000003,0.17453289999999999,0.16857000813159853,0.0059628918684014598,0.00061458395395245005,-0.0050996193027426414,-0.0050996193027426414,0
81.799999999999997,0.17453289999999999,0.16863104290717071,0.0059018570928292824,0.000610346978142972,-0.0050843885137442143,-0.0050843885137442143,0
81.900000000000006,0.17453289999999999,0.16869165527009786,0.0058412447299021342,0.00060612285381462909,-0.0050689666387611892,-0.0050689666387611892,0
82,0.17453289999999999,0.16875184652110681,0.0057810534788931833,0.0006019117367845354,-0.005053357783228454,-0.005053357783228454,0
82.099999999999994,0.17453289999999999,0.16881161797616781,0.0057212820238321804,0.0005977137794866582,-0.005037566006927667,-0.005037566006927667,0
82.200000000000003,0.17453289999999999,0.16887097096616005,0.0056619290338399408,0.00059352913100957729,-0.00502159532433245,-0.00502159532433245,0
82.299999999999997,0.17453289999999999,0.16892990683654074,0.0056029931634592467,0.00058935793713395755,-0.0050054497049519895,-0.0050054497049519895,0
82.400000000000006,0.17453289999999999,0.16898842694701835,0.0055444730529816411,0.00058520034036972873,-0.0049891330736734768,-0.0049891330736734768,0
82.5,0.17453289999999999,0.16904653267122877,0.0054863673287712245,0.00058105647999299114,-0.0049726493111026168,-0.0049726493111026168,0
82.599999999999994,0.17453289999999999,0.16910422539641606,0.0054286746035839273,0.0005769264920826297,-0.004956002253903408,-0.004956002253903408,0
82.700000000000003,0.17453289999999999,0.16916150652311601,0.0053713934768839788,0.00057281050955665369,-0.0049391956951357879,-0.0049391956951357879,0
82.799999999999997,0.17453289999999999,0.16921837746484378,0.0053145225351562131,0.00056870866220825277,-0.004922233384592337,-0.004922233384592337,0
82.900000000000006,0.17453289999999999,0.16927483964778509,0.005258060352214905,0.00056462107674156987,-0.0049051190291333532,-0.0049051190291333532,0
83,0.17453289999999999,0.16933089451049063,0.0052020054895093593,0.00056054787680720605,-0.0048878562930203505,-0.0048878562930203505,0
83.099999999999994,0.17453289999999999,0.16938654350357452,0.0051463564964254749,0.00055648918303743717,-0.0048704487982483939,-0.0048704487982483939,0
83.200000000000003,0.17453289999999999,0.16944178808941573,0.0050911119105842562,0.00055244511308116231,-0.0048529001248766648,-0.0048529001248766648,0
83.299999999999997,0.17453289999999999,0.16949662974186336,0.0050362702581366325,0.00054841578163857809,-0.004835213811357774,-0.004835213811357774,0
83.400000000000006,0.17453289999999999,0.1695510699459451,0.0049818300540548921,0.00054440130049557202,-0.0048173933548654041,-0.0048173933548654041,0
83.5,0.17453289999999999,0.16960511019757932,0.0049277898024206734,0.00054040177855785667,-0.0047994422116207462,-0.0047994422116207462,0
83.599999999999994,0.17453289999999999,0.16965875200329028,0.0048741479967097101,0.00053641732188482053,-0.00478136379721706,-0.00478136379721706,0
83.700000000000003,0.17453289999999999,0.16971199687992708,0.0048209031200729113,0.000532448033723117,-0.0047631614869431942,-0.0047631614869431942,0
83.799999999999997,0.17453289999999999,0.16976484635438552,0.0047680536456144729,0.00052849401453998425,-0.0047448386161052444,-0.0047448386161052444,0
83.900000000000006,0.17453289999999999,0.16981730196333356,0.0047155980366664352,0.00052455536205629381,-0.004726398480346854,-0.004726398480346854,0
84,0.17453289999999999,0.16986936525293991,0.0046635347470600774,0.0005206321712793422,-0.0047078443359680824,-0.0047078443359680824,0
84.099999999999994,0.17453289999999999,0.16992103777860598,0.0046118622213940086,0.00051672453453536756,-0.0046891794002426081,-0.0046891794002426081,0
84.200000000000003,0.17453289999999999,0.16997232110470098,0.0045605788952990112,0.00051283254150181047,-0.004670406851733578,-0.004670406851733578,0
84.299999999999997,0.17453289999999999,0.17002321680430021,0.0045096831956997763,0.00050895627923931231,-0.0046515298306078444,-0.0046515298306078444,0
84.400000000000006,0.17453289999999999,0.17007372645892657,0.004459173541073419,0.00050509583222344847,-0.0046325514389486538,-0.0046325514389486538,0
84.5,0.17453289999999999,0.17012385165829524,0.0044090483417047466,0.00050125128237620789,-0.0046134747410669953,-0.0046134747410669953,0
84.599999999999994,0.17453289999999999,0.17017359400006132,0.0043593059999386674,0.00049742270909720963,-0.0045943027638111061,-0.0045943027638111061,0
84.700000000000003,0.17453289999999999,0.17022295508957089,0.0043099449104291032,0.000493610189294666,-0.004575038496874885,-0.004575038496874885,0
84.799999999999997,0.17453289999999999,0.17027193653961473,0.0042609634603852642,0.00048981379741609048,-0.0045556848931043639,-0.0045556848931043639,0
84.900000000000006,0.17453289999999999,0.17032053997018551,0.0042123600298144825,0.00048603360547874529,-0.0045362448688029324,-0.0045362448688029324,0
85,0.17453289999999999,0.17036876700823753,0.0041641329917624648,0.00048226968309984688,-0.0045167213040347796,-0.0045167213040347796,0
85.099999999999994,0.17453289999999999,0.17041661928744994,0.0041162807125500467,0.00047852209752650743,-0.0044971170429270874,-0.0044971170429270874,0
85.200000000000003,0.17453289999999999,0.17046409844799254,0.0040688015520074505,0.00047479091366543492,-0.0044774348939703775,-0.0044774348939703775,0
85.299999999999997,0.17453289999999999,0.17051120613629478,0.0040216938637052113,0.00047107619411238238,-0.0044576776303176715,-0.0044576776303176715,0
85.400000000000006,0.17453289999999999,0.17055794400481755,0.0039749559951824387,0.00046737799918134421,-0.0044378479900817579,-0.0044378479900817579,0
85.5,0.17453289999999999,0.17060431371182791,0.0039285862881720812,0.00046369638693351359,-0.004417948676631164,-0.004417948676631164,0
85.599999999999994,0.17453289999999999,0.17065031692117663,0.0038825830788233595,0.0004600314132059874,-0.0043979823588844134,-0.0043979823588844134,0
85.700000000000003,0.17453289999999999,0.17069595530207868,0.0038369446979213129,0.00045638313164023217,-0.0043779516716028668,-0.0043779516716028668,0
85.799999999999997,0.17453289999999999,0.1707412305288965,0.0037916694711034871,0.00045275159371030687,-0.0043578592156820369,-0.0043578592156820369,0
85.900000000000006,0.17453289999999999,0.17078614428092609,0.003746755719073902,0.00044913684875083859,-0.0043377075584411923,-0.0043377075584411923,0
86,0.17453289999999999,0.17083069824218561,0.0037022017578143829,0.00044553894398476833,-0.0043174992339114465,-0.0043174992339114465,0
86.099999999999994,0.17453289999999999,0.17087489410120726,0.0036580058987927266,0.00044195792455084716,-0.004297236743122523,-0.004297236743122523,0
86.200000000000003,0.17453289999999999,0.17091873355083151,0.0036141664491684822,0.00043839383353090269,-0.0042769225543877656,-0.0042769225543877656,0
86.299999999999997,0.17453289999999999,0.17096221828800395,0.0035706817119960377,0.00043484671197686626,-0.0042565591035875552,-0.0042565591035875552,0
86.400000000000006,0.17453289999999999,0.17100535001357511,0.0035275499864248772,0.00043131659893756334,-0.0042361487944512629,-0.0042361487944512629,0
86.5,0.17453289999999999,0.17104813043210276,0.0034847695678972279,0.00042780353148527542,-0.0042156939988377299,-0.0042156939988377299,0
86.599999999999994,0.17453289999999999,0.17109056125165703,0.0034423387483429602,0.0004243075447420631,-0.0041951970570141758,-0.0041951970570141758,0
86.700000000000003,0.17453289999999999,0.17113264418362781,0.003400255816372183,0.0004208286719058627,-0.0041746602779333458,-0.0041746602779333458,0
86.799999999999997,0.17453289999999999,0.17117438094253493,0.0033585190574650647,0.00041736694427635336,-0.004154085939509296,-0.004154085939509296,0
86.900000000000006,0.17453289999999999,0.17121577324584103,0.0033171267541589611,0.00041392239128059088,-0.004133476288891675,-0.004133476288891675,0
87,0.17453289999999999,0.17125682281376681,0.0032760771862331839,0.00041049504049842062,-0.004112833542738387,-0.004112833542738387,0
87.099999999999994,0.17453289999999999,0.17129753136910866,0.0032353686308913276,0.0004070849176876592,-0.004092159887486538,-0.004092159887486538,0
87.200000000000003,0.17453289999999999,0.1713379006370592,0.0031949993629407925,0.00040369204680905358,-0.0040714574796221724,-0.0040714574796221724,0
87.299999999999997,0.17453289999999999,0.17137793234502979,0.0031549676549701977,0.00040031645005101925,-0.004050728445948149,-0.004050728445948149,0
87.400000000000006,0.17453289999999999,0.17141762822247603,0.0031152717775239647,0.00039695814785415144,-0.0040299748838507612,-0.0040299748838507612,0
87.5,0.17453289999999999,0.17145699000072517,0.0030759099992748173,0.00039361715893552004,-0.0040091988615645431,-0.0040091988615645431,0
87.599999999999994,0.17453289999999999,0.17149601941280634,0.0030368805871936466,0.00039029350031274148,-0.0039884024184357004,-0.0039884024184357004,0
87.700000000000003,0.17453289999999999,0.17153471819328278,0.0029981818067172095,0.00038698718732783427,-0.0039675875651838076,-0.0039675875651838076,0
87.799999999999997,0.17453289999999999,0.17157308807808683,0.0029598119219131636,0.00038369823367086149,-0.003946756284162343,-0.003946756284162343,0
87.900000000000006,0.17453289999999999,0.17161113080435703,0.0029217691956429648,0.00038042665140334897,-0.0039259105296173165,-0.0039259105296173165,0
88,0.17453289999999999,0.17164884811027756,0.0028840518897224332,0.00037717245098149016,-0.0039050522279443899,-0.0039050522279443899,0
88.099999999999994,0.17453289999999999,0.17168624173491998,0.0028466582650800154,0.00037393564127915249,-0.0038841832779447291,-0.0038841832779447291,0
88.200000000000003,0.17453289999999999,0.17172331341808736,0.002809586581912632,0.00037071622961065524,-0.0038633055510791624,-0.0038633055510791624,0
88.299999999999997,0.17453289999999999,0.17176006490016049,0.0027728350998394991,0.00036751422175334078,-0.0038424208917206349,-0.0038424208917206349,0
88.400000000000006,0.17453289999999999,0.17179649792194651,0.0027364020780534792,0.00036432962196993881,-0.0038215311174054191,-0.0038215311174054191,0
88.5,0.17453289999999999,0.17183261422452958,0.0027002857754704068,0.00036116243303072147,-0.0038006380190825795,-0.0038006380190825795,0
88.599999999999994,0.17453289999999999,0.17186841554912385,0.0026644844508761367,0.00035801265623545758,-0.0037797433613620994,-0.0037797433613620994,0
88.700000000000003,0.17453289999999999,0.17190390363692862,0.0026289963630713731,0.00035488029143515597,-0.0037588488827614347,-0.0037588488827614347,0
88.799999999999997,0.17453289999999999,0.1719390802289856,0.0025938197710143884,0.00035176533705359882,-0.0037379562959503907,-0.0037379562959503907,0
88.900000000000006,0.17453289999999999,0.17197394706603836,0.0025589529339616335,0.00034866779010868051,-0.0037170672879946152,-0.0037170672879946152,0
89,0.17453289999999999,0.17200850588839373,0.0025243941116062651,0.00034558764623355089,-0.0036961835205976505,-0.0036961835205976505,0
89.099999999999994,0.17453289999999999,0.17204275843578551,0.002490141564214482,0.0003425248996975384,-0.0036753066303412095,-0.0036753066303412095,0
89.200000000000003,0.17453289999999999,0.17207670644724021,0.0024561935527597778,0.00033947954342688835,-0.0036544382289242124,-0.0036544382289242124,0
89.299999999999997,0.17453289999999999,0.17211035166094468,0.0024225483390553082,0.00033645156902531036,-0.0036335799034002778,-0.0036335799034002778,0
89.400000000000006,0.17453289999999999,0.17214369581411595,0.0023892041858840363,0.00033344096679430754,-0.0036127332164134999,-0.0036127332164134999,0
89.5,0.17453289999999999,0.17217674064287308,0.0023561593571269079,0.00033044772575332451,-0.0035918997064329329,-0.0035918997064329329,0
89.599999999999994,0.17453289999999999,0.1722094878821108,0.0023234121178891953,0.00032747183365970786,-0.0035710808879855461,-0.0035710808879855461,0
89.700000000000003,0.17453289999999999,0.1722419392653754,0.0022909607346245919,0.00032451327702845575,-0.0035502782518876119,-0.0035502782518876119,0
89.799999999999997,0.17453289999999999,0.17227409652474246,0.0022588034752575314,0.00032157204115178538,-0.0035294932654746057,-0.0035294932654746057,0
89.900000000000006,0.17453289999999999,0.1723059613906964,0.0022269386093035914,0.00031864811011852009,-0.0035087273728297702,-0.0035087273728297702,0
90,0.17453289999999999,0.17233753559201212,0.0021953644079878709,0.00031574146683326321,-0.0034879819950108665,-0.0034879819950108665,0
90.099999999999994,0.17453289999999999,0.17236882085563854,0.0021640791443614527,0.00031285209303540535,-0.003467258530275844,-0.003467258530275844,0
90.200000000000003,0.17453289999999999,0.17239981890658387,0.0021330810934161171,0.00030997996931793364,-0.0034465583543066888,-0.0034465583543066888,0
90.299999999999997,0.17453289999999999,0.17243053146780288,0.0021023685321971131,0.00030712507514607041,-0.0034258828204321544,-0.0034258828204321544,0
90.400000000000006,0.17453289999999999,0.17246096026008592,0.0020719397399140693,0.00030428738887570565,-0.0034052332598486328,-0.0034052332598486328,0
90.5,0.17453289999999999,0.17249110700194986,0.0020417929980501293,0.00030146688777165693,-0.0033846109818396952,-0.0033846109818396952,0
90.599999999999994,0.17453289999999999,0.17252097340953074,0.002011926590469254,0.00029866354802575939,-0.0033640172739944152,-0.0033640172739944152,0
90.700000000000003,0.17453289999999999,0.17255056119647838,0.0019823388035216105,0.00029587734477474738,-0.0033434534024238422,-0.0033434534024238422,0
90.799999999999997,0.17453289999999999,0.17257987207385247,0.0019530279261475159,0.00029310825211798972,-0.0033229206119762995,-0.0033229206119762995,0
90.900000000000006,0.17453289999999999,0.17260890775002075,0.001923992249979245,0.00029035624313501919,-0.0033024201264511008,-0.0033024201264511008,0
91,0.17453289999999999,0.1726376699305586,0.0018952300694413948,0.00028762128990290653,-0.0032819531488109226,-0.0032819531488109226,0
91.099999999999994,0.17453289999999999,0.17266616031815063,0.0018667396818493609,0.00028490336351343515,-0.0032615208613924716,-0.0032615208613924716,0
91.200000000000003,0.17453289999999999,0.17269438061249387,0.0018385193875061212,0.00028220243409012713,-0.0032411244261161673,-0.0032411244261161673,0
91.299999999999997,0.17453289999999999,0.1727223325102025,0.0018105674897974933,0.00027951847080507182,-0.0032207649846937997,-0.0032207649846937997,0
91.400000000000006,0.17453289999999999,0.17275001770471451,0.0017828822952854761,0.00027685144189561298,-0.0032004436588355572,-0.0032004436588355572,0
91.5,0.17453289999999999,0.17277743788619981,0.0017554621138001769,0.00027420131468082606,-0.0031801615504546922,-0.0031801615504546922,0
91.599999999999994,0.17453289999999999,0.17280459474147003,0.0017283052585299608,0.00027156805557785273,-0.0031599197418713887,-0.0031599197418713887,0
91.700000000000003,0.17453289999999999,0.17283148995388997,0.001701410046110019,0.00026895163011806788,-0.0031397192960152028,-0.0031397192960152028,0
91.799999999999997,0.17453289999999999,0.17285812520329055,0.0016747747967094384,0.00026635200296305881,-0.0031195612566256199,-0.0031195612566256199,0
91.900000000000006,0.17453289999999999,0.17288450216588352,0.0016483978341164662,0.00026376913792045263,-0.0030994466484516809,-0.0030994466484516809,0
92,0.17453289999999999,0.17291062251417758,0.0016222774858224154,0.00026120299795958464,-0.0030793764774501081,-0.0030793764774501081,0
92.099999999999994,0.17453289999999999,0.17293648791689609,0.0015964120831039041,0.00025865354522698728,-0.0030593517309818671,-0.0030593517309818671,0
92.200000000000003,0.17453289999999999,0.17296210003889634,0.0015707999611036527,0.00025612074106172721,-0.0030393733780074367,-0.0030393733780074367,0
92.299999999999997,0.17453289999999999,0.17298746054109029,0.0015454394589096976,0.00025360454601058131,-0.0030194423692807663,-0.0030194423692807663,0
92.400000000000006,0.17453289999999999,0.17301257108036688,0.0015203289196331071,0.00025110491984303745,-0.002999559637541567,-0.002999559637541567,0
92.5,0.17453289999999999,0.17303743330951576,0.0014954666904842262,0.0002486218215661527,-0.0029797260977065228,-0.0029797260977065228,0
92.599999999999994,0.17453289999999999,0.1730620488771526,0.0014708511228473942,0.00024615520943925366,-0.002959942647059172,-0.002959942647059172,0
92.700000000000003,0.17453289999999999,0.17308641942764558,0.0014464805723544139,0.00024370504098846906,-0.0029402101654380291,-0.0029402101654380291,0
92.799999999999997,0.17453289999999999,0.17311054660104369,0.0014223533989562998,0.00024127127302109685,-0.0029205295154234433,-0.0029205295154234433,0
92.900000000000006,0.17453289999999999,0.17313443203300621,0.0013984679669937772,0.00023885386163986045,-0.0029009015425237109,-0.0029009015425237109,0
93,0.17453289999999999,0.17315807735473365,0.0013748226452663381,0.00023645276225696434,-0.0028813270753590197,-0.0028813270753590197,0
93.099999999999994,0.17453289999999999,0.17318148419290008,0.0013514158070999094,0.00023406792960801567,-0.0028618069258443722,-0.0028618069258443722,0
93.200000000000003,0.17453289999999999,0.17320465416958689,0.0013282458304131051,0.00023169931776578735,-0.0028423418893710672,-0.0028423418893710672,0
93.299999999999997,0.17453289999999999,0.17322758890221776,0.0013053110977822302,0.00022934688015385953,-0.0028229327449872414,-0.0028229327449872414,0
93.400000000000006,0.17453289999999999,0.17325029000349526,0.00128260999650473,0.00022701056956006812,-0.0028035802555764966,-0.0028035802555764966,0
93.5,0.17453289999999999,0.17327275908133846,0.0012601409186615287,0.00022469033814983652,-0.0027842851680355291,-0.0027842851680355291,0
93.599999999999994,0.17453289999999999,0.17329499773882212,0.0012379022611778701,0.00022238613747934747,-0.0027650482134503841,-0.0027650482134503841,0
93.700000000000003,0.17453289999999999,0.17331700757411694,0.0012158924258830472,0.00022009791850857989,-0.0027458701072713906,-0.0027458701072713906,0
93.799999999999997,0.17453289999999999,0.17333879018043136,0.0011941098195686339,0.00021782563161418543,-0.0027267515494867039,-0.0027267515494867039,0
93.900000000000006,0.17453289999999999,0.17336034714595439,0.0011725528540456054,0.00021556922660223715,-0.0027076932247946631,-0.0027076932247946631,0
94,0.17453289999999999,0.17338168005379986,0.0011512199462001271,0.00021332865272082069,-0.002688695802774645,-0.002688695802774645,0
94.099999999999994,0.17453289999999999,0.1734027904819519,0.0011301095180480947,0.0002111038586725007,-0.002669759938056918,-0.002669759938056918,0
94.200000000000003,0.17453289999999999,0.17342368000321157,0.0011092199967884242,0.00020889479262662901,-0.0026508862704908982,-0.0026508862704908982,0
94.299999999999997,0.17453289999999999,0.17344435018514479,0.0010885498148552053,0.00020670140223153145,-0.0026320754253123606,-0.0026320754253123606,0
94.400000000000006,0.17453289999999999,0.17346480259003139,0.0010680974099686047,0.00020452363462654448,-0.002613328013309196,-0.002613328013309196,0
94.5,0.17453289999999999,0.17348503877481547,0.001047861225184521,0.0002023614364539163,-0.0025946446309859724,-0.0025946446309859724,0
94.599999999999994,0.17453289999999999,0.17350506029105681,0.0010278397089431845,0.00020021475387056845,-0.0025760258607270474,-0.0025760258607270474,0
94.700000000000003,0.17453289999999999,0.17352486868488354,0.0010080313151164533,0.00019808353255974378,-0.0025574722709589348,-0.0025574722709589348,0
94.799999999999997,0.17453289999999999,0.17354446549694585,0.00098843450305413638,0.00019596771774248845,-0.0025389844163106559,-0.0025389844163106559,0
94.900000000000006,0.17453289999999999,0.17356385226237106,0.00096904773762893082,0.00019386725418901924,-0.0025205628377734154,-0.0025205628377734154,0
95,0.17453289999999999,0.17358303051071949,0.00094986948928049708,0.00019178208622996903,-0.0025022080628589456,-0.0025022080628589456,0
95.099999999999994,0.17453289999999999,0.1736020017659417,0.00093089823405828609,0.00018971215776746698,-0.0024839206057561194,-0.0024839206057561194,0
95.200000000000003,0.17453289999999999,0.17362076754633674,0.00091213245366325579,0.00018765741228613482,-0.002465700967487171,-0.002465700967487171,0
95.299999999999997,0.17453289999999999,0.17363932936451143,0.00089357063548856086,0.00018561779286391231,-0.0024475496360618606,-0.0024475496360618606,0
95.400000000000006,0.17453289999999999,0.17365768872734083,0.00087521127265915988,0.00018359324218278168,-0.0024294670866309106,-0.0024294670866309106,0
95.5,0.17453289999999999,0.17367584713592962,0.00085705286407036785,0.00018158370253935883,-0.0024114537816380911,-0.0024114537816380911,0
95.599999999999994,0.17453289999999999,0.17369380608557472,0.0008390939144252707,0.00017958911585534633,-0.0023935101709709633,-0.0023935101709709633,0
95.700000000000003,0.17453289999999999,0.17371156706572871,0.0008213329342712794,0.0001776094236878789,-0.0023756366921105407,-0.0023756366921105407,0
95.799999999999997,0.17453289999999999,0.17372913155996453,0.00080376844003546277,0.00017564456723974579,-0.0023578337702799615,-0.0023578337702799615,0
95.900000000000006,0.17453289999999999,0.17374650104594094,0.00078639895405904769,0.00017369448736946562,-0.0023401018185913334,-0.0023401018185913334,0
96,0.17453289999999999,0.17376367699536915,0.00076922300463083682,0.00017175912460127622,-0.002322441238192135,-0.002322441238192135,0
96.099999999999994,0.17453289999999999,0.17378066087398028,0.00075223912601971032,0.00016983841913497061,-0.0023048524184097604,-0.0023048524184097604,0
96.200000000000003,0.17453289999999999,0.17379745414149408,0.00073544585850590649,0.00016793231085563158,-0.0022873357368954619,-0.0022873357368954619,0
96.299999999999997,0.17453289999999999,0.17381405825158819,0.00071884174841180259,0.00016604073934324546,-0.0022698915597666154,-0.0022698915597666154,0
96.400000000000006,0.17453289999999999,0.17383047465186877,0.00070242534813122481,0.00016416364388219116,-0.0022525202417482161,-0.0022525202417482161,0
96.5,0.17453289999999999,0.17384670478384179,0.000686195216158203,0.00016230096347062315,-0.0022352221263130137,-0.0022352221263130137,0
96.599999999999994,0.17453289999999999,0.17386275008288532,0.00067014991711467076,0.00016045263682972641,-0.0022179975458204047,-0.0022179975458204047,0
96.700000000000003,0.17453289999999999,0.17387861197822282,0.00065428802177716627,0.00015861860241286687,-0.0022008468216544374,-0.0022008468216544374,0
96.799999999999997,0.17453289999999999,0.17389429189289718,0.00063860810710281157,0.00015679879841461994,-0.0021837702643603472,-0.0021837702643603472,0
96.900000000000006,0.17453289999999999,0.17390979124374578,0.00062310875625420925,0.00015499316277969822,-0.0021667681737803585,-0.0021667681737803585,0
97,0.17453289999999999,0.17392511144137635,0.00060778855862364534,0.00015320163321174153,-0.0021498408391877021,-0.0021498408391877021,0
97.099999999999994,0.17453289999999999,0.17394025389014378,0.00059264610985620969,0.00015142414718203202,-0.0021329885394203666,-0.0021329885394203666,0
97.200000000000003,0.17453289999999999,0.17395521998812771,0.00057768001187227802,0.00014966064193807006,-0.0021162115430129829,-0.0021162115430129829,0
97.299999999999997,0.17453289999999999,0.17397001112711094,0.00056288887288905021,0.00014791105451205362,-0.002099510108327915,-0.002099510108327915,0
97.400000000000006,0.17453289999999999,0.1739846286925589,0.00054827130744108943,0.00014617532172924504,-0.0020828844836853211,-0.0020828844836853211,0
97.5,0.17453289999999999,0.17399907406359963,0.00053382593640036169,0.00014445338021623776,-0.0020663349074919179,-0.0020663349074919179,0
97.599999999999994,0.17453289999999999,0.17401334861300483,0.00051955138699516512,0.00014274516640910137,-0.0020498616083686597,-0.0020498616083686597,0
97.700000000000003,0.17453289999999999,0.17402745370717149,0.00050544629282850417,0.00014105061656144278,-0.0020334648052774658,-0.0020334648052774658,0
97.799999999999997,0.17453289999999999,0.17404139070610458,0.00049150929389540909,0.00013936966675233582,-0.002017144707646636,-0.002017144707646636,0
97.900000000000006,0.17453289999999999,0.17405516096340026,0.00047773903659972805,0.00013770225289418367,-0.0020009015154955779,-0.0020009015154955779,0
98,0.17453289999999999,0.17406876582623004,0.00046413417376994781,0.00013604831074042956,-0.0019847354195577844,-0.0019847354195577844,0
98.099999999999994,0.17453289999999999,0.17408220663532575,0.00045069336467423726,0.00013440777589321336,-0.0019686466014036032,-0.0019686466014036032,0
98.200000000000003,0.17453289999999999,0.17409548472496494,0.00043741527503504685,0.0001327805838109052,-0.001952635233561247,-0.001952635233561247,0
98.299999999999997,0.17453289999999999,0.17410860142295742,0.00042429857704257001,0.00013116666981553108,-0.0019367014796369893,-0.0019367014796369893,0
98.400000000000006,0.17453289999999999,0.17412155805063231,0.00041134194936767732,0.00012956596910011181,-0.0019208454944343355,-0.0019208454944343355,0
98.5,0.17453289999999999,0.17413435592282583,0.00039854407717415663,0.00012797841673590837,-0.0019050674240721939,-0.0019050674240721939,0
98.599999999999994,0.17453289999999999,0.17414699634786981,0.00038590365213017619,0.0001264039476795456,-0.0018893674061016448,-0.0018893674061016448,0
98.700000000000003,0.17453289999999999,0.17415948062758116,0.00037341937241883172,0.00012484249678006824,-0.0018737455696223966,-0.0018737455696223966,0
98.799999999999997,0.17453289999999999,0.17417181005725146,0.00036108994274852702,0.00012329399878588761,-0.0018582020353974499,-0.0018582020353974499,0
98.900000000000006,0.17453289999999999,0.17418398592563789,0.00034891407436210553,0.00012175838835162697,-0.0018427369159671799,-0.0018427369159671799,0
99,0.17453289999999999,0.17419600951495429,0.0003368904850457044,0.0001202356000448811,-0.0018273503157621553,-0.0018273503157621553,0
99.099999999999994,0.17453289999999999,0.17420788210086327,0.0003250178991367203,0.00011872556835289175,-0.0018120423312153315,-0.0018120423312153315,0
99.200000000000003,0.17453289999999999,0.17421960495246877,0.00031329504753122017,0.00011722822768909868,-0.0017968130508725561,-0.0017968130508725561,0
99.299999999999997,0.17453289999999999,0.17423117933230942,0.00030172066769057482,0.00011574351239964519,-0.0017816625555030388,-0.0017816625555030388,0
99.400000000000006,0.17453289999999999,0.17424260649635226,0.00029029350364773165,0.00011427135676974754,-0.001766590918207724,-0.001766590918207724,0
99.5,0.17453289999999999,0.17425388769398742,0.00027901230601257154,0.00011281169503001157,-0.0017515982045276366,-0.0017515982045276366,0
99.599999999999994,0.17453289999999999,0.17426502416802334,0.00026787583197665499,0.00011136446136262538,-0.0017366844725506016,-0.0017366844725506016,0
99.700000000000003,0.17453289999999999,0.17427601715468238,0.00025688284531760752,0.00010992958990750157,-0.001721849773017421,-0.001721849773017421,0
99.799999999999997,0.17453289999999999,0.17428686788359729,0.00024603211640270017,0.00010850701476829532,-0.0017070941494266158,-0.0017070941494266158,0
99.900000000000006,0.17453289999999999,0.17429757757780812,0.00023532242219187482,0.00010709667001836642,-0.0016924176381387208,-0.0016924176381387208,0
100,0.17453289999999999,0.1743081474537598,0.0002247525462401867,0.00010569848970663289,-0.0016778202684792052,-0.0016778202684792052,0
100.09999999999999,0.17453289999999999,0.17431857872130038,0.00021432127869960849,0.0001043124078633501,-0.0016633020628406933,-0.0016633020628406933,0
100.2,0.17453289999999999,0.1743288725836796,0.00020402741632039034,0.0001029383585058088,-0.0016488630367841681,-0.0016488630367841681,0
100.3,0.17453289999999999,0.17433903023754813,0.00019386976245186482,0.00010157627564393823,-0.0016345031991390235,-0.0016345031991390235,0
100.40000000000001,0.17453289999999999,0.17434905287295754,0.00018384712704244688,0.00010022609328583118,-0.0016202225521025145,-0.0016202225521025145,0
100.5,0.17453289999999999,0.1743589416733605,0.00017395832663949506,9.8887745443201758e-05,-0.0016060210913381365,-0.0016060210913381365,0
100.59999999999999,0.17453289999999999,0.17436869781561182,0.00016420218438817358,9.7561166136735333e-05,-0.0015918988060730625,-0.0015918988060730625,0
100.7,0.17453289999999999,0.17437832246996973,0.00015457753003025876,9.6246289401376994e-05,-0.0015778556791945272,-0.0015778556791945272,0
100.8,0.17453289999999999,0.17438781680009799,0.00014508319990200191,9.4943049291536119e-05,-0.0015638916873456483,-0.0015638916873456483,0
100.90000000000001,0.17453289999999999,0.17439718196306814,0.00013571803693185336,9.3651379886210462e-05,-0.0015500068010199349,-0.0015500068010199349,0
101,0.17453289999999999,0.17440641910936272,0.00012648089063727053,9.2371215294027859e-05,-0.001536200984655231,-0.001536200984655231,0
101.09999999999999,0.17453289999999999,0.17441552938287849,0.00011737061712149832,9.1102489658220474e-05,-0.0015224741967264702,-0.0015224741967264702,0
101.2,0.17453289999999999,0.17442451392093056,0.00010838607906943354,8.984513716151956e-05,-0.0015088263898379185,-0.0015088263898379185,0
101.3,0.17453289999999999,0.17443337385425664,9.9526145743350503e-05,8.8599092030967696e-05,-0.001495257510814068,-0.001495257510814068,0
101.40000000000001,0.17453289999999999,0.1744421103070222,9.0789692977794045e-05,8.736428854265407e-05,-0.0014817675007899793,-0.0014817675007899793,0
101.5,0.17453289999999999,0.17445072439682552,8.2175603174472478e-05,8.6140661026397192e-05,-0.001468356295300677,-0.001468356295300677,0
101.59999999999999,0.17453289999999999,0.17445921723470381,7.368276529617912e-05,8.4928143870317919e-05,-0.0014550238243695435,-0.0014550238243695435,0
101.7,0.17453289999999999,0.17446758992513936,6.5310074860630563e-05,8.3726671525378941e-05,-0.0014417700125961904,-0.0014417700125961904,0
101.8,0.17453289999999999,0.17447584356606627,5.7056433933722062e-05,8.2536178509815325e-05,-0.0014285947792429538,-0.0014285947792429538,0
101.90000000000001,0.17453289999999999,0.1744839792488776,4.8920751122394357e-05,8.1356599413523169e-05,-0.0014154980383210226,-0.0014154980383210226,0
102,0.17453289999999999,0.17449199805843302,4.0901941566973132e-05,8.0187868902362424e-05,-0.0014024796986755505,-0.0014024796986755505,0
102.09999999999999,0.17453289999999999,0.17449990107306684,3.2998926933147654e-05,7.9029921722381408e-05,-0.0013895396640697176,-0.0013895396640697176,0
102.2,0.17453289999999999,0.17450768936459637,2.5210635403616344e-05,7.7882692703991956e-05,-0.0013766778332682389,-0.0013766778332682389,0
102.3,0.17453289999999999,0.17451536399833079,1.7536001669204992e-05,7.674611676607153e-05,-0.0013638941001200826,-0.0013638941001200826,0
102.40000000000001,0.17453289999999999,0.17452292603308045,9.9739669195408887e-06,7.5620128919974777e-05,-0.001351188353640005,-0.001351188353640005,0
102.5,0.17453289999999999,0.17453037652116649,2.5234788335048997e-06,7.4504664273509886e-05,-0.001338560478089673,-0.001338560478089673,0
102.59999999999999,0.17453289999999999,0.17453771650843078,-4.8165084307882911e-06,7.3399658034821788e-05,-0.0013260103530575804,-0.0013260103530575804,0
102.7,0.17453289999999999,0.17454494703424658,-1.2047034246592814e-05,7.2305045516232459e-05,-0.001313537853538777,-0.001313537853538777,0
102.8,0.17453289999999999,0.17455206913152899,-1.9169131528995464e-05,7.1220762137987878e-05,-0.0013011428500127773,-0.0013011428500127773,0
102.90000000000001,0.17453289999999999,0.17455908382674637,-2.6183826746378758e-05,7.014674343196775e-05,-0.0012888252085217983,-0.0012888252085217983,0
103,0.17453289999999999,0.1745659921399319,-3.3092139931911735e-05,6.9082925045317486e-05,-0.0012765847907476265,-0.0012765847907476265,0
103.09999999999999,0.17453289999999999,0.17457279508469523,-3.9895084695235061e-05,6.8029242744016303e-05,-0.0012644214540875286,-0.0012644214540875286,0
103.2,0.17453289999999999,0.17457949366823483,-4.6593668234840013e-05,6.698563241638171e-05,-0.0012523350517297108,-0.0012523350517297108,0
103.3,0.17453289999999999,0.17458608889135069,-5.3188891350697265e-05,6.5952030076526035e-05,-0.0012403254327281658,-0.0012403254327281658,0
103.40000000000001,0.17453289999999999,0.17459258174845704,-5.9681748457052208e-05,6.4928371867724099e-05,-0.001228392442076086,-0.001228392442076086,0
103.5,0.17453289999999999,0.17459897322759568,-6.6073227595692119e-05,6.3914594065750353e-05,-0.0012165359207791985,-0.0012165359207791985,0
103.59999999999999,0.17453289999999999,0.17460526431044962,-7.2364310449629654e-05,6.2910633082134953e-05,-0.0012047557059280587,-0.0012047557059280587,0
103.7,0.17453289999999999,0.17461145597235686,-7.8555972356869619e-05,6.1916425467365178e-05,-0.0011930516307694428,-0.0011930516307694428,0
103.8,0.17453289999999999,0.17461754918232467,-8.4649182324675332e-05,6.0931907914035731e-05,-0.0011814235247773184,-0.0011814235247773184,0
103.90000000000001,0.17453289999999999,0.17462354490304413,-9.0644903044140301e-05,5.9957017259928101e-05,-0.0011698712137228461,-0.0011698712137228461,0
104,0.17453289999999999,0.17462944409090492,-9.6544090904926438e-05,5.8991690491042671e-05,-0.0011583945197436946,-0.0011583945197436946,0
104.09999999999999,0.17453289999999999,0.17463524769601038,-0.00010234769601039084,5.8035864744570041e-05,-0.0011469932614126515,-0.0011469932614126515,0
104.2,0.17453289999999999,0.17464095666219301,-0.0001080566621930179,5.708947731179522e-05,-0.0011356672538053319,-0.0011356672538053319,0
104.3,0.17453289999999999,0.17464657192703012,-0.00011367192703012896,5.6152465640975539e-05,-0.0011244163085676886,-0.0011244163085676886,0
104.40000000000001,0.17453289999999999,0.17465209442185983,-0.00011919442185984175,5.522476734012092e-05,-0.0011132402339820184,-0.0011132402339820184,0
104.5,0.17453289999999999,0.17465752507179741,-0.00012462507179741844,5.4306320179759535e-05,-0.0011021388350330901,-0.0011021388350330901,0
104.59999999999999,0.17453289999999999,0.17466286479575152,-0.00012996479575153042,5.3397062095620601e-05,-0.0010911119134727012,-0.0010911119134727012,0
104.7,0.17453289999999999,0.17466811450644124,-0.00013521450644124466,5.249693119128249e-05,-0.0010801592678843295,-0.0010801592678843295,0
104.8,0.17453289999999999,0.17467327511041308,-0.00014037511041309347,5.160586574075835e-05,-0.0010692806937467438,-0.0010692806937467438,0
104.90000000000001,0.17453289999999999,0.1746783475080583,-0.00014544750805831064,5.072380419102752e-05,-0.001058475983496806,-0.001058475983496806,0
105,0.17453289999999999,0.17468333259363028,-0.00015043259363028971,4.985068516451742e-05,-0.0010477449265916031,-0.0010477449265916031,0
105.09999999999999,0.17453289999999999,0.1746882312552625,-0.00015533125526251412,4.8986447461542911e-05,-0.0010370873095702864,-0.0010370873095702864,0
105.2,0.17453289999999999,0.17469304437498648,-0.00016014437498648726,4.8131030062680458e-05,-0.0010265029161147356,-0.0010265029161147356,0
105.3,0.17453289999999999,0.17469777282875001,-0.0001648728287500234,4.7284372131098631e-05,-0.0010159915271097989,-0.0010159915271097989,0
105.40000000000001,0.17453289999999999,0.17470241748643575,-0.0001695174864357607,4.6446413014844773e-05,-0.0010055529207029666,-0.0010055529207029666,0
105.5,0.17453289999999999,0.17470697921187986,-0.00017407921187986841,4.5617092249077674e-05,-0.00099518687236326659,-0.00099518687236326659,0
105.59999999999999,0.17453289999999999,0.17471145886289097,-0.00017855886289097622,4.4796349558242726e-05,-0.00098489315493934535,-0.00098489315493934535,0
105.7,0.17453289999999999,0.17471585729126918,-0.00018295729126918681,4.3984124858213833e-05,-0.0009746715387170358,-0.0009746715387170358,0
105.8,0.17453289999999999,0.17472017534282563,-0.00018727534282564351,4.3180358258377544e-05,-0.00096452179147643927,-0.00096452179147643927,0
105.90000000000001,0.17453289999999999,0.17472441385740192,-0.0001915138574019315,4.2384990063685535e-05,-0.00095444367854827109,-0.00095444367854827109,0
106,0.17453289999999999,0.17472857366888989,-0.00019567366888989524,4.1597960776631439e-05,-0.0009444369628692611,-0.0009444369628692611,0
106.09999999999999,0.17453289999999999,0.17473265560525161,-0.0001997556052516225,4.0819211099213302e-05,-0.00093450140503746192,-0.00093450140503746192,0
106.2,0.17453289999999999,0.17473666048853945,-0.00020376048853945616,4.0048681934834136e-05,-0.00092463676336647057,-0.00092463676336647057,0
106.3,0.17453289999999999,0.17474058913491644,-0.00020768913491645002,3.9286314390159024e-05,-0.00091484279393931243,-0.00091484279393931243,0
106.40000000000001,0.17453289999999999,0.17474444235467679,-0.00021154235467679694,3.8532049776928967e-05,-0.00090511925066151836,-0.00090511925066151836,0
106.5,0.17453289999999999,0.17474822095226661,-0.00021532095226661774,3.7785829613736498e-05,-0.00089546588531387475,-0.00089546588531387475,0
106.59999999999999,0.17453289999999999,0.17475192572630469,-0.00021902572630469463,3.7047595627745625e-05,-0.00088588244760411583,-0.00088588244760411583,0
106.7,0.17453289999999999,0.17475555746960353,-0.00022265746960353772,3.6317289756383327e-05,-0.00087636868521843764,-0.00087636868521843764,0
106.8,0.17453289999999999,0.17475911696919058,-0.0002262169691905902,3.5594854148980161e-05,-0.00086692434387223313,-0.00086692434387223313,0
106.90000000000001,0.17453289999999999,0.17476260500632962,-0.00022970500632962798,3.4880231168368361e-05,-0.00085754916736025845,-0.00085754916736025845,0
107,0.17453289999999999,0.17476602235654212,-0.00023312235654213143,3.4173363392441999e-05,-0.00084824289760608736,-0.00084824289760608736,0
107.09999999999999,0.17453289999999999,0.17476936978962909,-0.00023646978962910126,3.3474193615677844e-05,-0.00083900527471130241,-0.00083900527471130241,0
107.2,0.17453289999999999,0.1747726480696927,-0.0002397480696927079,3.2782664850610376e-05,-0.00082983603700369462,-0.00082983603700369462,0
107.3,0.17453289999999999,0.17477585795515838,-0.00024295795515838492,3.2098720329269374e-05,-0.00082073492108523363,-0.00082073492108523363,0
107.40000000000001,0.17453289999999999,0.17477900019879683,-0.0002461001987968392,3.1422303504585862e-05,-0.0008117016618793847,-0.0008117016618793847,0
107.5,0.17453289999999999,0.17478207554774627,-0.00024917554774628314,3.0753358051740934e-05,-0.00080273599267761996,-0.00080273599267761996,0
107.59999999999999,0.17453289999999999,0.17478508474353482,-0.00025218474353483344,3.009182786949604e-05,-0.00079383764518576217,-0.00079383764518576217,0
107.7,0.17453289999999999,0.17478802852210293,-0.00025512852210293757,2.9437657081471881e-05,-0.00078500634956943144,-0.00078500634956943144,0
107.8,0.17453289999999999,0.17479090761382599,-0.00025800761382599458,2.879079003739923e-05,-0.00077624183449918069,-0.00077624183449918069,0
107.90000000000001,0.17453289999999999,0.17479372274353713,-0.00026082274353714241,2.8151171314321418e-05,-0.00076754382719492788,-0.00076754382719492788,0
108,0.17453289999999999,0.17479647463055001,-0.00026357463055001751,2.7518745717769676e-05,-0.00075891205346987169,-0.00075891205346987169,0
108.09999999999999,0.17453289999999999,0.17479916398868181,-0.00026626398868181966,2.6893458282899431e-05,-0.0007503462377740094,-0.0007503462377740094,0
108.2,0.17453289999999999,0.17480179152627634,-0.00026889152627634916,2.62752542755911e-05,-0.00074184610323698894,-0.00074184610323698894,0
108.3,0.17453289999999999,0.17480435794622709,-0.0002714579462270994,2.5664079193513543e-05,-0.00073341137171034317,-0.00073341137171034317,0
108.40000000000001,0.17453289999999999,0.17480686394600067,-0.00027396394600068263,2.5059878767154332e-05,-0.00072504176380946061,-0.00072504176380946061,0
108.5,0.17453289999999999,0.17480931021766005,-0.00027641021766006135,2.446259896081761e-05,-0.00071673699895477832,-0.00071673699895477832,0
108.59999999999999,0.17453289999999999,0.17481169744788813,-0.00027879744788814054,2.3872185973581781e-05,-0.00070849679541261259,-0.00070849679541261259,0
108.7,0.17453289999999999,0.17481402631801127,-0.00028112631801127663,2.3288586240232907e-05,-0.00070032087033546899,-0.00070032087033546899,0
108.8,0.17453289999999999,0.17481629750402305,-0.00028339750402306407,2.2711746432157664e-05,-0.00069220893980190203,-0.00069220893980190203,0
108.90000000000001,0.17453289999999999,0.17481851167660784,-0.00028561167660784426,2.2141613458204188e-05,-0.00068416071885551966,-0.00068416071885551966,0
109,0.17453289999999999,0.17482066950116473,-0.00028776950116474187,2.1578134465511882e-05,-0.00067617592154395573,-0.00067617592154395573,0
109.09999999999999,0.17453289999999999,0.17482277163783147,-0.00028987163783147918,2.1021256840311135e-05,-0.00066825426095707958,-0.00066825426095707958,0
109.2,0.17453289999999999,0.17482481874150838,-0.00029191874150838459,2.0470928208692666e-05,-0.00066039544926485257,-0.00066039544926485257,0
109.3,0.17453289999999999,0.17482681146188242,-0.000293911461882429,1.9927096437333753e-05,-0.00065259919775443654,-0.00065259919775443654,0
109.40000000000001,0.17453289999999999,0.17482875044345142,-0.00029585044345142864,1.9389709634214808e-05,-0.00064486521686729517,-0.00064486521686729517,0
109.5,0.17453289999999999,0.17483063632554813,-0.00029773632554813689,1.8858716149292671e-05,-0.00063719321623540489,-0.00063719321623540489,0
109.59999999999999,0.17453289999999999,0.1748324697423646,-0.00029956974236461376,1.8334064575129163e-05,-0.00062958290471693869,-0.00062958290471693869,0
109.7,0.17453289999999999,0.17483425132297645,-0.00030135132297645639,1.7815703747523264e-05,-0.0006220339904318751,-0.0006220339904318751,0
109.8,0.17453289999999999,0.17483598169136724,-0.00030308169136725183,1.7303582746099142e-05,-0.0006145461807970363,-0.0006145461807970363,0
109.90000000000001,0.17453289999999999,0.17483766146645294,-0.00030476146645294633,1.6797650894844559e-05,-0.00060711918256014835,-0.00060711918256014835,0
110,0.17453289999999999,0.17483929126210637,-0.00030639126210638135,1.6297857762664692e-05,-0.00059975270183434579,-0.00059975270183434579,0
110.09999999999999,0.17453289999999999,0.17484087168718182,-0.00030797168718182943,1.5804153163861893e-05,-0.00059244644413134352,-0.00059244644413134352,0
110.2,0.17453289999999999,0.17484240334553952,-0.00030950334553953018,1.5316487158618679e-05,-0.0005852001143946664,-0.0005852001143946664,0
110.3,0.17453289999999999,0.17484388683607047,-0.00031098683607047595,1.4834810053440084e-05,-0.00057801341703239749,-0.00057801341703239749,0
110.40000000000001,0.17453289999999999,0.17484532275272091,-0.00031242275272092002,1.4359072401587483e-05,-0.00057088605594949465,-0.00057088605594949465,0
110.5,0.17453289999999999,0.17484671168451713,-0.00031381168451713459,1.3889225003451276e-05,-0.00056381773457925754,-0.00056381773457925754,0
110.59999999999999,0.17453289999999999,0.17484805421559022,-0.00031515421559022427,1.3425218906926351e-05,-0.00055680815591489861,-0.00055680815591489861,0
110.7,0.17453289999999999,0.17484935092520076,-0.000316450925200773,1.2967005407756848e-05,-0.00054985702254039626,-0.00054985702254039626,0
110.8,0.17453289999999999,0.17485060238776387,-0.0003177023877638796,1.2514536049843408e-05,-0.00054296403666106096,-0.00054296403666106096,0
110.90000000000001,0.17453289999999999,0.1748518091728738,-0.00031890917287380471,1.2067762625544752e-05,-0.00053612890013361031,-0.00053612890013361031,0
111,0.17453289999999999,0.17485297184532886,-0.00032007184532886757,1.1626637175926771e-05,-0.00052935131449554946,-0.00052935131449554946,0
111.09999999999999,0.17453289999999999,0.17485409096515647,-0.00032119096515648149,1.1191111991031893e-05,-0.00052263098099505554,-0.00052263098099505554,0
111.2,0.17453289999999999,0.17485516708763787,-0.00032226708763788414,1.076113961005663e-05,-0.00051596760061890345,-0.00051596760061890345,0
111.3,0.17453289999999999,0.17485620076333322,-0.00032330076333322855,1.0336672821584517e-05,-0.00050936087412174985,-0.00050936087412174985,0
111.40000000000001,0.17453289999999999,0.17485719253810644,-0.00032429253810645209,9.917664663737516e-06,-0.00050281050205372739,-0.00050281050205372739,0
111.5,0.17453289999999999,0.1748581429531503,-0.00032524295315031204,9.5040684243113515e-06,-0.00049631618478791642,-0.00049631618478791642,0
111.59999999999999,0.17453289999999999,0.17485905254501119,-0.00032615254501119906,9.0958376409370899e-06,-0.0004898776225480667,-0.0004898776225480667,0
111.7,0.17453289999999999,0.17485992184561441,-0.00032702184561442249,8.6929261011405879e-06,-0.00048349451543495308,-0.00048349451543495308,0
111.8,0.17453289999999999,0.17486075138228893,-0.00032785138228894062,8.2952878424527634e-06,-0.0004771665634530904,-0.0004771665634530904,0
111.90000000000001,0.17453289999999999,0.17486154167779244,-0.00032864167779245168,7.9028771524603983e-06,-0.00047089346653673883,-0.00047089346653673883,0
112,0.17453289999999999,0.17486229325033645,-0.00032939325033645717,7.5156485688287774e-06,-0.00046467492457537513,-0.00046467492457537513,0
112.09999999999999,0.17453289999999999,0.17486300661361123,-0.00033010661361124183,7.1335568793409754e-06,-0.00045851063743937936,-0.00045851063743937936,0
112.2,0.17453289999999999,0.17486368227681087,-0.00033078227681088146,6.7565571218889005e-06,-0.00045240030500488164,-0.00045240030500488164,0
112.3,0.17453289999999999,0.1748643207446581,-0.00033142074465811189,6.384604584425947e-06,-0.00044634362717777893,-0.00044634362717777893,0
112.40000000000001,0.17453289999999999,0.17486492251742966,-0.00033202251742966982,6.0176548049467236e-06,-0.00044034030391871084,-0.00044034030391871084,0
112.5,0.17453289999999999,0.17486548809098096,-0.00033258809098096753,5.6556635714099191e-06,-0.00043439003526634604,-0.00043439003526634604,0
112.59999999999999,0.17453289999999999,0.17486601795677115,-0.00033311795677115619,5.2985869216528005e-06,-0.00042849252136090658,-0.00042849252136090658,0
112.7,0.17453289999999999,0.17486651260188824,-0.0003336126018882446,4.9463811433001085e-06,-0.00042264746246764654,-0.00042264746246764654,0
112.8,0.17453289999999999,0.1748669725090739,-0.00033407250907391273,4.5990027736223796e-06,-0.00041685455899911558,-0.00041685455899911558,0
112.90000000000001,0.17453289999999999,0.17486739815674854,-0.00033449815674854722,4.2564085994081386e-06,-0.0004111135115378937,-0.0004111135115378937,0
113,0.17453289999999999,0.17486779001903607,-0.00033489001903608262,3.9185556568057351e-06,-0.00040542402085858584,-0.00040542402085858584,0
113.09999999999999,0.17453289999999999,0.17486814856578903,-0.00033524856578903695,3.5854012311206318e-06,-0.00039978578794920832,-0.00039978578794920832,0
113.2,0.17453289999999999,0.17486847426261334,-0.00033557426261335288,3.2569028566485891e-06,-0.00039419851403302747,-0.00039419851403302747,0
113.3,0.17453289999999999,0.17486876757089323,-0.00033586757089323904,2.9330183164670676e-06,-0.00038866190058964626,-0.00038866190058964626,0
113.40000000000001,0.17453289999999999,0.17486902894781606,-0.00033612894781606673,2.6137056421589936e-06,-0.00038317564937492859,-0.00038317564937492859,0
113.5,0.17453289999999999,0.17486925884639717,-0.00033635884639718339,2.2989231136217235e-06,-0.00037773946244237442,-0.00037773946244237442,0
113.59999999999999,0.17453289999999999,0.17486945771550477,-0.00033655771550478164,1.9886292587577582e-06,-0.0003723530421624213,-0.0003723530421624213,0
113.7,0.17453289999999999,0.17486962599988456,-0.00033672599988457397,1.6827828532219992e-06,-0.00036701609124256993,-0.00036701609124256993,0
113.8,0.17453289999999999,0.17486976414018454,-0.00033686414018455069,1.381342920113331e-06,-0.00036172831274659063,-0.00036172831274659063,0
113.90000000000001,0.17453289999999999,0.17486987257297978,-0.00033697257297979344,1.0842687296693183e-06,-0.0003564894101138412,-0.0003564894101138412,0
114,0.17453289999999999,0.174869951730797,-0.00033705173079701112,7.9151979891570995e-07,-0.00035129908717749391,-0.00035129908717749391,0
114.09999999999999,0.17453289999999999,0.17487000204213929,-0.00033710204213929784,5.0305589133315593e-07,-0.00034615704818329463,-0.00034615704818329463,0
114.2,0.17453289999999999,0.17487002393151066,-0.00033712393151066888,2.1883701656371262e-07,-0.00034106299780881571,-0.00034106299780881571,0
114.3,0.17453289999999999,0.17487001781944067,-0.00033711781944067987,-6.1176570129558594e-08,-0.00033601664117834779,-0.00033601664117834779,0
114.40000000000001,0.17453289999999999,0.17486998412250904,-0.00033708412250904596,-3.3702436790359828e-07,-0.00033101768388678121,-0.00033101768388678121,0
114.5,0.17453289999999999,0.17486992325336986,-0.00033702325336987249,-6.0874563140036317e-07,-0.00032606583200466596,-0.00032606583200466596,0
114.59999999999999,0.17453289999999999,0.17486983562077638,-0.00033693562077638517,-8.7637937038945538e-07,-0.00032116079210937497,-0.00032116079210937497,0
114.7,0.17453289999999999,0.17486972162960518,-0.00033682162960518847,-1.1399643506676004e-06,-0.00031630227129317165,-0.00031630227129317165,0
114.8,0.17453289999999999,0.17486958168088063,-0.00033668168088063499,-1.3995390943858964e-06,-0.00031148997718168884,-0.00031148997718168884,0
114.90000000000001,0.17453289999999999,0.17486941617179924,-0.00033651617179925042,-1.6551418804873056e-06,-0.00030672361795047894,-0.00030672361795047894,0
115,0.17453289999999999,0.1748692254957539,-0.00033632549575390858,-1.9068107452204202e-06,-0.00030200290233994099,-0.00030200290233994099,0
115.09999999999999,0.17453289999999999,0.17486901004235803,-0.00033611004235803432,-2.1545834826016772e-06,-0.00029732753967120411,-0.00029732753967120411,0
115.2,0.17453289999999999,0.17486877019746985,-0.00033587019746986191,-2.3984976448939377e-06,-0.00029269723986177104,-0.00029269723986177104,0
115.3,0.17453289999999999,0.17486850634321652,-0.00033560634321652683,-2.6385905431651313e-06,-0.00028811171343955447,-0.00028811171343955447,0
115.40000000000001,0.17453289999999999,0.17486821885801807,-0.00033531885801807437,-2.8748992477583542e-06,-0.00028357067155842402,-0.00028357067155842402,0
115.5,0.17453289999999999,0.17486790811661157,-0.00033500811661157925,-3.1074605888444259e-06,-0.00027907382601237961,-0.00027907382601237961,0
115.59999999999999,0.17453289999999999,0.17486757449007498,-0.00033467449007498762,-3.336311156978985e-06,-0.00027462088924936587,-0.00027462088924936587,0
115.7,0.17453289999999999,0.17486721834585117,-0.00033431834585118114,-3.561487303644044e-06,-0.00027021157438558837,-0.00027021157438558837,0
115.8,0.17453289999999999,0.1748668400477717,-0.00033394004777170805,-3.7830251418181492e-06,-0.00026584559521898138,-0.00026584559521898138,0
115.90000000000001,0.17453289999999999,0.17486643995608059,-0.00033353995608059739,-4.0009605465653057e-06,-0.00026152266624242189,-0.00026152266624242189,0
116,0.17453289999999999,0.17486601842745808,-0.00033311842745809006,-4.2153291556111513e-06,-0.00025724250265708932,-0.00025724250265708932,0
116.09999999999999,0.17453289999999999,0.17486557581504431,-0.00033267581504431432,-4.4261663699531657e-06,-0.0002530048203851573,-0.0002530048203851573,0
116.2,0.17453289999999999,0.17486511246846298,-0.00033221246846298902,-4.6335073544656817e-06,-0.00024880933608260674,-0.00024880933608260674,0
116.3,0.17453289999999999,0.17486462873384476,-0.00033172873384476609,-4.8373870385309061e-06,-0.00024465576715120978,-0.00024465576715120978,0
116.40000000000001,0.17453289999999999,0.17486412495385092,-0.00033122495385093376,-5.0378401166641955e-06,-0.00024054383175097822,-0.00024054383175097822,0
116.5,0.17453289999999999,0.17486360146769672,-0.00033070146769673125,-5.2349010491566557e-06,-0.00023647324881191146,-0.00023647324881191146,0
116.59999999999999,0.17453289999999999,0.17486305861117465,-0.0003301586111746635,-5.428604062724666e-06,-0.0002324437380456195,-0.0002324437380456195,0
116.7,0.17453289999999999,0.17486249671667792,-0.00032959671667792678,-5.6189831511735413e-06,-0.00022845501995680305,-0.00022845501995680305,0
116.8,0.17453289999999999,0.17486191611322349,-0.00032901611322350144,-5.8060720760678475e-06,-0.00022450681585428018,-0.00022450681585428018,0
116.90000000000001,0.17453289999999999,0.1748613171264754,-0.00032841712647541099,-5.9899043674092798e-06,-0.00022059884786204394,-0.00022059884786204394,0
117,0.17453289999999999,0.17486070007876769,-0.00032780007876770378,-6.1705133243234142e-06,-0.00021673083892988232,-0.00021673083892988232,0
117.09999999999999,0.17453289999999999,0.17486006528912759,-0.00032716528912760112,-6.3479320157600524e-06,-0.00021290251284392017,-0.00021290251284392017,0
117.2,0.17453289999999999,0.1748594130732983,-0.00032651307329831236,-6.5221932811965096e-06,-0.00020911359423677519,-0.00020911359423677519,0
117.3,0.17453289999999999,0.17485874374376201,-0.00032584374376201652,-6.6933297313525871e-06,-0.00020536380859766996,-0.00020536380859766996,0
117.40000000000001,0.17453289999999999,0.17485805760976256,-0.00032515760976256636,-6.8613737489120064e-06,-0.00020165288228215025,-0.00020165288228215025,0
117.5,0.17453289999999999,0.17485735497732832,-0.00032445497732833117,-7.0263574892498574e-06,-0.00019798054252183374,-0.00019798054252183374,0
117.59999999999999,0.17453289999999999,0.17485663614929475,-0.00032373614929476213,-7.1883128811764428e-06,-0.00019434651743358616,-0.00019434651743358616,0
117.7,0.17453289999999999,0.17485590142532698,-0.00032300142532698528,-7.3472716276759268e-06,-0.00019075053602881861,-0.00019075053602881861,0
117.8,0.17453289999999999,0.17485515110194236,-0.00032225110194236684,-7.5032652066642543e-06,-0.00018719232822241025,-0.00018719232822241025,0
117.90000000000001,0.17453289999999999,0.1748543854725329,-0.00032148547253291193,-7.656324871745029e-06,-0.0001836716248415014,-0.0001836716248415014,0
118,0.17453289999999999,0.17485360482738763,-0.00032070482738763562,-7.8064816529825053e-06,-0.00018018815763395051,-0.00018018815763395051,0
118.09999999999999,0.17453289999999999,0.1748528094537147,-0.0003199094537147118,-7.953766357670545e-06,-0.00017674165927664199,-0.00017674165927664199,0
118.2,0.17453289999999999,0.17485199963566392,-0.00031909963566392752,-8.0982095711141376e-06,-0.00017333186338387303,-0.00017333186338387303,0
118.3,0.17453289999999999,0.17485117565434855,-0.00031827565434855432,-8.2398416574220309e-06,-0.00016995850451495775,-0.00016995850451495775,0
118.40000000000001,0.17453289999999999,0.17485033778786749,-0.00031743778786749721,-8.3786927602955111e-06,-0.00016662131818217802,-0.00016662131818217802,0
118.5,0.17453289999999999,0.1748494863113273,-0.00031658631132730486,-8.5147928038300978e-06,-0.00016332004085836311,-0.00016332004085836311,0
118.59999999999999,0.17453289999999999,0.17484862149686389,-0.00031572149686390216,-8.6481714933230782e-06,-0.00016005440998408674,-0.00016005440998408674,0
118.7,0.17453289999999999,0.17484774361366459,-0.00031484361366460045,-8.7788583160848726e-06,-0.00015682416397507274,-0.00015682416397507274,0
118.8,0.17453289999999999,0.17484685292798957,-0.0003139529279895803,-8.9068825422597391e-06,-0.00015362904222890499,-0.00015362904222890499,0
118.90000000000001,0.17453289999999999,0.17484594970319367,-0.00031304970319367964,-9.0322732256457395e-06,-0.00015046878513205633,-0.00015046878513205633,0
119,0.17453289999999999,0.17484503419974795,-0.00031213419974795986,-9.1550592045289014e-06,-0.00014734313406643965,-0.00014734313406643965,0
119.09999999999999,0.17453289999999999,0.17484410667526101,-0.00031120667526102208,-9.2752691025138914e-06,-0.00014425183141577203,-0.00014425183141577203,0
119.2,0.17453289999999999,0.17484316738450051,-0.00031026738450051772,-9.3929313293676156e-06,-0.00014119462057190065,-0.00014119462057190065,0
119.3,0.17453289999999999,0.17484221657941446,-0.00030931657941446478,-9.5080740818611538e-06,-0.00013817124594096402,-0.00013817124594096402,0
119.40000000000001,0.17453289999999999,0.17484125450915236,-0.00030835450915236984,-9.6207253446214593e-06,-0.00013518145294918356,-0.00013518145294918356,0
119.5,0.17453289999999999,0.1748402814200864,-0.00030738142008640557,-9.7309128909880769e-06,-0.00013222498804862017,-0.00013222498804862017,0
119.59999999999999,0.17453289999999999,0.17483929755583244,-0.00030639755583244943,-9.8386642838702659e-06,-0.00012930159872278464,-0.00012930159872278464,0
119.7,0.17453289999999999,0.17483830315727106,-0.00030540315727106693,-9.9440068766097146e-06,-0.00012641103349209207,-0.00012641103349209207,0
119.8,0.17453289999999999,0.17483729846256832,-0.00030439846256832825,-1.0046967813853468e-05,-0.00012355304191896584,-0.00012355304191896584,0
119.90000000000001,0.17453289999999999,0.17483628370719659,-0.00030338370719659724,-1.0147574032421655e-05,-0.00012072737461300747,-0.00012072737461300747,0
120,0.17453289999999999,0.17483525912395528,-0.00030235912395529252,-1.0245852262188103e-05,-0.00011793378323590666,-0.00011793378323590666,0
120.09999999999999,0.17453289999999999,0.17483422494299145,-0.0003013249429914544,-1.0341829026959006e-05,-0.00011517202050619229,-0.00011517202050619229,0
120.2,0.17453289999999999,0.17483318139182019,-0.00030028139182020075,-1.0435530645357519e-05,-0.00011244184020376541,-0.00011244184020376541,0
120.3,0.17453289999999999,0.17483212869534523,-0.00029922869534523833,-1.0526983231712081e-05,-0.00010974299717442086,-0.00010974299717442086,0
120.40000000000001,0.17453289999999999,0.17483106707587923,-0.00029816707587923541,-1.06162126969491e-05,-0.0001070752473341516,-0.0001070752473341516,0
120.5,0.17453289999999999,0.17482999675316391,-0.00029709675316391682,-1.0703244749487064e-05,-0.00010443834767314965,-0.00010443834767314965,0
120.59999999999999,0.17453289999999999,0.17482891794439034,-0.00029601794439035323,-1.0788104896135922e-05,-0.00010183205625990664,-0.00010183205625990664,0
120.7,0.17453289999999999,0.17482783086421902,-0.00029493086421902848,-1.0870818442997686e-05,-9.9256132245070133e-05,-9.9256132245070133e-05,0
120.8,0.17453289999999999,0.17482673572479981,-0.00029383572479982356,-1.0951410496373109e-05,-9.6710335865107604e-05,-9.6710335865107604e-05,0
120.90000000000001,0.17453289999999999,0.17482563273579177,-0.00029273273579177861,-1.1029905963667512e-05,-9.4194428445763405e-05,-9.4194428445763405e-05,0
121,0.17453289999999999,0.17482452210438304,-0.00029162210438304914,-1.1106329554302891e-05,-9.170817240559712e-05,-9.170817240559712e-05,0
121.09999999999999,0.17453289999999999,0.1748234040353106,-0.00029050403531061253,-1.1180705780630006e-05,-8.9251331259272416e-05,-8.9251331259272416e-05,0
121.2,0.17453289999999999,0.17482227873087966,-0.00028937873087966914,-1.1253058958846042e-05,-8.6823669620440374e-05,-8.6823669620440374e-05,0
121.3,0.17453289999999999,0.17482114639098342,-0.00028824639098343208,-1.1323413209911091e-05,-8.4424953205032419e-05,-8.4424953205032419e-05,0
121.40000000000001,0.17453289999999999,0.17482000721312246,-0.00028710721312247278,-1.1391792460470818e-05,-8.2054948833998049e-05,-8.2054948833998049e-05,0
121.5,0.17453289999999999,0.17481886139242389,-0.00028596139242390017,-1.1458220443777589e-05,-7.9713424435903552e-05,-7.9713424435903552e-05,0
121.59999999999999,0.17453289999999999,0.17481770912166084,-0.00028480912166084504,-1.1522720700617821e-05,-7.7400149049724261e-05,-7.7400149049724261e-05,0
121.7,0.17453289999999999,0.17481655059127152,-0.00028365059127152814,-1.158531658023797e-05,-7.5114892827244685e-05,-7.5114892827244685e-05,0
121.8,0.17453289999999999,0.17481538598937824,-0.00028248598937824498,-1.1646031241274346e-05,-7.2857427035306758e-05,-7.2857427035306758e-05,0
121.90000000000001,0.17453289999999999,0.17481421550180637,-0.00028131550180637843,-1.1704887652683411e-05,-7.0627524058077044e-05,-7.0627524058077044e-05,0
122,0.17453289999999999,0.17481303931210332,-0.00028013931210332799,-1.1761908594676469e-05,-6.8424957399151556e-05,-6.8424957399151556e-05,0
122.09999999999999,0.17453289999999999,0.17481185760155724,-0.00027895760155724481,-1.1817116659651109e-05,-6.6249501683524851e-05,-6.6249501683524851e-05,0
122.2,0.17453289999999999,0.1748106705492157,-0.0002777705492157112,-1.1870534253130173e-05,-6.4100932659368097e-05,-6.4100932659368097e-05,0
122.3,0.17453289999999999,0.17480947833190436,-0.00027657833190436465,-1.1922183594698208e-05,-6.1979027199796896e-05,-6.1979027199796896e-05,0
122.40000000000001,0.17453289999999999,0.17480828112424535,-0.00027538112424535521,-1.1972086718938955e-05,-5.9883563304454022e-05,-5.9883563304454022e-05,0
122.5,0.17453289999999999,0.17480707909867582,-0.00027417909867583079,-1.2020265476377669e-05,-5.7814320101032756e-05,-5.7814320101032756e-05,0
122.59999999999999,0.17453289999999999,0.17480587242546608,-0.00027297242546608924,-1.206674153442004e-05,-5.5771077846528518e-05,-5.5771077846528518e-05,0
122.7,0.17453289999999999,0.174804661272738,-0.0002717612727380081,-1.2111536378295908e-05,-5.3753617928681746e-05,-5.3753617928681746e-05,0
122.8,0.17453289999999999,0.17480344580648302,-0.00027054580648303017,-1.2154671312001975e-05,-5.176172286699461e-05,-5.176172286699461e-05,0
122.90000000000001,0.17453289999999999,0.17480222619058022,-0.00026932619058023244,-1.2196167459245606e-05,-4.9795176313811526e-05,-4.9795176313811526e-05,0
123,0.17453289999999999,0.17480100258681419,-0.00026810258681420063,-1.2236045764389812e-05,-4.7853763055184025e-05,-4.7853763055184025e-05,0
123.09999999999999,0.17453289999999999,0.17479977515489298,-0.00026687515489298708,-1.2274326993398541e-05,-4.5937269011813331e-05,-4.5937269011813331e-05,0
123.2,0.17453289999999999,0.1747985440524657,-0.00026564405246570777,-1.2311031734783305e-05,-4.4045481239608265e-05,-4.4045481239608265e-05,0
123.3,0.17453289999999999,0.17479730943514038,-0.00026440943514038917,-1.2346180400549266e-05,-4.2178187930502379e-05,-4.2178187930502379e-05,0
123.40000000000001,0.17453289999999999,0.17479607145650131,-0.00026317145650131546,-1.237979322714208e-05,-4.0335178412758023e-05,-4.0335178412758023e-05,0
123.5,0.17453289999999999,0.17479483026812659,-0.00026193026812659781,-1.2411890276395755e-05,-3.8516243151474238e-05,-3.8516243151474238e-05,0
123.59999999999999,0.17453289999999999,0.17479358601960557,-0.00026068601960557714,-1.2442491436480069e-05,-3.6721173748935896e-05,-3.6721173748935896e-05,0
123.7,0.17453289999999999,0.174792338858556,-0.00025943885855600479,-1.2471616422848188e-05,-3.494976294473741e-05,-3.494976294473741e-05,0
123.8,0.17453289999999999,0.1747910889306413,-0.00025818893064130655,-1.249928477918467e-05,-3.3201804615982494e-05,-3.3201804615982494e-05,0
123.90000000000001,0.17453289999999999,0.1747898363795875,-0.00025693637958751347,-1.2525515878353729e-05,-3.1477093777146364e-05,-3.1477093777146364e-05,0
124,0.17453289999999999,0.17478858134720043,-0.00025568134720044267,-1.2550328923346076e-05,-2.9775426580213297e-05,-2.9775426580213297e-05,0
124.09999999999999,0.17453289999999999,0.17478732397338251,-0.0002544239733825171,-1.257374294822779e-05,-2.809660031441688e-05,-2.809660031441688e-05,0
124.2,0.17453289999999999,0.17478606439614944,-0.00025316439614944675,-1.2595776819087245e-05,-2.6440413405876342e-05,-2.6440413405876342e-05,0
124.3,0.17453289999999999,0.17478480275164715,-0.00025190275164715947,-1.2616449234981963e-05,-2.4806665417484127e-05,-2.4806665417484127e-05,0
124.40000000000001,0.17453289999999999,0.1747835391741682,-0.00025063917416820458,-1.2635778728886146e-05,-2.3195157048253956e-05,-2.3195157048253956e-05,0
124.5,0.17453289999999999,0.17478227379616834,-0.00024937379616835065,-1.2653783668636764e-05,-2.1605690132888886e-05,-2.1605690132888886e-05,0
124.59999999999999,0.17453289999999999,0.17478100674828298,-0.00024810674828298906,-1.2670482257879212e-05,-2.0038067641163233e-05,-2.0038067641163233e-05,0
124.7,0.17453289999999999,0.1747797381593435,-0.00024683815934350983,-1.2685892537012995e-05,-1.8492093677275923e-05,-1.8492093677275923e-05,0
124.8,0.17453289999999999,0.17477846815639347,-0.00024556815639348306,-1.2700032384136136e-05,-1.6967573479032601e-05,-1.6967573479032601e-05,0
124.90000000000001,0.17453289999999999,0.17477719686470475,-0.0002442968647047572,-1.2712919515989437e-05,-1.5464313416947316e-05,-1.5464313416947316e-05,0
125,0.17453289999999999,0.17477592440779358,-0.00024302440779358503,-1.272457148889942e-05,-1.3982120993395454e-05,-1.3982120993395454e-05,0
125.09999999999999,0.17453289999999999,0.17477465090743652,-0.00024175090743652761,-1.2735005699720466e-05,-1.2520804841559198e-05,-1.2520804841559198e-05,0
125.2,0.17453289999999999,0.17477337648368632,-0.00024047648368633046,-1.2744239386776922e-05,-1.1080174724345868e-05,-1.1080174724345868e-05,0
125.3,0.17453289999999999,0.17477210125488762,-0.00023920125488763322,-1.2752289630802769e-05,-9.6600415331833721e-06,-9.6600415331833721e-06,0
125.40000000000001,0.17453289999999999,0.17477082533769261,-0.00023792533769262381,-1.2759173355881471e-05,-8.2602172867573317e-06,-8.2602172867573317e-06,0
125.5,0.17453289999999999,0.17476954884707668,-0.00023664884707669254,-1.2764907330384426e-05,-6.8805151297728648e-06,-6.8805151297728648e-06,0
125.59999999999999,0.17453289999999999,0.17476827189635388,-0.000235371896353892,-1.2769508167907604e-05,-5.5207493315551266e-06,-5.5207493315551266e-06,0
125.7,0.17453289999999999,0.17476699459719225,-0.00023409459719225811,-1.2772992328207887e-05,-4.1807352845161388e-06,-4.1807352845161388e-06,0
125.8,0.17453289999999999,0.17476571705962912,-0.00023281705962913124,-1.2775376118137612e-05,-2.8602895026542269e-06,-2.8602895026542269e-06,0
125.90000000000001,0.17453289999999999,0.17476443939208644,-0.00023153939208644947,-1.2776675692577754e-05,-1.559229620049906e-06,-1.559229620049906e-06,0
126,0.17453289999999999,0.17476316170138564,-0.00023026170138565338,-1.2776907055370243e-05,-2.7737438898901932e-07,-2.7737438898901932e-07,0
126.09999999999999,0.17453289999999999,0.17476188409276283,-0.0002289840927628406,-1.277608606024802e-05,9.8545632162377579e-07,9.8545632162377579e-07,0
126.2,0.17453289999999999,0.17476060666988366,-0.0002277066698836705,-1.2774228411764224e-05,2.2294415280855453e-06,2.2294415280855453e-06,0
126.3,0.17453289999999999,0.17475932953485812,-0.00022642953485813022,-1.2771349666219773e-05,3.4547591338256905e-06,3.4547591338256905e-06,0
126.40000000000001,0.17453289999999999,0.17475805278825535,-0.00022515278825535612,-1.2767465232588852e-05,4.6615859312432368e-06,4.6615859312432368e-06,0
126.5,0.17453289999999999,0.17475677652911825,-0.00022387652911826095,-1.2762590373443065e-05,5.8500976037142343e-06,5.8500976037142343e-06,0
126.59999999999999,0.17453289999999999,0.1747555008549779,-0.00022260085497791127,-1.2756740205874001e-05,7.0204687278207416e-06,7.0204687278207416e-06,0
126.7,0.17453289999999999,0.17475422586186823,-0.00022132586186823788,-1.2749929702414156e-05,8.1728727752169278e-06,8.1728727752169278e-06,0
126.8,0.17453289999999999,0.17475295164434018,-0.0002200516443401912,-1.2742173691955449e-05,9.3074821150068905e-06,9.3074821150068905e-06,0
126.90000000000001,0.17453289999999999,0.17475167829547619,-0.00021877829547620187,-1.2733486860666321e-05,1.0424468015791927e-05,1.0424468015791927e-05,0
127,0.17453289999999999,0.17475040590690416,-0.0002175059069041696,-1.2723883752906815e-05,1.152400064815306e-05,1.152400064815306e-05,0
127.09999999999999,0.17453289999999999,0.17474913456881166,-0.00021623456881167402,-1.2713378772141681e-05,1.2606249086876255e-05,1.2606249086876255e-05,0
127.2,0.17453289999999999,0.17474786436996001,-0.000214964369960019,-1.2701986181851556e-05,1.3671381313309011e-05,1.3671381313309011e-05,0
127.3,0.17453289999999999,0.17474659539769793,-0.00021369539769794388,-1.268972010644201e-05,1.4719564218012296e-05,1.4719564218012296e-05,0
127.40000000000001,0.17453289999999999,0.17474532773797563,-0.00021242773797564007,-1.2676594532150687e-05,1.5750963603072284e-05,1.5750963603072284e-05,0
127.5,0.17453289999999999,0.17474406147535834,-0.00021116147535835128,-1.2662623307952014e-05,1.6765744184784969e-05,1.6765744184784969e-05,0
127.59999999999999,0.17453289999999999,0.17474279669304008,-0.00020989669304008474,-1.2647820146459919e-05,1.77640695961938e-05,1.77640695961938e-05,0
127.7,0.17453289999999999,0.17474153347285712,-0.00020863347285712819,-1.2632198624828208e-05,1.8746102389779557e-05,1.8746102389779557e-05,0
127.8,0.17453289999999999,0.1747402718953015,-0.00020737189530151134,-1.2615772185648967e-05,1.9712004040170071e-05,1.9712004040170071e-05,0
127.90000000000001,0.17453289999999999,0.17473901203953437,-0.00020611203953438406,-1.2598554137848253e-05,2.0661934946884504e-05,2.0661934946884504e-05,0
128,0.17453289999999999,0.17473775398339925,-0.00020485398339925576,-1.2580557657580043e-05,2.1596054437185013e-05,2.1596054437185013e-05,0
128.09999999999999,0.17453289999999999,0.17473649780343517,-0.0002035978034351793,-1.2561795789116831e-05,2.2514520768923652e-05,2.2514520768923652e-05,0
128.19999999999999,0.17453289999999999,0.1747352435748899,-0.00020234357488990717,-1.2542281445738972e-05,2.3417491133394339e-05,2.3417491133394339e-05,0
128.30000000000001,0.17453289999999999,0.17473399137173284,-0.0002010913717328533,-1.2522027410620543e-05,2.4305121658316469e-05,2.4305121658316469e-05,0
128.40000000000001,0.17453289999999999,0.1747327412666681,-0.00019984126666811042,-1.2501046337713485e-05,2.5177567410732311e-05,2.5177567410732311e-05,0
128.5,0.17453289999999999,0.1747314933311471,-0.00019859333114710664,-1.247935075262896e-05,2.6034982400214619e-05,2.6034982400214619e-05,0
128.59999999999999,0.17453289999999999,0.17473024763538147,-0.00019734763538148403,-1.2456953053515744e-05,2.6877519581799372e-05,2.6877519581799372e-05,0
128.69999999999999,0.17453289999999999,0.17472900424835575,-0.00019610424835575513,-1.2433865511936448e-05,2.7705330859100933e-05,2.7705330859100933e-05,0
128.80000000000001,0.17453289999999999,0.17472776323783981,-0.00019486323783982074,-1.2410100273741731e-05,2.8518567087530418e-05,2.8518567087530418e-05,0
128.90000000000001,0.17453289999999999,0.17472652467040148,-0.00019362467040148768,-1.2385669359940011e-05,2.9317378077432538e-05,2.9317378077432538e-05,0
129,0.17453289999999999,0.17472528861141884,-0.00019238861141884778,-1.2360584667566794e-05,3.0101912597354526e-05,3.0101912597354526e-05,0
129.09999999999999,0.17453289999999999,0.17472405512509259,-0.00019115512509260135,-1.2334857970549172e-05,3.087231837728375e-05,3.087231837728375e-05,0
129.19999999999999,0.17453289999999999,0.17472282427445826,-0.00018992427445826965,-1.2308500920569181e-05,3.1628742111975593e-05,3.1628742111975593e-05,0
129.30000000000001,0.17453289999999999,0.17472159612139837,-0.00018869612139837955,-1.2281525047923312e-05,3.2371329464240075e-05,3.2371329464240075e-05,0
129.40000000000001,0.17453289999999999,0.17472037072665442,-0.00018747072665442621,-1.2253941762379956e-05,3.3100225068413008e-05,3.3100225068413008e-05,0
129.5,0.17453289999999999,0.17471914814983894,-0.00018624814983894677,-1.2225762354033456e-05,3.3815572533655441e-05,3.3815572533655441e-05,0
129.59999999999999,0.17453289999999999,0.17471792844944725,-0.00018502844944726093,-1.21969979941555e-05,3.4517514447538058e-05,3.4517514447538058e-05,0
129.69999999999999,0.17453289999999999,0.17471671168286948,-0.00018381168286948912,-1.2167659736043654e-05,3.5206192379296631e-05,3.5206192379296631e-05,0
129.80000000000001,0.17453289999999999,0.17471549790640198,-0.00018259790640198781,-1.2137758515866874e-05,3.5881746883615939e-05,3.5881746883615939e-05,0
129.90000000000001,0.17453289999999999,0.17471428717525928,-0.00018138717525928438,-1.2107305153508503e-05,3.6544317503868663e-05,3.6544317503868663e-05,0
130,0.17453289999999999,0.17471307954358525,-0.00018017954358526267,-1.2076310353405272e-05,3.7194042776032225e-05,3.7194042776032225e-05,0
130.09999999999999,0.17453289999999999,0.17471187506446501,-0.00017897506446501454,-1.2044784705384523e-05,3.7831060231906889e-05,3.7831060231906889e-05,0
130.19999999999999,0.17453289999999999,0.17471067378993588,-0.00017777378993588666,-1.2012738685497532e-05,3.8455506403068903e-05,3.8455506403068903e-05,0
130.30000000000001,0.17453289999999999,0.17470947577099899,-0.00017657577099899902,-1.1980182656850273e-05,3.9067516824305897e-05,3.9067516824305897e-05,0
130.40000000000001,0.17453289999999999,0.17470828105763028,-0.00017538105763029166,-1.1947126870430703e-05,3.9667226037461004e-05,3.9667226037461004e-05,0
130.5,0.17453289999999999,0.17470708969879181,-0.00017418969879182122,-1.1913581465933456e-05,4.0254767594980997e-05,4.0254767594980997e-05,0
130.59999999999999,0.17453289999999999,0.17470590174244266,-0.00017300174244266886,-1.1879556472580978e-05,4.0830274063788726e-05,4.0830274063788726e-05,0
130.69999999999999,0.17453289999999999,0.17470471723554992,-0.00017181723554993145,-1.1845061809941752e-05,4.1393877029020074e-05,4.1393877029020074e-05,0
130.80000000000001,0.17453289999999999,0.1747035362240997,-0.0001706362240997128,-1.1810107288745264e-05,4.194570709770197e-05,4.194570709770197e-05,0
130.90000000000001,0.17453289999999999,0.17470235875310774,-0.00016945875310775405,-1.1774702611693987e-05,4.248589390273773e-05,4.248589390273773e-05,0
131,0.17453289999999999,0.17470118486663028,-0.00016828486663028608,-1.1738857374271826e-05,4.3014566106606788e-05,4.3014566106606788e-05,0
131.09999999999999,0.17453289999999999,0.17470001460777468,-0.00016711460777468767,-1.1702581065549764e-05,4.3531851405208082e-05,4.3531851405208082e-05,0
131.19999999999999,0.17453289999999999,0.17469884801870988,-0.00016594801870989384,-1.1665883068987999e-05,4.4037876531890146e-05,4.4037876531890146e-05,0
131.30000000000001,0.17453289999999999,0.17469768514067699,-0.00016478514067699845,-1.1628772663234709e-05,4.4532767261226301e-05,4.4532767261226301e-05,0
131.40000000000001,0.17453289999999999,0.17469652601399963,-0.00016362601399963483,-1.1591259022921911e-05,4.5016648412959546e-05,4.5016648412959546e-05,0
131.5,0.17453289999999999,0.17469537067809437,-0.00016247067809438409,-1.1553351219457978e-05,4.5489643855859508e-05,4.5489643855859508e-05,0
131.59999999999999,0.17453289999999999,0.17469421917148076,-0.00016131917148076713,-1.1515058221816537e-05,4.5951876511930549e-05,4.5951876511930549e-05,0
131.69999999999999,0.17453289999999999,0.17469307153179164,-0.000160171531791653,-1.1476388897322311e-05,4.6403468360148607e-05,4.6403468360148607e-05,0
131.80000000000001,0.17453289999999999,0.17469192779578327,-0.00015902779578327864,-1.14373520124335e-05,4.6844540440524378e-05,4.6844540440524378e-05,0
131.90000000000001,0.17453289999999999,0.17469078799934523,-0.00015788799934524089,-1.1397956233521113e-05,4.7275212858139152e-05,4.7275212858139152e-05,0
132,0.17453289999999999,0.17468965217751037,-0.00015675217751037751,-1.1358210127644539e-05,4.7695604787224204e-05,4.7695604787224204e-05,0
132.09999999999999,0.17453289999999999,0.17468852036446472,-0.00015562036446473138,-1.1318122163323957e-05,4.8105834475099861e-05,4.8105834475099861e-05,0
132.19999999999999,0.17453289999999999,0.17468739259355717,-0.0001544925935571817,-1.1277700711309171e-05,4.8506019246383376e-05,4.8506019246383376e-05,0
132.30000000000001,0.17453289999999999,0.17468626889730934,-0.00015336889730935277,-1.123695404534564e-05,4.8896275506868744e-05,4.8896275506868744e-05,0
132.40000000000001,0.17453289999999999,0.17468514930742507,-0.00015224930742507858,-1.1195890342936137e-05,4.9276718747771892e-05,4.9276718747771892e-05,0
132.5,0.17453289999999999,0.17468403385479989,-0.00015113385479989527,-1.1154517686099848e-05,4.9647463549901989e-05,4.9647463549901989e-05,0
132.59999999999999,0.17453289999999999,0.17468292256953072,-0.00015002256953072779,-1.1112844062127429e-05,5.0008623587565929e-05,5.0008623587565929e-05,0
132.69999999999999,0.17453289999999999,0.17468181548092507,-0.000148915480925077,-1.1070877364333136e-05,5.0360311632919447e-05,5.0360311632919447e-05,0
132.80000000000001,0.17453289999999999,0.17468071261751053,-0.00014781261751053987,-1.1028625392803071e-05,5.0702639559915407e-05,5.0702639559915407e-05,0
132.90000000000001,0.17453289999999999,0.17467961400704385,-0.00014671400704385773,-1.0986095855140206e-05,5.1035718348665981e-05,5.1035718348665981e-05,0
133,0.17453289999999999,0.17467851967652021,-0.00014561967652021446,-1.0943296367205698e-05,5.1359658089488103e-05,5.1359658089488103e-05,0
133.09999999999999,0.17453289999999999,0.17467742965218228,-0.00014452965218228475,-1.0900234453857023e-05,5.1674567987141675e-05,5.1674567987141675e-05,0
133.19999999999999,0.17453289999999999,0.1746763439595293,-0.00014344395952931022,-1.0856917549682433e-05,5.1980556364973596e-05,5.1980556364973596e-05,0
133.30000000000001,0.17453289999999999,0.17467526262332603,-0.00014236262332603666,-1.081335299973188e-05,5.2277730669137188e-05,5.2277730669137188e-05,0
133.40000000000001,0.17453289999999999,0.17467418566761153,-0.00014128566761154038,-1.076954806024456e-05,5.2566197472861696e-05,5.2566197472861696e-05,0
133.5,0.17453289999999999,0.17467311311570816,-0.00014021311570816541,-1.072550989937288e-05,5.2846062480546428e-05,5.2846062480546428e-05,0
133.59999999999999,0.17453289999999999,0.17467204499023006,-0.00013914499023007232,-1.0681245597902777e-05,5.3117430532177658e-05,5.3117430532177658e-05,0
133.69999999999999,0.17453289999999999,0.17467098131309203,-0.00013808131309203664,-1.063676214997073e-05,5.338040560743648e-05,5.338040560743648e-05,0
133.80000000000001,0.17453289999999999,0.17466992210551804,-0.00013702210551805316,-1.0592066463776976e-05,5.3635090829932399e-05,5.3635090829932399e-05,0
133.90000000000001,0.17453289999999999,0.17466886738804976,-0.0001359673880497736,-1.0547165362295433e-05,5.3881588471544207e-05,5.3881588471544207e-05,0
134,0.17453289999999999,0.17466781718055502,-0.00013491718055502755,-1.0502065583980023e-05,5.4119999956612862e-05,5.4119999956612862e-05,0
134.09999999999999,0.17453289999999999,0.17466677150223614,-0.00013387150223614919,-1.045677378346711e-05,5.4350425866258781e-05,5.4350425866258781e-05,0
134.19999999999999,0.17453289999999999,0.17466573037163838,-0.00013283037163838718,-1.041129653227499e-05,5.4572965942562636e-05,5.4572965942562636e-05,0
134.30000000000001,0.17453289999999999,0.17466469380665797,-0.00013179380665798157,-1.0365640319499175e-05,5.4787719093003583e-05,5.4787719093003583e-05,0
134.40000000000001,0.17453289999999999,0.17466366182455051,-0.00013076182455051821,-1.0319811552504573e-05,5.4994783394564085e-05,5.4994783394564085e-05,0
134.5,0.17453289999999999,0.17466263444193891,-0.00012973444193892236,-1.0273816557613914e-05,5.5194256098128083e-05,5.5194256098128083e-05,0
134.59999999999999,0.17453289999999999,0.17466161167482147,-0.00012871167482148005,-1.0227661580792496e-05,5.5386233632784873e-05,5.5386233632784873e-05,0
134.69999999999999,0.17453289999999999,0.17466059353857993,-0.0001276935385799427,-1.0181352788329624e-05,5.5570811609990543e-05,5.5570811609990543e-05,0
134.80000000000001,0.17453289999999999,0.17465958004798723,-0.00012668004798724319,-1.0134896267516136e-05,5.5748084828047251e-05,5.5748084828047251e-05,0
134.90000000000001,0.17453289999999999,0.1746585712172154,-0.00012567121721540619,-1.0088298027318668e-05,5.5918147276329846e-05,5.5918147276329846e-05,0
135,0.17453289999999999,0.17465756705984339,-0.00012466705984340298,-1.0041563999050109e-05,5.6081092139498973e-05,5.6081092139498973e-05,0
135.09999999999999,0.17453289999999999,0.17465656758886469,-0.00012366758886470097,-9.994700037036493e-06,5.6237011801955894e-05,5.6237011801955894e-05,0
135.19999999999999,0.17453289999999999,0.17465557281669503,-0.00012267281669503527,-9.9477119192805358e-06,5.6385997852014365e-05,5.6385997852014365e-05,0
135.30000000000001,0.17453289999999999,0.17465458275517981,-0.00012168275517981941,-9.9006053481210851e-06,5.6528141086360122e-05,5.6528141086360122e-05,0
135.40000000000001,0.17453289999999999,0.1746535974156018,-0.00012069741560180591,-9.8533859508895714e-06,5.6663531514206382e-05,5.6663531514206382e-05,0
135.5,0.17453289999999999,0.1746526168086884,-0.00011971680868841372,-9.8060592805624626e-06,5.6792258361710614e-05,5.6792258361710614e-05,0
135.59999999999999,0.17453289999999999,0.17465164094461916,-0.00011874094461916673,-9.7586308164102503e-06,5.6914410076217779e-05,5.6914410076217779e-05,0
135.69999999999999,0.17453289999999999,0.17465066983303287,-0.00011776983303288246,-9.7111059646428227e-06,5.7030074330688348e-05,5.7030074330688348e-05,0
135.80000000000001,0.17453289999999999,0.17464970348303505,-0.00011680348303505506,-9.6634900590511755e-06,5.7139338027866111e-05,5.7139338027866111e-05,0
135.90000000000001,0.17453289999999999,0.17464874190320503,-0.00011584190320504395,-9.6157883616459235e-06,5.7242287304582677e-05,5.7242287304582677e-05,0
136,0.17453289999999999,0.17464778510160295,-0.00011488510160295728,-9.5680060632915676e-06,5.7339007536290928e-05,5.7339007536290928e-05,0
136.09999999999999,0.17453289999999999,0.174646833085777,-0.00011393308577700711,-9.5201482843377323e-06,5.742958334107207e-05,5.742958334107207e-05,0
136.19999999999999,0.17453289999999999,0.17464588586277036,-0.00011298586277036504,-9.4722200752464432e-06,5.7514098584070939e-05,5.7514098584070939e-05,0
136.30000000000001,0.17453289999999999,0.17464494343912795,-0.00011204343912796233,-9.4242264172161864e-06,5.7592636381929033e-05,5.7592636381929033e-05,0
136.40000000000001,0.17453289999999999,0.17464400582090356,-0.00011110582090356758,-9.376172222802022e-06,5.7665279106868813e-05,5.7665279106868813e-05,0
136.5,0.17453289999999999,0.17464307301366647,-0.00011017301366647581,-9.3280623365322707e-06,5.7732108391105074e-05,5.7732108391105074e-05,0
136.59999999999999,0.17453289999999999,0.17464214502250819,-0.00010924502250819756,-9.2799015355216478e-06,5.7793205131192083e-05,5.7793205131192083e-05,0
136.69999999999999,0.17453289999999999,0.17464122185204931,-0.00010832185204931455,-9.2316945300808217e-06,5.7848649492140238e-05,5.7848649492140238e-05,0
136.80000000000001,0.17453289999999999,0.17464030350644597,-0.00010740350644597441,-9.1834459643223489e-06,5.7898520911827881e-05,5.7898520911827881e-05,0
136.90000000000001,0.17453289999999999,0.1746393899893964,-0.0001064899893964133,-9.1351604167631536e-06,5.7942898105323463e-05,5.7942898105323463e-05,0
137,0.17453289999999999,0.17463848130414758,-0.00010558130414758948,-9.0868424009231766e-06,5.7981859069027692e-05,5.7981859069027692e-05,0
137.09999999999999,0.17453289999999999,0.1746375774535015,-0.00010467745350151159,-9.0384963659208394e-06,5.8015481085063516e-05,5.8015481085063516e-05,0
137.19999999999999,0.17453289999999999,0.17463667843982164,-0.00010377843982165014,-8.9901266970645019e-06,5.8043840725510883e-05,5.8043840725510883e-05,0
137.30000000000001,0.17453289999999999,0.17463578426503923,-0.00010288426503923809,-8.9417377164408623e-06,5.8067013856697445e-05,5.8067013856697445e-05,0
137.40000000000001,0.17453289999999999,0.17463489493065962,-0.00010199493065962684,-8.8933336834993898e-06,5.808507564336219e-05,5.808507564336219e-05,0
137.5,0.17453289999999999,0.17463401043776841,-0.00010111043776842021,-8.8449187956334497e-06,5.8098100552981874e-05,5.8098100552981874e-05,0
137.59999999999999,0.17453289999999999,0.17463313078703752,-0.00010023078703752519,-8.7964971887577886e-06,5.8106162360115006e-05,5.8106162360115006e-05,0
137.69999999999999,0.17453289999999999,0.1746322559787315,-9.9355978731507921e-05,-8.7480729378825962e-06,5.8109334150378817e-05,5.8109334150378817e-05,0
137.80000000000001,0.17453289999999999,0.17463138601271333,-9.8486012713339122e-05,-8.6996500576838032e-06,5.8107688324969347e-05,5.8107688324969347e-05,0
137.90000000000001,0.17453289999999999,0.17463052088845057,-9.7620888450583587e-05,-8.6512325030702149e-06,5.8101296604680288e-05,5.8101296604680288e-05,0
138,0.17453289999999999,0.17462966060502114,-9.6760605021145585e-05,-8.6028241697467687e-06,5.8090230034296253e-05,5.8090230034296253e-05,0
138.09999999999999,0.17453289999999999,0.17462880516111928,-9.5905161119291815e-05,-8.5544288947744369e-06,5.8074558986648039e-05,5.8074558986648039e-05,0
138.19999999999999,0.17453289999999999,0.17462795455506139,-9.5054555061396817e-05,-8.5060504571267372e-06,5.8054353166884446e-05,5.8054353166884446e-05,0
138.30000000000001,0.17453289999999999,0.1746271087847916,-9.4208784791605105e-05,-8.4576925782424915e-06,5.8029681616759748e-05,5.8029681616759748e-05,0
138.40000000000001,0.17453289999999999,0.17462626784788771,-9.3367847887715349e-05,-8.4093589225753905e-06,5.8000612718641666e-05,5.8000612718641666e-05,0
138.5,0.17453289999999999,0.17462543174156667,-9.2531741566675985e-05,-8.3610530981397496e-06,5.7967214199839502e-05,5.7967214199839502e-05,0
138.59999999999999,0.17453289999999999,0.17462460046269021,-9.1700462690219586e-05,-8.3127786570530448e-06,5.7929553136735221e-05,5.7929553136735221e-05,0
138.69999999999999,0.17453289999999999,0.1746237740077704,-9.0874007770413989e-05,-8.2645390960748343e-06,5.7887695958933017e-05,5.7887695958933017e-05,0
138.80000000000001,0.17453289999999999,0.17462295237297509,-9.0052372975102379e-05,-8.2163378571423456e-06,5.7841708453459841e-05,5.7841708453459841e-05,0
138.90000000000001,0.17453289999999999,0.17462213555413345,-8.9235554133454409e-05,-8.1681783279024702e-06,5.7791655768790062e-05,5.7791655768790062e-05,0
139,0.17453289999999999,0.17462132354674109,-8.8423546741100978e-05,-8.1200638422402612e-06,5.7737602419223724e-05,5.7737602419223724e-05,0
139.09999999999999,0.17453289999999999,0.1746205163459657,-8.7616345965713105e-05,-8.0719976808042815e-06,5.7679612288763949e-05,5.7679612288763949e-05,0
139.19999999999999,0.17453289999999999,0.17461971394665216,-8.6813946652164464e-05,-8.0239830715281766e-06,5.7617748635342724e-05,5.7617748635342724e-05,0
139.30000000000001,0.17453289999999999,0.17461891634332771,-8.6016343327721678e-05,-7.9760231901491058e-06,5.7552074094962229e-05,5.7552074094962229e-05,0
139.40000000000001,0.17453289999999999,0.17461812353020723,-8.522353020723461e-05,-7.9281211607225522e-06,5.7482650685771326e-05,5.7482650685771326e-05,0
139.5,0.17453289999999999,0.17461733550119829,-8.4435501198298901e-05,-7.8802800561337154e-06,5.7409539812107983e-05,5.7409539812107983e-05,0
139.59999999999999,0.17453289999999999,0.1746165522499063,-8.3652249906307485e-05,-7.8325028986058125e-06,5.7332802268597149e-05,5.7332802268597149e-05,0
139.69999999999999,0.17453289999999999,0.17461577376963935,-8.2873769639363326e-05,-7.7847926602045759e-06,5.7252498244319053e-05,5.7252498244319053e-05,0
139.80000000000001,0.17453289999999999,0.17461500005341338,-8.2100053413386442e-05,-7.7371522633395717e-06,5.7168687326725854e-05,5.7168687326725854e-05,0
139.90000000000001,0.17453289999999999,0.17461423109395699,-8.133109395699889e-05,-7.6895845812622176e-06,5.7081428505721037e-05,5.7081428505721037e-05,0
140,0.17453289999999999,0.17461346688371629,-8.0566883716298721e-05,-7.6420924385603859e-06,5.699078017778824e-05,5.699078017778824e-05,0
140.09999999999999,0.17453289999999999,0.17461270741485974,-7.9807414859744963e-05,-7.594678611649448e-06,5.68968001499451e-05,5.68968001499451e-05,0
140.19999999999999,0.17453289999999999,0.17461195267928292,-7.9052679282931582e-05,-7.5473458292602245e-06,5.6799545643752467e-05,5.6799545643752467e-05,0
140.30000000000001,0.17453289999999999,0.17461120266861332,-7.8302668613333681e-05,-7.5000967729236277e-06,5.6699073299291611e-05,5.6699073299291611e-05,0
140.40000000000001,0.17453289999999999,0.17461045737421491,-7.7557374214914931e-05,-7.4529340774517804e-06,5.6595439179217105e-05,5.6595439179217105e-05,0
140.5,0.17453289999999999,0.17460971678719281,-7.6816787192818259e-05,-7.4058603314157923e-06,5.6488698772665997e-05,5.6488698772665997e-05,0
140.59999999999999,0.17453289999999999,0.1746089808983978,-7.608089839780674e-05,-7.3588780776206735e-06,5.6378906999365392e-05,5.6378906999365392e-05,0
140.69999999999999,0.17453289999999999,0.17460824969843097,-7.5349698430982048e-05,-7.3119898135762719e-06,5.6266118213390838e-05,5.6266118213390838e-05,0
140.80000000000001,0.17453289999999999,0.17460752317764816,-7.4623177648169836e-05,-7.2651979919654722e-06,5.6150386207208666e-05,5.6150386207208666e-05,0
140.90000000000001,0.17453289999999999,0.17460680132616435,-7.3901326164360626e-05,-7.2185050211090393e-06,5.6031764215602075e-05,5.6031764215602075e-05,0
141,0.17453289999999999,0.17460608413385806,-7.3184133858067435e-05,-7.1719132654268792e-06,5.5910304919616383e-05,5.5910304919616383e-05,0
141.09999999999999,0.17453289999999999,0.17460537159037576,-7.247159037576667e-05,-7.1254250458963782e-06,5.5786060450368124e-05,5.5786060450368124e-05,0
141.19999999999999,0.17453289999999999,0.17460466368513602,-7.1763685136033706e-05,-7.0790426405073033e-06,5.5659082393097746e-05,5.5659082393097746e-05,0
141.30000000000001,0.17453289999999999,0.17460396040733395,-7.1060407333956022e-05,-7.0327682847135824e-06,5.5529421790888474e-05,5.5529421790888474e-05,0
141.40000000000001,0.17453289999999999,0.17460326174594532,-7.0361745945324294e-05,-6.9866041718819529e-06,5.5397129148550847e-05,5.5397129148550847e-05,0
141.5,0.17453289999999999,0.1746025676897307,-6.9667689730712468e-05,-6.9405524537371189e-06,5.526225443655566e-05,5.526225443655566e-05,0
141.59999999999999,0.17453289999999999,0.1746018782272396,-6.8978227239613332e-05,-6.8946152408039311e-06,5.5124847094857431e-05,5.5124847094857431e-05,0
141.69999999999999,0.17453289999999999,0.17460119334681462,-6.8293346814629619e-05,-6.8487946028462826e-06,5.4984956036603454e-05,5.4984956036603454e-05,0
141.80000000000001,0.17453289999999999,0.1746005130365953,-6.7613036595304266e-05,-6.8030925693028911e-06,5.4842629652147764e-05,5.4842629652147764e-05,0
141.90000000000001,0.17453289999999999,0.1745998372845223,-6.6937284522311513e-05,-6.7575111297199595e-06,5.4697915812647758e-05,5.4697915812647758e-05,0
142,0.17453289999999999,0.17459916607834128,-6.6266078341287171e-05,-6.7120522341805237e-06,5.4550861873962252e-05,5.4550861873962252e-05,0
142.09999999999999,0.17453289999999999,0.17459849940560676,-6.5599405606769912e-05,-6.6667177937306994e-06,5.4401514680382673e-05,5.4401514680382673e-05,0
142.19999999999999,0.17453289999999999,0.17459783725368605,-6.4937253686059293e-05,-6.6215096808030808e-06,5.4249920568396159e-05,5.4249920568396159e-05,0
142.30000000000001,0.17453289999999999,0.17459717960976298,-6.4279609762990519e-05,-6.5764297296364622e-06,5.4096125370465804e-05,5.4096125370465804e-05,0
142.40000000000001,0.17453289999999999,0.17459652646084178,-6.3626460841792465e-05,-6.5314797366930926e-06,5.3940174418683207e-05,5.3940174418683207e-05,0
142.5,0.17453289999999999,0.17459587779375074,-6.297779375075141e-05,-6.4866614610722502e-06,5.3782112548549088e-05,5.3782112548549088e-05,0
142.59999999999999,0.17453289999999999,0.17459523359514595,-6.2333595145958043e-05,-6.4419766249212671e-06,5.3621984102624769e-05,5.3621984102624769e-05,0
142.69999999999999,0.17453289999999999,0.17459459385151496,-6.1693851514971199e-05,-6.3974269138430049e-06,5.3459832934202897e-05,5.3459832934202897e-05,0
142.80000000000001,0.17453289999999999,0.17459395854918036,-6.1058549180370569e-05,-6.3530139773006799e-06,5.3295702411041668e-05,5.3295702411041668e-05,0
142.90000000000001,0.17453289999999999,0.17459332767430333,-6.0427674303337175e-05,-6.3087394290193209e-06,5.3129635419010607e-05,5.3129635419010607e-05,0
143,0.17453289999999999,0.17459270121288728,-5.9801212887289346e-05,-6.2646048473843823e-06,5.2961674365629538e-05,5.2961674365629538e-05,0
143.09999999999999,0.17453289999999999,0.1745920791507812,-5.9179150781213385e-05,-6.220611775837333e-06,5.2791861183858603e-05,5.2791861183858603e-05,0
143.19999999999999,0.17453289999999999,0.17459146147368323,-5.8561473683244047e-05,-6.1767617232680174e-06,5.262023733558026e-05,5.262023733558026e-05,0
143.30000000000001,0.17453289999999999,0.17459084816714404,-5.7948167144050711e-05,-6.1330561644044036e-06,5.2446843815228552e-05,5.2446843815228552e-05,0
143.40000000000001,0.17453289999999999,0.17459023921657019,-5.7339216570195806e-05,-6.089496540198971e-06,5.227172115338568e-05,5.227172115338568e-05,0
143.5,0.17453289999999999,0.17458963460722748,-5.6734607227493239e-05,-6.0460842582124061e-06,5.2094909420330064e-05,5.2094909420330064e-05,0
143.59999999999999,0.17453289999999999,0.17458903432424427,-5.6134324244283551e-05,-6.0028206929941105e-06,5.1916448229610433e-05,5.1916448229610433e-05,0
143.69999999999999,0.17453289999999999,0.17458843835261476,-5.5538352614764586e-05,-5.9597071864600104e-06,5.1736376741515596e-05,5.1736376741515596e-05,0
143.80000000000001,0.17453289999999999,0.17458784667720209,-5.4946677202100114e-05,-5.9167450482671978e-06,5.1554733666709445e-05,5.1554733666709445e-05,0
143.90000000000001,0.17453289999999999,0.17458725928274169,-5.4359282741694992e-05,-5.8739355561857099e-06,5.1371557269647779e-05,5.1371557269647779e-05,0
144,0.17453289999999999,0.17458667615384435,-5.3776153844359298e-05,-5.8312799564676106e-06,5.1186885372057699e-05,5.1186885372057699e-05,0
144.09999999999999,0.17453289999999999,0.17458609727499938,-5.3197274999389199e-05,-5.7887794642128886e-06,5.1000755356442792e-05,5.1000755356442792e-05,0
144.19999999999999,0.17453289999999999,0.17458552263057758,-5.2622630577592311e-05,-5.7464352637325737e-06,5.0813204169594022e-05,5.0813204169594022e-05,0
144.30000000000001,0.17453289999999999,0.17458495220483444,-5.2052204834451832e-05,-5.7042485089091092e-06,5.062426832591213e-05,5.062426832591213e-05,0
144.40000000000001,0.17453289999999999,0.17458438598191303,-5.1485981913040879e-05,-5.6622203235536706e-06,5.0433983910925197e-05,5.0433983910925197e-05,0
144.5,0.17453289999999999,0.17458382394584704,-5.0923945847047847e-05,-5.6203518017608664e-06,5.0242386584647741e-05,5.0242386584647741e-05,0
144.59999999999999,0.17453289999999999,0.17458326608056368,-5.036608056369074e-05,-5.578644008260393e-06,5.0049511584996338e-05,5.0049511584996338e-05,0
144.69999999999999,0.17453289999999999,0.17458271236988651,-4.9812369886520491e-05,-5.5370979787659066e-06,4.9855393731265828e-05,4.9855393731265828e-05,0
144.80000000000001,0.17453289999999999,0.17458216279753849,-4.9262797538501824e-05,-5.4957147203212209e-06,4.9660067427280158e-05,4.9660067427280158e-05,0
144.90000000000001,0.17453289999999999,0.17458161734714464,-4.8717347144650036e-05,-5.4544952116436829e-06,4.9463566664936258e-05,4.9463566664936258e-05,0
145,0.17453289999999999,0.17458107600223496,-4.8176002234973092e-05,-5.4134404034646567e-06,4.9265925027390728e-05,4.9265925027390728e-05,0
145.09999999999999,0.17453289999999999,0.1745805387462471,-4.7638746247108399e-05,-5.3725512188673277e-06,4.9067175692503497e-05,4.9067175692503497e-05,0
145.19999999999999,0.17453289999999999,0.17458000556252914,-4.7105562529153877e-05,-5.3318285536218798e-06,4.8867351436039956e-05,4.8867351436039956e-05,0
145.30000000000001,0.17453289999999999,0.17457947643434227,-4.6576434342276984e-05,-5.2912732765176063e-06,4.8666484635039928e-05,4.8666484635039928e-05,0
145.40000000000001,0.17453289999999999,0.17457895134486351,-4.6051344863518029e-05,-5.2508862296925722e-06,4.8464607270948265e-05,4.8464607270948265e-05,0
145.5,0.17453289999999999,0.17457843027718828,-4.5530277188288171e-05,-5.2106682289606441e-06,4.8261750933003419e-05,4.8261750933003419e-05,0
145.59999999999999,0.17453289999999999,0.17457791321433297,-4.5013214332978446e-05,-5.1706200641354211e-06,4.8057946821459131e-05,4.8057946821459131e-05,0
145.69999999999999,0.17453289999999999,0.17457740013923759,-4.4500139237596548e-05,-5.130742499351821e-06,4.7853225750736238e-05,4.7853225750736238e-05,0
145.80000000000001,0.17453289999999999,0.17457689103476828,-4.3991034768292581e-05,-5.0910362733851143e-06,4.7647618152639481e-05,4.7647618152639481e-05,0
145.90000000000001,0.17453289999999999,0.17457638588371982,-4.348588371982931e-05,-5.0515020999668567e-06,4.7441154079574114e-05,4.7441154079574114e-05,0
146,0.17453289999999999,0.17457588466881807,-4.2984668818080163e-05,-5.0121406680984476e-06,4.723386320769189e-05,4.723386320769189e-05,0
146.09999999999999,0.17453289999999999,0.17457538737272243,-4.2487372722443961e-05,-4.9729526423621409e-06,4.702577484007458e-05,4.702577484007458e-05,0
146.19999999999999,0.17453289999999999,0.17457489397802825,-4.199397802825966e-05,-4.933938663229305e-06,4.6816917909867832e-05,4.6816917909867832e-05,0
146.30000000000001,0.17453289999999999,0.17457440446726924,-4.1504467269248835e-05,-4.895099347366076e-06,4.660732098334053e-05,4.660732098334053e-05,0
146.40000000000001,0.17453289999999999,0.17457391882291978,-4.1018822919791642e-05,-4.8564352879365097e-06,4.6397012263065532e-05,4.6397012263065532e-05,0
146.5,0.17453289999999999,0.17457343702739719,-4.0537027397202774e-05,-4.8179470549029328e-06,4.6186019591050009e-05,4.6186019591050009e-05,0
146.59999999999999,0.17453289999999999,0.17457295906306416,-4.005906306417395e-05,-4.7796351953241729e-06,4.5974370451661159e-05,4.5974370451661159e-05,0
146.69999999999999,0.17453289999999999,0.17457248491223093,-3.9584912230938851e-05,-4.7415002336508124e-06,4.5762091974775777e-05,4.5762091974775777e-05,0
146.80000000000001,0.17453289999999999,0.17457201455715748,-3.9114557157493568e-05,-4.7035426720180288e-06,4.5549210938830944e-05,4.5549210938830944e-05,0
146.90000000000001,0.17453289999999999,0.17457154798005584,-3.8647980055844799e-05,-4.6657629905362007e-06,4.5335753773806812e-05,4.5335753773806812e-05,0
147,0.17453289999999999,0.17457108516309211,-3.8185163092119279e-05,-4.6281616475784417e-06,4.5121746564292676e-05,4.5121746564292676e-05,0
147.09999999999999,0.17453289999999999,0.1745706260883888,-3.7726088388811974e-05,-4.5907390800662264e-06,4.4907215052380101e-05,4.4907215052380101e-05,0
147.19999999999999,0.17453289999999999,0.1745701707380268,-3.7270738026812245e-05,-4.5534957037521245e-06,4.4692184640725993e-05,4.4692184640725993e-05,0
147.30000000000001,0.17453289999999999,0.17456971909404753,-3.6819094047541023e-05,-4.5164319135003031e-06,4.4476680395464429e-05,4.4476680395464429e-05,0
147.40000000000001,0.17453289999999999,0.17456927113845494,-3.6371138454949214e-05,-4.4795480835644916e-06,4.4260727049211634e-05,4.4260727049211634e-05,0
147.5,0.17453289999999999,0.17456882685321762,-3.5926853217627119e-05,-4.4428445678634404e-06,4.4044349003914812e-05,4.4044349003914812e-05,0
147.59999999999999,0.17453289999999999,0.17456838622027077,-3.5486220270775082e-05,-4.4063217002540226e-06,4.3827570333797333e-05,4.3827570333797333e-05,0
147.69999999999999,0.17453289999999999,0.17456794922151819,-3.504922151820189e-05,-4.3699797948021096e-06,4.3610414788236077e-05,4.3610414788236077e-05,0
147.80000000000001,0.17453289999999999,0.1745675158388342,-3.4615838834212154e-05,-4.3338191460505438e-06,4.3392905794697637e-05,4.3392905794697637e-05,0
147.90000000000001,0.17453289999999999,0.17456708605406562,-3.4186054065632465e-05,-4.2978400292854247e-06,4.3175066461505183e-05,4.3175066461505183e-05,0
148,0.17453289999999999,0.17456665984903366,-3.3759849033671019e-05,-4.2620427007994097e-06,4.2956919580718349e-05,4.2956919580718349e-05,0
148.09999999999999,0.17453289999999999,0.17456623720553568,-3.333720553569397e-05,-4.2264273981529212e-06,4.2738487631058616e-05,4.2738487631058616e-05,0
148.19999999999999,0.17453289999999999,0.17456581810534724,-3.2918105347251592e-05,-4.1909943404330053e-06,4.2519792780542498e-05,4.2519792780542498e-05,0
148.30000000000001,0.17453289999999999,0.17456540253022373,-3.2502530223743609e-05,-4.1557437285099343e-06,4.2300856889435206e-05,4.2300856889435206e-05,0
148.40000000000001,0.17453289999999999,0.17456499046190233,-3.2090461902334333e-05,-4.1206757452912385e-06,4.2081701512907964e-05,4.2081701512907964e-05,0
148.5,0.17453289999999999,0.17456458188210364,-3.1681882103645753e-05,-4.0857905559738182e-06,4.1862347903882976e-05,4.1862347903882976e-05,0
148.59999999999999,0.17453289999999999,0.17456417677253347,-3.1276772533478381e-05,-4.051088308293355e-06,4.164281701580201e-05,4.164281701580201e-05,0
148.69999999999999,0.17453289999999999,0.17456377511488463,-3.0875114884643118e-05,-4.0165691327717191e-06,4.142312950524782e-05,4.142312950524782e-05,0
148.80000000000001,0.17453289999999999,0.17456337689083856,-3.047689083857108e-05,-3.9822331429619625e-06,4.1203305734744249e-05,4.1203305734744249e-05,0
148.90000000000001,0.17453289999999999,0.174562982082067,-3.0082082067006688e-05,-3.9480804356912498e-06,4.0983365775435816e-05,4.0983365775435816e-05,0
149,0.17453289999999999,0.17456259067023366,-2.9690670233673e-05,-3.91411109130157e-06,4.0763329409755254e-05,4.0763329409755254e-05,0
149.09999999999999,0.17453289999999999,0.17456220263699587,-2.9302636995881537e-05,-3.880325173887658e-06,4.0543216134096305e-05,4.0543216134096305e-05,0
149.19999999999999,0.17453289999999999,0.17456181796400611,-2.8917964006114349e-05,-3.8467227315335134e-06,4.0323045161488888e-05,4.0323045161488888e-05,0
149.30000000000001,0.17453289999999999,0.17456143663291362,-2.8536632913633841e-05,-3.8133037965462784e-06,4.0102835424199169e-05,4.0102835424199169e-05,0
149.40000000000001,0.17453289999999999,0.17456105862536597,-2.8158625365981571e-05,-3.7800683856880068e-06,3.988260557640255e-05,3.988260557640255e-05,0
149.5,0.17453289999999999,0.17456068392301066,-2.7783923010671341e-05,-3.7470165004052824e-06,3.9662373996623737e-05,3.9662373996623737e-05,0
149.59999999999999,0.17453289999999999,0.17456031250749651,-2.7412507496521465e-05,-3.7141481270566376e-06,3.9442158790498009e-05,3.9442158790498009e-05,0
149.69999999999999,0.17453289999999999,0.17455994436047514,-2.7044360475153573e-05,-3.6814632371378874e-06,3.9221977793328397e-05,3.9221977793328397e-05,0
149.80000000000001,0.17453289999999999,0.17455957946360254,-2.6679463602546916e-05,-3.6489617875053218e-06,3.9001848572548873e-05,3.9001848572548873e-05,0
149.90000000000001,0.17453289999999999,0.17455921779854039,-2.6317798540398396e-05,-3.6166437205968774e-06,3.8781788430345391e-05,3.8781788430345391e-05,0
