0.10000000000000001,0.17453289999999999,7.9213034365515888e-06,0.17452497869656344,0.00014425248871547563,0.17192843389968487,0.17192843389968487
0.20000000000000001,0.17453289999999999,3.0292188285828993e-05,0.17450260781171417,0.00028632409884365458,0.16934877403252838,0.16934877403252838
0.30000000000000004,0.17453289999999999,6.675875459350907e-05,0.17446614124540649,0.00042625613518149108,0.16679353081213966,0.16679353081213966
0.40000000000000002,0.17453289999999999,0.00011710794799187048,0.17441579205200813,0.00056406889517770934,0.16426255193880937,0.16426255193880937
0.5,0.17453289999999999,0.00018112876509054977,0.17435177123490944,0.00069978254541481501,0.16175568541744278,0.16175568541744278
0.59999999999999998,0.17453289999999999,0.00025861222512188394,0.17427428777487811,0.00083341712412354774,0.15927277954065425,0.15927277954065425
0.70000000000000007,0.17453289999999999,0.00035021156072532149,0.17418268843927467,0.00096485777303254266,0.15681524852468892,0.15681524852468892
0.80000000000000004,0.17453289999999999,0.00045482559658246362,0.17407807440341752,0.0010942630919217526,0.15438133874882598,0.15438133874882598
0.90000000000000002,0.17453289999999999,0.00057225209759450082,0.17396064790240548,0.0012216526786556128,0.15197089968660446,0.15197089968660446
1,0.17453289999999999,0.00070229077928001752,0.17383060922071997,0.0013470460059073527,0.14958378111438761,0.14958378111438761
1.1000000000000001,0.17453289999999999,0.00084474329558162787,0.17368815670441837,0.0014704624213668362,0.14721983311981532,0.14721983311981532
1.2000000000000002,0.17453289999999999,0.00099941322658247934,0.17353348677341751,0.0015919211479719537,0.14487890610992235,0.14487890610992235
1.3000000000000003,0.17453289999999999,0.0011661060661808801,0.17336679393381912,0.0017114412841563785,0.14256085081900433,0.14256085081900433
1.4000000000000001,0.17453289999999999,0.0013446292097496436,0.17318827079025034,0.0018290418041097239,0.14026551831627532,0.14026551831627532
1.5000000000000002,0.17453289999999999,0.001534791941795754,0.17299810805820423,0.0019447415580477652,0.13799276001334446,0.13799276001334446
1.6000000000000001,0.17453289999999999,0.001736405423630006,0.17279649457636997,0.0020585592724912628,0.13574242767152725,0.13574242767152725
1.7000000000000002,0.17453289999999999,0.0019492826810529199,0.17258361731894706,0.0021705135505524368,0.13351437340900318,0.13351437340900318
1.8000000000000003,0.17453289999999999,0.0021732385920612478,0.17235966140793874,0.0022806228722284101,0.13130844970782735,0.13130844970782735
1.9000000000000001,0.17453289999999999,0.0024080898745780835,0.17212481012542191,0.0023889055947011514,0.12912450942080117,0.12912450942080117
2,0.17453289999999999,0.0026536550742088738,0.17187924492579112,0.0024953799526435372,0.12696240577820744,0.12696240577820744
2.1000000000000001,0.17453289999999999,0.0029097545520250052,0.171623145447975,0.0026000640585312463,0.12482199239441256,0.12482199239441256
2.2000000000000002,0.17453289999999999,0.0031762104723764557,0.17135668952762353,0.0027029759029602337,0.12270312327433933,0.12270312327433933
2.3000000000000003,0.17453289999999999,0.0034528467907345372,0.17108005320926545,0.002804133354969587,0.12060565281981288,0.12060565281981288
2.4000000000000004,0.17453289999999999,0.0037394892415657873,0.17079341075843421,0.0029035541623695683,0.11852943583578199,0.11852943583578199
2.5000000000000004,0.17453289999999999,0.0040359653262377849,0.1704969346737622,0.0030012559520746765,0.11647432753641802,0.11647432753641802
2.6000000000000001,0.17453289999999999,0.0043421043009576601,0.17019079569904233,0.0030972562304415817,0.11444018355109387,0.11444018355109387
2.7000000000000002,0.17453289999999999,0.004657737164743974,0.16987516283525603,0.0031915723836117727,0.11242685993024412,0.11242685993024412
2.8000000000000003,0.17453289999999999,0.0049826966474325347,0.16955020335256746,0.0032842216778587855,0.11043421315110932,0.11043421315110932
2.9000000000000004,0.17453289999999999,0.0053168171977167784,0.1692160828022832,0.0033752212599398737,0.10846210012336548,0.10846210012336548
3.0000000000000004,0.17453289999999999,0.0056599349712231906,0.1688729650287768,0.0034645881574519913,0.10651037819464096,0.10651037819464096
3.1000000000000001,0.17453289999999999,0.006011887818622279,0.16852101218137772,0.003552339279191952,0.10457890515592258,0.10457890515592258
3.2000000000000002,0.17453289999999999,0.0063725152737755609,0.16816038472622444,0.003638491415520648,0.10266753924685278,0.10266753924685278
3.3000000000000003,0.17453289999999999,0.0067416585419189969,0.167791241458081,0.0037230612387311878,0.10077613916091961,0.10077613916091961
3.4000000000000004,0.17453289999999999,0.0071191604878833191,0.16741373951211666,0.0038060653034208388,0.098904564050541557,0.098904564050541557
3.5000000000000004,0.17453289999999999,0.0075048656243515977,0.16702803437564839,0.0038875200468666354,0.097052673532048953,0.097052673532048953
3.6000000000000001,0.17453289999999999,0.0078986201001544753,0.16663427989984553,0.0039674417894045412,0.09522032769056378,0.09522032769056378
3.7000000000000002,0.17453289999999999,0.0083002716886034032,0.1662326283113966,0.0040458467348120208,0.093407387084780219,0.093407387084780219
3.8000000000000003,0.17453289999999999,0.0087096697758621919,0.16582323022413781,0.0041227509706939095,0.091613712751647439,0.091613712751647439
3.9000000000000004,0.17453289999999999,0.0091266653493572766,0.16540623465064272,0.0041981704688714245,0.089839166210957083,0.089839166210957083
4,0.17453289999999999,0.0095511109862269124,0.16498178901377308,0.0042721210857742213,0.088083609469837093,0.088083609469837093
4.0999999999999996,0.17453289999999999,0.0099828608418096459,0.16455003915819033,0.0043446185628353267,0.086346905027154447,0.086346905027154447
4.2000000000000002,0.17453289999999999,0.010421770638172319,0.16411112936182767,0.004415678526888827,0.084628915877828781,0.084628915877828781
4.2999999999999998,0.17453289999999999,0.010867697652677828,0.16366520234732215,0.0044853164905701648,0.082929505517059188,0.082929505517059188
4.3999999999999995,0.17453289999999999,0.011320500706592913,0.16321239929340708,0.0045535478527189066,0.081248537944466764,0.081248537944466764
4.5,0.17453289999999999,0.011780040153736198,0.16275285984626378,0.0046203878987838226,0.079585877668154975,0.079585877668154975
4.5999999999999996,0.17453289999999999,0.012246177869166548,0.16228672213083345,0.0046858518012301235,0.077941389708691231,0.077941389708691231
4.7000000000000002,0.17453289999999999,0.012718777237912175,0.16181412276208781,0.0047499546199487128,0.076314939603010987,0.076314939603010987
4.7999999999999998,0.17453289999999999,0.013197703143740294,0.16133519685625969,0.0048127113026672531,0.074706393408249139,0.074706393408249139
4.9000000000000004,0.17453289999999999,0.013682821957967812,0.16085007804203219,0.0048741366853629125,0.073115617705499764,0.073115617705499764
5,0.17453289999999999,0.014174001528312868,0.16035889847168713,0.0049342454926765778,0.071542479603508735,0.071542479603508735
5.0999999999999996,0.17453289999999999,0.014671111167787453,0.15986178883221253,0.0049930523383283605,0.069986846742302031,0.069986846742302031
5.2000000000000002,0.17453289999999999,0.01517402164363112,0.15935887835636886,0.0050505717255341937,0.068448587296753377,0.068448587296753377
5.2999999999999998,0.17453289999999999,0.015682605166285758,0.15885029483371424,0.0051068180474232901,0.066927569980095025,0.066927569980095025
5.4000000000000004,0.17453289999999999,0.016196735378411462,0.15833616462158853,0.0051618055874562696,0.065423664047375679,0.065423664047375679
5.5,0.17453289999999999,0.016716287343943422,0.15781661265605657,0.005215548519843672,0.063936739298870476,0.063936739298870476
5.5999999999999996,0.17453289999999999,0.017241137537189716,0.15729176246281026,0.0052680609099646459,0.062466666083446643,0.062466666083446643
5.7000000000000002,0.17453289999999999,0.017771163831969864,0.15676173616803013,0.0053193567147854937,0.061013315301891247,0.061013315301891247
5.7999999999999998,0.17453289999999999,0.018306245490793991,0.156226654509206,0.0053694497832778125,0.059576558410205371,0.059576558410205371
5.9000000000000004,0.17453289999999999,0.018846263154082343,0.15568663684591766,0.0054183538568358938,0.058156267422871569,0.058156267422871569
6,0.17453289999999999,0.01939109882942474,0.15514180117057524,0.0054660825696930451,0.05675231491610043,0.05675231491610043
6.0999999999999996,0.17453289999999999,0.019940635880879787,0.15459226411912019,0.0055126494493364583,0.055364574031063943,0.055364574031063943
6.2000000000000002,0.17453289999999999,0.020494759018313262,0.15403814098168672,0.0055580679169202115,0.053992918477122911,0.053992918477122911
6.2999999999999998,0.17453289999999999,0.021053354286775069,0.15347954571322492,0.0056023512876759683,0.052637222535057482,0.052637222535057482
6.4000000000000004,0.17453289999999999,0.021616309055914374,0.15291659094408561,0.0056455127713209013,0.051297361060309382,0.051297361060309382
6.5,0.17453289999999999,0.022183512009431926,0.15234938799056807,0.0056875654724622702,0.049973209486247214,0.049973209486247214
6.5999999999999996,0.17453289999999999,0.022754853134568879,0.15177804686543112,0.0057285223909981069,0.048664643827465187,0.048664643827465187
6.7000000000000002,0.17453289999999999,0.023330223711630994,0.151202676288369,0.0057683964225133518,0.047371540683128668,0.047371540683128668
6.7999999999999998,0.17453289999999999,0.023909380898516738,0.15062351910148325,0.0058072380021386453,0.046093235062987639,0.046093235062987639
6.9000000000000004,0.17453289999999999,0.024492373812440928,0.15004052618755906,0.005845017777432562,0.04483020619377294,0.04483020619377294
7,0.17453289999999999,0.025079096344307661,0.14945380365569233,0.0058817484775265149,0.043582331060215057,0.043582331060215057
7.0999999999999996,0.17453289999999999,0.025669443656779114,0.14886345634322087,0.0059174427289698257,0.042349487221764015,0.042349487221764015
7.2000000000000002,0.17453289999999999,0.026263312174058674,0.14826958782594132,0.0059521130561856353,0.041131552814599889,0.041131552814599889
7.2999999999999998,0.17453289999999999,0.0268605995717274,0.14767230042827259,0.0059857718819237155,0.039928406553645712,0.039928406553645712
7.4000000000000004,0.17453289999999999,0.027461204766632274,0.14707169523336772,0.0060184315277102586,0.038739927734583068,0.038739927734583068
7.5,0.17453289999999999,0.028065027906829038,0.14646787209317094,0.0060501042142927239,0.037565996235901913,0.037565996235901913
7.5999999999999996,0.17453289999999999,0.028671970361577509,0.14586092963842248,0.0060808020620796736,0.036406492520988362,0.036406492520988362
7.7000000000000002,0.17453289999999999,0.02928193471139318,0.14525096528860681,0.0061105370915733133,0.035261297640287181,0.035261297640287181
7.7999999999999998,0.17453289999999999,0.029894824738152873,0.14463807526184713,0.0061393212237939396,0.034130293233556222,0.034130293233556222
7.9000000000000004,0.17453289999999999,0.030510545415254969,0.14402235458474502,0.006167166280694511,0.033013361532243823,0.033013361532243823
8,0.17453289999999999,0.031129002897837484,0.1434038971021625,0.0061940839855623899,0.031910385362039481,0.031910385362039481
8.0999999999999996,0.17453289999999999,0.031750104513049507,0.1427827954869505,0.0062200859634070991,0.030821248145622718,0.030821248145622718
8.1999999999999993,0.17453289999999999,0.03237375875038085,0.14215914124961915,0.0062451837413295347,0.029745833905687524,0.029745833905687524
8.3000000000000007,0.17453289999999999,0.032999875252045008,0.14153302474795498,0.0062693887488705115,0.028684027268285783,0.028684027268285783
8.4000000000000004,0.17453289999999999,0.033628364803417368,0.14090453519658264,0.0062927123183335156,0.027635713466579351,0.027635713466579351
8.5,0.17453289999999999,0.034259139323525763,0.14027376067647424,0.0063151656850769598,0.026600778345088963,0.026600778345088963
8.5999999999999996,0.17453289999999999,0.034892111855591386,0.13964078814440861,0.0063367599877698988,0.025579108364550435,0.025579108364550435
8.6999999999999993,0.17453289999999999,0.035527196557616027,0.13900570344238397,0.0063575062686038472,0.024570590607514722,0.024570590607514722
8.8000000000000007,0.17453289999999999,0.036164308693009767,0.13836859130699022,0.0063774154734528377,0.023575112784839147,0.023575112784839147
8.9000000000000004,0.17453289999999999,0.036803364621252353,0.13772953537874763,0.0063964984519707625,0.022592563243273911,0.022592563243273911
9,0.17453289999999999,0.037444281788576166,0.13708861821142382,0.0064147659576150222,0.021622830974353413,0.021622830974353413
9.0999999999999996,0.17453289999999999,0.038086925330647156,0.13644597466935282,0.0064322539596074375,0.020665403396418952,0.020665403396418952
9.1999999999999993,0.17453289999999999,0.038731270344485744,0.13580162965551423,0.0064489484857635782,0.019720556911769827,0.019720556911769827
9.3000000000000007,0.17453289999999999,0.039377238093948878,0.13515566190605111,0.0064648598103670945,0.018788185319443401,0.018788185319443401
9.4000000000000004,0.17453289999999999,0.040024750849949942,0.13450814915005005,0.0064799981060693302,0.01786818324080211,0.01786818324080211
9.5,0.17453289999999999,0.040673731877711186,0.13385916812228882,0.0064943734432434839,0.016960446143906113,0.016960446143906113
9.5999999999999996,0.17453289999999999,0.041324105423445057,0.13320879457655493,0.0065079957892665956,0.016064870369756207,0.016064870369756207
9.7000000000000011,0.17453289999999999,0.041975796700356657,0.13255710329964332,0.0065208750077501171,0.015181353160141214,0.015181353160141214
9.8000000000000007,0.17453289999999999,0.042628731873842744,0.13190416812615724,0.0065330208577556292,0.014309792686555911,0.014309792686555911
9.9000000000000004,0.17453289999999999,0.043282838045744614,0.13125006195425537,0.0065444429930571514,0.013450088079226652,0.013450088079226652
10,0.17453289999999999,0.043938043237501653,0.13059485676249832,0.0065551509615444379,0.012602139454698444,0.012602139454698444
10.1,0.17453289999999999,0.044594276372043412,0.12993862362795658,0.0065651542049124439,0.011765847939532587,0.011765847939532587
10.200000000000001,0.17453289999999999,0.045251467254265001,0.129281432745735,0.0065744620588537488,0.01094111568636752,0.01094111568636752
10.300000000000001,0.17453289999999999,0.045909546549963064,0.12862335345003692,0.0065830837540694362,0.01012784587678707,0.01012784587678707
10.4,0.17453289999999999,0.046568445763187485,0.12796445423681252,0.0065910284185503052,0.009325942702907028,0.009325942702907028
10.5,0.17453289999999999,0.047228097212110597,0.12730480278788939,0.0065983050817638843,0.0085353113161394656,0.0085353113161394656
10.6,0.17453289999999999,0.047888434003785271,0.12664446599621471,0.0066049226816128539,0.0077558577271833323,0.0077558577271833323
10.700000000000001,0.17453289999999999,0.048549390008603713,0.12598350999139629,0.00661089007530943,0.0069874886358265442,0.0069874886358265442
10.800000000000001,0.17453289999999999,0.049210899835965154,0.12532200016403483,0.0066162160556037875,0.0062301111631666573,0.0062301111631666573
10.9,0.17453289999999999,0.049872898813691169,0.12466000118630882,0.0066209093740420954,0.0054836324535511016,0.0054836324535511016
11,0.17453289999999999,0.050535322975146534,0.12399757702485345,0.0066249787729593911,0.0047479591115844044,0.0047479591115844044
11.1,0.17453289999999999,0.051198109059780637,0.12333479094021935,0.0066284330274714101,0.0040229964457339645,0.0040229964457339645
11.200000000000001,0.17453289999999999,0.051861194534603715,0.12267170546539627,0.0066312809974391103,0.0033086475114922909,0.0033086475114922909
11.300000000000001,0.17453289999999999,0.052524517645243761,0.12200838235475622,0.0066335316867902833,0.0026048119925311253,0.0026048119925311253
11.4,0.17453289999999999,0.05318801750439911,0.12134488249560088,0.006635194303467977,0.0019113850331772958,0.0019113850331772958
11.5,0.17453289999999999,0.053851634221009262,0.12068126577899073,0.0066362783080669164,0.0012282562337862374,0.0012282562337862374
11.6,0.17453289999999999,0.054515309063988909,0.12001759093601108,0.0066367934346646083,0.00055530911204812461,0.00055530911204812461
11.700000000000001,0.17453289999999999,0.05517898464060262,0.11935391535939738,0.0066367496666274624,-0.00010757863989693806,-0.00010757863989693806
11.800000000000001,0.17453289999999999,0.055842605055860188,0.1186902949441398,0.0066361571566892746,-0.00076053387626714986,-0.00076053387626714986
11.9,0.17453289999999999,0.05650611601335527,0.11802678398664472,0.0066350260951036346,-0.0014036857252207047,-0.0014036857252207047
12,0.17453289999999999,0.05716946482654018,0.11736343517345982,0.0066333665475851906,-0.0020371626830736067,-0.0020371626830736067
12.1,0.17453289999999999,0.057832600332255207,0.11670029966774478,0.0066311882971225086,-0.002661089680460374,-0.002661089680460374
12.200000000000001,0.17453289999999999,0.05849547272580885,0.11603742727419114,0.0066285007231053792,-0.0032755857417056805,-0.0032755857417056805
12.300000000000001,0.17453289999999999,0.059158033355831842,0.11537486664416816,0.0066253127376784161,-0.0038807626340433277,-0.0038807626340433277
12.4,0.17453289999999999,0.059820234520009945,0.11471266547999004,0.0066216327805505111,-0.0044767245699191549,-0.0044767245699191549
12.5,0.17453289999999999,0.060482029292011651,0.11405087070798833,0.0066174688588524896,-0.0050635687513564814,-0.0050635687513564814
12.6,0.17453289999999999,0.061143371393789642,0.11338952860621035,0.0066128286126349795,-0.0056413864212192799,-0.0056413864212192799
12.700000000000001,0.17453289999999999,0.061804215113604621,0.11272868488639537,0.0066077193882306436,-0.0062102641017562077,-0.0062102641017562077
12.800000000000001,0.17453289999999999,0.062464515261989907,0.11206838473801009,0.0066021483071687665,-0.0067702847910277031,-0.0067702847910277031
12.9,0.17453289999999999,0.063124227155131607,0.11140867284486838,0.0065961223242130239,-0.007321528990966053,-0.007321528990966053
13,0.17453289999999999,0.063783306615793983,0.11074959338420601,0.0065896482725610198,-0.0078640755218923469,-0.0078640755218923469
13.1,0.17453289999999999,0.064441709984053047,0.11009119001594694,0.0065827328969221451,-0.0083980021286516604,-0.0083980021286516604
13.200000000000001,0.17453289999999999,0.065099394132451568,0.10943350586754842,0.0065753828764184858,-0.0089233859079843186,-0.0089233859079843186
13.300000000000001,0.17453289999999999,0.06575631648217406,0.10877658351782593,0.0065676048395613236,-0.0094403035942778879,-0.0094403035942778879
13.4,0.17453289999999999,0.066412435018290042,0.10812046498170995,0.006559405373379369,-0.0099488317391186881,-0.0099488317391186881
13.5,0.17453289999999999,0.067067708303085796,0.10746519169691419,0.0065507910284139824,-0.010449046814537483,-0.010449046814537483
13.6,0.17453289999999999,0.06772209548710717,0.10681080451289282,0.0065417683209041929,-0.010941025263382656,-0.010941025263382656
13.700000000000001,0.17453289999999999,0.06837555631787974,0.10615734368212025,0.0065323437331355379,-0.011424843514319424,-0.011424843514319424
13.800000000000001,0.17453289999999999,0.069028051146455591,0.1055048488535444,0.0065225237126462932,-0.011900577974088875,-0.011900577974088875
13.9,0.17453289999999999,0.069679540932016309,0.10485335906798368,0.0065123146707707245,-0.012368305005889355,-0.012368305005889355
14,0.17453289999999999,0.070329987244786202,0.10420291275521379,0.0065017229808428936,-0.012828100899958297,-0.012828100899958297
14.1,0.17453289999999999,0.070979352267504667,0.10355354773249532,0.0064907549762738062,-0.013280041840433188,-0.013280041840433188
14.200000000000001,0.17453289999999999,0.071627598795681285,0.10290530120431871,0.0064794169486358938,-0.013724203871127383,-0.013724203871127383
14.300000000000001,0.17453289999999999,0.072274690236832861,0.10225820976316713,0.0064677151458370991,-0.014160662861900652,-0.014160662861900652
14.4,0.17453289999999999,0.072920590608874458,0.10161230939112553,0.006455655770431095,-0.014589494476634185,-0.014589494476634185
14.5,0.17453289999999999,0.073565264537805986,0.10096763546219401,0.0064432449780858188,-0.015010774143350739,-0.015010774143350739
14.6,0.17453289999999999,0.074208677254818833,0.10032422274518116,0.0064304888762189332,-0.015424577026759645,-0.015424577026759645
14.700000000000001,0.17453289999999999,0.074850794592920197,0.099682105407079794,0.0064173935227975851,-0.015830978003276736,-0.015830978003276736
14.800000000000001,0.17453289999999999,0.075491582983162303,0.099041317016837688,0.0064039649252960948,-0.016230051638492018,-0.016230051638492018
14.9,0.17453289999999999,0.076131009450543227,0.098401890549456764,0.0063902090398003895,-0.016621872166950255,-0.016621872166950255
15,0.17453289999999999,0.076769041609640556,0.097763858390359434,0.0063761317702481137,-0.017006513474106616,-0.017006513474106616
15.1,0.17453289999999999,0.077405647660023516,0.097127252339976475,0.0063617389677916433,-0.017384049080273106,-0.017384049080273106
15.200000000000001,0.17453289999999999,0.078040796381483951,0.09649210361851604,0.0063470364302720492,-0.017754552126380843,-0.017754552126380843
15.300000000000001,0.17453289999999999,0.078674457129120495,0.095858442870879496,0.0063320299017928456,-0.018118095361391723,-0.018118095361391723
15.4,0.17453289999999999,0.079306599828303459,0.095226300171696532,0.0063167250723827574,-0.018474751131193096,-0.018474751131193096
15.5,0.17453289999999999,0.07993719496954288,0.094595705030457111,0.0063011275777377848,-0.018824591368823015,-0.018824591368823015
15.6,0.17453289999999999,0.080566213603280507,0.093966686396719484,0.0062852429990338712,-0.0191676875858902,-0.0191676875858902
15.700000000000001,0.17453289999999999,0.081193627334621724,0.093339272665378267,0.0062690768628022248,-0.019504110865061777,-0.019504110865061777
15.800000000000001,0.17453289999999999,0.081819408318021203,0.092713491681978788,0.0062526346408602329,-0.019833931853505404,-0.019833931853505404
15.9,0.17453289999999999,0.082443529251933517,0.092089370748066474,0.0062359217502915417,-0.020157220757181279,-0.020157220757181279
16,0.17453289999999999,0.083065963373440646,0.091466936626559345,0.0062189435534700625,-0.020474047335901788,-0.020474047335901788
16.100000000000001,0.17453289999999999,0.083686684452862356,0.090846215547137635,0.006201705358122471,-0.020784480899066843,-0.020784480899066843
16.200000000000003,0.17453289999999999,0.084305666788358422,0.090227233211641569,0.0061842124174251783,-0.021088590302011642,-0.021088590302011642
16.300000000000001,0.17453289999999999,0.084922885200528306,0.089610014799471685,0.0061664699301317285,-0.02138644394289943,-0.02138644394289943
16.400000000000002,0.17453289999999999,0.0855383150270137,0.08899458497298629,0.0061484830407271254,-0.021678109760101968,-0.021678109760101968
16.500000000000004,0.17453289999999999,0.08615193211710806,0.088380967882891931,0.0061302568396061586,-0.021963655230018919,-0.021963655230018919
16.600000000000001,0.17453289999999999,0.086763712826377973,0.087769187173622018,0.0061117963632729552,-0.022243147365291177,-0.022243147365291177
16.700000000000003,0.17453289999999999,0.08737363401129887,0.087159265988701121,0.0060931065945593705,-0.022516652713367544,-0.022516652713367544
16.800000000000001,0.17453289999999999,0.087981673023908399,0.086551226976091591,0.0060741924628601356,-0.022784237355390854,-0.022784237355390854
16.900000000000002,0.17453289999999999,0.088587807706479962,0.085945092293520028,0.0060550588443827958,-0.023045966905370294,-0.023045966905370294
17.000000000000004,0.17453289999999999,0.089192016386217959,0.085340883613782031,0.0060357105624107964,-0.023301906509612308,-0.023301906509612308
17.100000000000001,0.17453289999999999,0.089794277869978539,0.084738622130021451,0.0060161523875783595,-0.023552120846389024,-0.023552120846389024
17.200000000000003,0.17453289999999999,0.090394571439014818,0.084138328560985173,0.0059963890381555659,-0.023796674125815015,-0.023796674125815015
17.300000000000001,0.17453289999999999,0.090992876843750028,0.083540023156249962,0.0059764251803426875,-0.024035630089918408,-0.024035630089918408
17.400000000000002,0.17453289999999999,0.091589174298578963,0.082943725701421028,0.0059562654285726024,-0.024269052012885817,-0.024269052012885817
17.500000000000004,0.17453289999999999,0.092183444476699156,0.082349455523300835,0.0059359143458203954,-0.024497002701466278,-0.024497002701466278
17.600000000000001,0.17453289999999999,0.092775668504972569,0.081757231495027421,0.0059153764439192763,-0.024719544495519552,-0.024719544495519552
17.700000000000003,0.17453289999999999,0.093365827958818343,0.081167072041181648,0.0058946561838820483,-0.024936739268695218,-0.024936739268695218
17.800000000000001,0.17453289999999999,0.093953904857137477,0.080578995142862514,0.0058737579762274872,-0.025148648429232257,-0.025148648429232257
17.900000000000002,0.17453289999999999,0.094539881657270883,0.079993018342729108,0.0058526861813110159,-0.025355332920869181,-0.025355332920869181
18.000000000000004,0.17453289999999999,0.095123741249989471,0.079409158750010519,0.0058314451096590676,-0.025556853223852691,-0.025556853223852691
18.100000000000001,0.17453289999999999,0.095705466954518759,0.078827433045481232,0.0058100390223067462,-0.025753269356040193,-0.025753269356040193
18.200000000000003,0.17453289999999999,0.096285042513596902,0.078247857486403088,0.0057884721311382351,-0.025944640874085143,-0.025944640874085143
18.300000000000001,0.17453289999999999,0.096862385240045618,0.077670514759954373,0.0057667440006296871,-0.026130877251379997,-0.026130877251379997
18.400000000000002,0.17453289999999999,0.097437546423239679,0.077095353576760312,0.0057448636419286866,-0.026312191977956048,-0.026312191977956048
18.500000000000004,0.17453289999999999,0.098010511083224061,0.07652238891677593,0.0057228351119877809,-0.02648864309900413,-0.02648864309900413
18.600000000000001,0.17453289999999999,0.098581264641850935,0.075951635358149056,0.0057006624202141894,-0.026660288205706359,-0.026660288205706359
18.700000000000003,0.17453289999999999,0.099149792918105439,0.075383107081894551,0.0056783495288221936,-0.026827184436904933,-0.026827184436904933
18.800000000000001,0.17453289999999999,0.099716082123464875,0.074816817876535116,0.0056559003531854342,-0.026989388480802692,-0.026989388480802692
18.900000000000002,0.17453289999999999,0.10028011885729037,0.074252781142709626,0.0056333187621889179,-0.027146956576690903,-0.027146956576690903
19.000000000000004,0.17453289999999999,0.10084189010225206,0.073691009897747933,0.0056106085785807263,-0.027299944516705144,-0.027299944516705144
19.100000000000001,0.17453289999999999,0.10140138321978696,0.073131516780213027,0.0055877735793232568,-0.027448407647605602,-0.027448407647605602
19.200000000000003,0.17453289999999999,0.10195858594559028,0.072574314054409714,0.0055648174959439627,-0.027592400872581621,-0.027592400872581621
19.300000000000004,0.17453289999999999,0.10251348638513968,0.072019413614860306,0.0055417440148855029,-0.027731978653078748,-0.027731978653078748
19.400000000000002,0.17453289999999999,0.10306607300925232,0.071466826990747676,0.0055185567778551744,-0.027867195010645468,-0.027867195010645468
19.500000000000004,0.17453289999999999,0.10361633464967555,0.070916565350324437,0.0054952593821736432,-0.027998103528801138,-0.027998103528801138
19.600000000000001,0.17453289999999999,0.10416426049471043,0.070368639505289557,0.0054718553811228497,-0.028124757354921745,-0.028124757354921745
19.700000000000003,0.17453289999999999,0.10470984008486828,0.069823059915131713,0.0054483482842930461,-0.028247209202143117,-0.028247209202143117
19.800000000000004,0.17453289999999999,0.10525306330856007,0.069279836691439917,0.0054247415579289238,-0.028365511351280709,-0.028365511351280709
19.900000000000002,0.17453289999999999,0.10579392039781914,0.068738979602180852,0.0054010386252747568,-0.028479715652764775,-0.028479715652764775
20.000000000000004,0.17453289999999999,0.10633240192405703,0.068200498075942959,0.0053772428669185569,-0.028589873528591062,-0.028589873528591062
20.100000000000001,0.17453289999999999,0.1068684987938515,0.067664401206148486,0.0053533576211351299,-0.028696035974283857,-0.028696035974283857
20.200000000000003,0.17453289999999999,0.10740220224476783,0.067130697755232158,0.0053293861842280427,-0.028798253560872608,-0.028798253560872608
20.300000000000004,0.17453289999999999,0.10793350384121327,0.066599396158786725,0.0053053318108704723,-0.028896576436881774,-0.028896576436881774
20.400000000000002,0.17453289999999999,0.1084623954703231,0.066070504529676888,0.0052811977144448371,-0.028991054330330182,-0.028991054330330182
20.500000000000004,0.17453289999999999,0.10898886933788086,0.065544030662119127,0.0052569870673812528,-0.02908173655074342,-0.02908173655074342
20.600000000000001,0.17453289999999999,0.10951291796426968,0.065019982035730312,0.0052327030014947271,-0.029168671991174774,-0.029168671991174774
20.700000000000003,0.17453289999999999,0.11003453418045669,0.064498365819543296,0.0052083486083210782,-0.029251909130236106,-0.029251909130236106
20.800000000000004,0.17453289999999999,0.11055371112401036,0.063979188875989634,0.0051839269394515792,-0.029331496034138788,-0.029331496034138788
20.900000000000002,0.17453289999999999,0.11107044223514928,0.06346245776485071,0.0051594410068662583,-0.029407480358741939,-0.029407480358741939
21.000000000000004,0.17453289999999999,0.11158472125282339,0.062948178747176606,0.0051348937832658382,-0.029479909351608477,-0.029479909351608477
21.100000000000001,0.17453289999999999,0.11209654221082749,0.062436357789172503,0.0051102882024023251,-0.029548829854069342,-0.029548829854069342
21.200000000000003,0.17453289999999999,0.1126058994339469,0.061927000566053089,0.0050856271594081999,-0.029614288303294503,-0.029614288303294503
21.300000000000004,0.17453289999999999,0.11311278753413437,0.061420112465865623,0.0050609135111241727,-0.029676330734369483,-0.029676330734369483
21.400000000000002,0.17453289999999999,0.11361720140671966,0.060915698593280332,0.0050361500764255452,-0.029735002782379477,-0.029735002782379477
21.500000000000004,0.17453289999999999,0.11411913622664992,0.060413763773350074,0.0050113396365470703,-0.029790349684497189,-0.029790349684497189
21.600000000000001,0.17453289999999999,0.11461858744476237,0.059914312555237617,0.0049864849354063854,-0.029842416282077316,-0.029842416282077316
21.700000000000003,0.17453289999999999,0.11511555078408808,0.059417349215911908,0.004961588679925944,-0.029891247022755085,-0.029891247022755085
21.800000000000004,0.17453289999999999,0.1156100222361869,0.058922877763813095,0.0049366535403534452,-0.029936885962548912,-0.029936885962548912
21.900000000000002,0.17453289999999999,0.11610199805751401,0.058430901942485985,0.0049116821505807576,-0.02997937676796765,-0.02997937676796765
22.000000000000004,0.17453289999999999,0.11659147476581731,0.057941425234182678,0.0048866771084613153,-0.030018762718120998,-0.030018762718120998
22.100000000000001,0.17453289999999999,0.11707844913656597,0.057454450863434023,0.0048616409761259739,-0.030055086706833503,-0.030055086706833503
22.200000000000003,0.17453289999999999,0.11756291819940909,0.056969981800590902,0.0048365762802973127,-0.030088391244760732,-0.030088391244760732
22.300000000000004,0.17453289999999999,0.11804487923466631,0.056488020765333685,0.0048114855126023892,-0.03011871846150932,-0.03011871846150932
22.400000000000002,0.17453289999999999,0.11852432976984754,0.056008570230152446,0.0047863711298839094,-0.030146110107757917,-0.030146110107757917
22.500000000000004,0.17453289999999999,0.11900126757620458,0.055531632423795413,0.0047612355545098173,-0.030170607557381296,-0.030170607557381296
22.600000000000001,0.17453289999999999,0.11947569066531163,0.055057209334688356,0.0047360811746813124,-0.030192251809575271,-0.030192251809575271
22.700000000000003,0.17453289999999999,0.11994759728567714,0.054585302714322853,0.0047109103447392471,-0.030211083490983601,-0.030211083490983601
22.800000000000004,0.17453289999999999,0.12041698591938479,0.054115914080615196,0.0046857253854689328,-0.030227142857825601,-0.030227142857825601
22.900000000000002,0.17453289999999999,0.12088385527876502,0.053649044721234967,0.0046605285844033319,-0.030240469798024999,-0.030240469798024999
23.000000000000004,0.17453289999999999,0.12134820430309545,0.053184695696904538,0.0046353221961246268,-0.030251103833338747,-0.030251103833338747
23.100000000000001,0.17453289999999999,0.12181003215533173,0.052722867844668259,0.0046101084425641693,-0.030259084121486785,-0.030259084121486785
23.200000000000003,0.17453289999999999,0.12226933821886736,0.052263561781132631,0.0045848895133007899,-0.030264449458281592,-0.030264449458281592
23.300000000000004,0.17453289999999999,0.12272612209432307,0.051806777905676921,0.004559667565857484,-0.030267238279757788,-0.030267238279757788
23.400000000000002,0.17453289999999999,0.12318038359636516,0.051352516403634835,0.0045344447259964464,-0.030267488664301206,-0.030267488664301206
23.500000000000004,0.17453289999999999,0.1236321227505526,0.050900777249447388,0.0045092230880124616,-0.030265238334776928,-0.030265238334776928
23.600000000000001,0.17453289999999999,0.12408133979021352,0.050451560209786472,0.0044840047150246582,-0.030260524660657373,-0.030260524660657373
23.700000000000003,0.17453289999999999,0.12452803515335009,0.050004864846649899,0.0044587916392665851,-0.030253384660148638,-0.030253384660148638
23.800000000000004,0.17453289999999999,0.12497220947957162,0.049560690520428372,0.004433585862374659,-0.030243855002315495,-0.030243855002315495
23.900000000000002,0.17453289999999999,0.12541386360705681,0.049119036392943183,0.0044083893556749318,-0.03023197200920559,-0.03023197200920559
24.000000000000004,0.17453289999999999,0.12585299856954357,0.048679901430456418,0.0043832040604682076,-0.030217771657971321,-0.030217771657971321
24.100000000000001,0.17453289999999999,0.12628961559334717,0.04824328440665282,0.0043580318883134983,-0.030201289582990148,-0.030201289582990148
24.200000000000003,0.17453289999999999,0.12672371609440647,0.047809183905593522,0.0043328747213097936,-0.030182561077982756,-0.030182561077982756
24.300000000000004,0.17453289999999999,0.12715530167535766,0.047377598324642334,0.0043077344123761928,-0.030161621098129143,-0.030161621098129143
24.400000000000002,0.17453289999999999,0.1275843741226356,0.046948525877364394,0.0042826127855303429,-0.030138504262181773,-0.030138504262181773
24.500000000000004,0.17453289999999999,0.12801093540360284,0.046521964596397153,0.0042575116361652258,-0.030113244854576907,-0.030113244854576907
24.600000000000001,0.17453289999999999,0.12843498766370612,0.046097912336293873,0.004232432731324255,-0.030085876827542712,-0.030085876827542712
24.700000000000003,0.17453289999999999,0.12885653322365931,0.045676366776340682,0.0042073778099747175,-0.030056433803204233,-0.030056433803204233
24.800000000000004,0.17453289999999999,0.1292755745766539,0.045257325423346095,0.0041823485832795434,-0.030024949075685689,-0.030024949075685689
24.900000000000002,0.17453289999999999,0.12969211438559627,0.044840785614403716,0.0041573467348673928,-0.029991455613209358,-0.029991455613209358
25.000000000000004,0.17453289999999999,0.13010615548037188,0.044426744519628109,0.0041323739211010756,-0.029955986060191259,-0.029955986060191259
25.100000000000001,0.17453289999999999,0.13051770085513478,0.044015199144865208,0.0041074317713443156,-0.029918572739332475,-0.029918572739332475
25.200000000000003,0.17453289999999999,0.13092675366562539,0.043606146334374596,0.0040825218882268085,-0.02987924765370796,-0.02987924765370796
25.300000000000004,0.17453289999999999,0.13133331722651279,0.043199582773487205,0.0040576458479076602,-0.029838042488850677,-0.029838042488850677
25.400000000000002,0.17453289999999999,0.13173739500876383,0.042795504991236161,0.0040328052003371084,-0.029794988614831791,-0.029794988614831791
25.500000000000004,0.17453289999999999,0.13213899063703821,0.042393909362961779,0.0040080014695166042,-0.029750117088337094,-0.029750117088337094
25.600000000000001,0.17453289999999999,0.13253810788710887,0.041994792112891116,0.003983236153757232,-0.029703458654739057,-0.029703458654739057
25.700000000000003,0.17453289999999999,0.13293475068330837,0.041598149316691618,0.0039585107259364396,-0.029655043750164298,-0.029655043750164298
25.800000000000004,0.17453289999999999,0.13332892309600011,0.041203976903999878,0.0039338266337531347,-0.029604902503556546,-0.029604902503556546
25.900000000000002,0.17453289999999999,0.13372062933907541,0.040812270660924577,0.0039091852999811015,-0.029553064738735257,-0.029553064738735257
26.000000000000004,0.17453289999999999,0.13410987376747538,0.040423026232524611,0.0038845881227207633,-0.029499559976449125,-0.029499559976449125
26.100000000000001,0.17453289999999999,0.13449666087473766,0.04003623912526233,0.0038600364756493006,-0.029444417436425077,-0.029444417436425077
26.200000000000003,0.17453289999999999,0.13488099529056805,0.039651904709431945,0.0038355317082690971,-0.0293876660394118,-0.0293876660394118
26.300000000000004,0.17453289999999999,0.13526288177843665,0.039270018221563341,0.0038110751461545517,-0.029329334409218588,-0.029329334409218588
26.400000000000002,0.17453289999999999,0.1356423252331988,0.038890574766801189,0.0037866680911972294,-0.029269450874748942,-0.029269450874748942
26.500000000000004,0.17453289999999999,0.13601933067873953,0.03851356932126046,0.003762311821849375,-0.029208043472028294,-0.029208043472028294
26.600000000000001,0.17453289999999999,0.13639390326564288,0.038138996734357111,0.0037380075933657886,-0.029145139946227083,-0.029145139946227083
26.700000000000003,0.17453289999999999,0.136766048268885,0.037766851731114992,0.0037137566380440429,-0.02908076775367778,-0.02908076775367778
26.800000000000004,0.17453289999999999,0.13713577108555103,0.037397128914448963,0.0036895601654630883,-0.029014954063886628,-0.029014954063886628
26.900000000000002,0.17453289999999999,0.13750307723257521,0.03702982276742478,0.0036654193627202155,-0.028947725761539103,-0.028947725761539103
27.000000000000004,0.17453289999999999,0.13786797234450551,0.036664927655494478,0.0036413353946663802,-0.028879109448500362,-0.028879109448500362
27.100000000000001,0.17453289999999999,0.13823046217129029,0.036302437828709705,0.0036173094041399229,-0.028809131445808905,-0.028809131445808905
27.200000000000003,0.17453289999999999,0.13859055257608943,0.035942347423910559,0.0035933425121986457,-0.02873781779566506,-0.02873781779566506
27.300000000000004,0.17453289999999999,0.1389482495331075,0.035584650466892492,0.0035694358183502952,-0.028665194263412824,-0.028665194263412824
27.400000000000002,0.17453289999999999,0.13930355912545014,0.035229340874549847,0.0035455904007814102,-0.028591286339515534,-0.028591286339515534
27.500000000000004,0.17453289999999999,0.13965648754300347,0.034876412456996519,0.0035218073165845672,-0.028516119241525695,-0.028516119241525695
27.600000000000001,0.17453289999999999,0.14000704108033535,0.034525858919664643,0.0034980876019840377,-0.028439717916048032,-0.028439717916048032
27.700000000000003,0.17453289999999999,0.14035522613461973,0.034177673865380259,0.0034744322725598163,-0.02836210704069643,-0.02836210704069643
27.800000000000004,0.17453289999999999,0.14070104920358301,0.033831850796416985,0.0034508423234700684,-0.028283311026044249,-0.028283311026044249
27.900000000000002,0.17453289999999999,0.141044516883472,0.033488383116527992,0.0034273187296719955,-0.028203354017567926,-0.028203354017567926
28.000000000000004,0.17453289999999999,0.14138563586704467,0.033147264132955323,0.0034038624461410873,-0.028122259897584247,-0.028122259897584247
28.100000000000001,0.17453289999999999,0.14172441294158206,0.032808487058417934,0.0033804744080888176,-0.028040052287180782,-0.028040052287180782
28.200000000000003,0.17453289999999999,0.14206085498692186,0.032472045013078127,0.0033571555311787456,-0.027956754548139298,-0.027956754548139298
28.300000000000004,0.17453289999999999,0.14239496897351361,0.032137931026486377,0.0033339067117410599,-0.027872389784852701,-0.027872389784852701
28.400000000000002,0.17453289999999999,0.1427267619604953,0.031806138039504689,0.0033107288269855336,-0.027786980846234918,-0.027786980846234918
28.500000000000004,0.17453289999999999,0.14305624109379086,0.031476658906209126,0.0032876227352129314,-0.027700550327623641,-0.027700550327623641
28.600000000000001,0.17453289999999999,0.14338341360422871,0.031149486395771281,0.0032645892760248645,-0.027613120572676279,-0.027613120572676279
28.700000000000003,0.17453289999999999,0.1437082868056814,0.03082461319431859,0.0032416292705320718,-0.027524713675258702,-0.027524713675258702
28.800000000000004,0.17453289999999999,0.14403086809322566,0.030502031906774335,0.0032187435215611719,-0.02743535148132676,-0.02743535148132676
28.900000000000002,0.17453289999999999,0.14435116494132297,0.030181735058677023,0.0031959328138598717,-0.027345055590800665,-0.027345055590800665
29.000000000000004,0.17453289999999999,0.14466918490202099,0.029863715097978999,0.0031731979143006265,-0.02725384735943228,-0.02725384735943228
29.100000000000001,0.17453289999999999,0.1449849356031746,0.029547964396825388,0.0031505395720827847,-0.027161747900664737,-0.027161747900664737
29.200000000000003,0.17453289999999999,0.14529842474668753,0.029234475253312464,0.0031279585189331913,-0.027068778087484979,-0.027068778087484979
29.300000000000004,0.17453289999999999,0.14560966010677351,0.028923239893226482,0.0031054554693052835,-0.026974958554268617,-0.026974958554268617
29.400000000000002,0.17453289999999999,0.14591871870696774,0.028614181293032254,0.0030830286544289449,-0.026880334486688751,-0.026880334486688751
29.500000000000004,0.17453289999999999,0.14622553922705311,0.028307360772946877,0.0030606811643675313,-0.026784900185668689,-0.026784900185668689
29.600000000000001,0.17453289999999999,0.14653012963758544,0.028002770362414553,0.0030384136640608781,-0.026688675590681256,-0.026688675590681256
29.700000000000003,0.17453289999999999,0.14683249797461279,0.027700402025387205,0.0030162268019584162,-0.026591680409864288,-0.026591680409864288
29.800000000000004,0.17453289999999999,0.14713265233803807,0.027400247661961918,0.0029941212102108719,-0.026493934121833776,-0.026493934121833776
29.900000000000002,0.17453289999999999,0.14743060089000085,0.027102299109999145,0.0029720975048604676,-0.026395455977489268,-0.026395455977489268
30.000000000000004,0.17453289999999999,0.14772635185327776,0.026806548146722231,0.0029501562860296225,-0.026296265001810974,-0.026296265001810974
30.100000000000001,0.17453289999999999,0.14801991350970214,0.026512986490297846,0.0029282981381081666,-0.026196379995649152,-0.026196379995649152
30.200000000000003,0.17453289999999999,0.14831129419860209,0.026221605801397901,0.0029065236299390608,-0.026095819537505192,-0.026095819537505192
30.300000000000004,0.17453289999999999,0.14860050231525684,0.025932397684743147,0.0028848333150026722,-0.025994601985304955,-0.025994601985304955
30.400000000000002,0.17453289999999999,0.14888754630937195,0.025645353690628037,0.0028632277315995313,-0.025892745478163524,-0.025892745478163524
30.500000000000004,0.17453289999999999,0.14917243468357219,0.025360465316427799,0.0028417074030316698,-0.025790267938142257,-0.025790267938142257
30.600000000000001,0.17453289999999999,0.1494551759919126,0.025077724008087388,0.0028202728377824783,-0.025687187071997221,-0.025687187071997221
30.700000000000003,0.17453289999999999,0.14973577883840786,0.024797121161592134,0.0027989245296951189,-0.025583520372920006,-0.025583520372920006
30.800000000000004,0.17453289999999999,0.15001425187557887,0.024518648124421116,0.0027776629581494957,-0.02547928512226981,-0.02547928512226981
30.900000000000002,0.17453289999999999,0.1502906038030172,0.024242296196982788,0.0027564885882377932,-0.02537449839129749,-0.02537449839129749
31.000000000000004,0.17453289999999999,0.15056484336596698,0.023968056634033008,0.0027354018709385749,-0.025269177042861343,-0.025269177042861343
31.100000000000001,0.17453289999999999,0.15083697935392418,0.023695920646075813,0.0027144032432894717,-0.025163337733134679,-0.025163337733134679
31.200000000000003,0.17453289999999999,0.15110702059925299,0.023425879400747002,0.0026934931285584412,-0.025056996913304937,-0.025056996913304937
31.300000000000004,0.17453289999999999,0.15137497597581931,0.023157924024180682,0.0026726719364136282,-0.024950170831264627,-0.024950170831264627
31.400000000000002,0.17453289999999999,0.15164085439764097,0.022892045602359024,0.0026519400630918215,-0.024842875533293764,-0.024842875533293764
31.500000000000004,0.17453289999999999,0.1519046648175551,0.022628235182444889,0.0026312978915655075,-0.024735126865734244,-0.024735126865734244
31.600000000000001,0.17453289999999999,0.1521664162259016,0.022366483774098389,0.0026107457917085471,-0.024626940476655458,-0.024626940476655458
31.700000000000003,0.17453289999999999,0.15242611764922365,0.022106782350776344,0.0025902841204604567,-0.024518331817511875,-0.024518331817511875
31.800000000000004,0.17453289999999999,0.15268377814898401,0.021849121851015979,0.0025699132219893328,-0.024409316144792012,-0.024409316144792012
31.900000000000002,0.17453289999999999,0.15293940682029805,0.021593493179701939,0.0025496334278533898,-0.024299908521659079,-0.024299908521659079
32,0.17453289999999999,0.15319301279068256,0.021339887209317426,0.0025294450571611529,-0.024190123819583326,-0.024190123819583326
32.100000000000001,0.17453289999999999,0.15344460521882047,0.021088294781179517,0.0025093484167302833,-0.024079976719965583,-0.024079976719965583
32.200000000000003,0.17453289999999999,0.15369419329334158,0.020838706706658411,0.0024893438012450735,-0.023969481715752916,-0.023969481715752916
32.300000000000004,0.17453289999999999,0.15394178623161878,0.020591113768381214,0.0024694314934125762,-0.023858653113045157,-0.023858653113045157
32.400000000000006,0.17453289999999999,0.15418739327857986,0.020345506721420131,0.0024496117641174355,-0.023747505032693711,-0.023747505032693711
32.5,0.17453289999999999,0.15443102370553471,0.020101876294465276,0.0024298848725753702,-0.023636051411891387,-0.023636051411891387
32.600000000000001,0.17453289999999999,0.154672686809018,0.019860213190981996,0.0024102510664853216,-0.023524306005753795,-0.023524306005753795
32.700000000000003,0.17453289999999999,0.15491239190964648,0.019620508090353511,0.0023907105821803303,-0.023412282388892432,-0.023412282388892432
32.800000000000004,0.17453289999999999,0.15515014835099186,0.019382751649008129,0.0023712636447770904,-0.023299993956979501,-0.023299993956979501
32.900000000000006,0.17453289999999999,0.15538596549846845,0.019146934501531543,0.0023519104683241798,-0.023187453928303695,-0.023187453928303695
33,0.17453289999999999,0.15561985273823498,0.018913047261765015,0.0023326512559490487,-0.02307467534531786,-0.02307467534531786
33.100000000000001,0.17453289999999999,0.15585181947611199,0.018681080523888005,0.0023134862000036729,-0.022961671076178108,-0.022961671076178108
33.200000000000003,0.17453289999999999,0.15608187513651273,0.018451024863487264,0.0022944154822089782,-0.022848453816274344,-0.022848453816274344
33.300000000000004,0.17453289999999999,0.15631002916138931,0.018222870838610683,0.0022754392737979593,-0.022735036089752587,-0.022735036089752587
33.400000000000006,0.17453289999999999,0.1565362910091925,0.017996608990807489,0.0022565577356575533,-0.022621430251028474,-0.022621430251028474
33.5,0.17453289999999999,0.15676067015384568,0.017772229846154314,0.0022377710184692573,-0.022507648486292317,-0.022507648486292317
33.600000000000001,0.17453289999999999,0.15698317608373322,0.017549723916266774,0.0022190792628484822,-0.022393702815005904,-0.022393702815005904
33.700000000000003,0.17453289999999999,0.15720381830070215,0.017329081699297838,0.0022004825994826854,-0.0222796050913905,-0.0222796050913905
33.800000000000004,0.17453289999999999,0.15742260631907801,0.017110293680921984,0.0021819811492682648,-0.02216536700590678,-0.02216536700590678
33.900000000000006,0.17453289999999999,0.15763954966469404,0.016893350335305951,0.002163575023446209,-0.022051000086725808,-0.022051000086725808
34,0.17453289999999999,0.15785465787393396,0.016678242126066029,0.0021452643237365467,-0.02193651570119181,-0.02193651570119181
34.100000000000001,0.17453289999999999,0.15806794049278819,0.016464959507211802,0.0021270491424715669,-0.021821925057276405,-0.021821925057276405
34.200000000000003,0.17453289999999999,0.15827940707592325,0.01625349292407674,0.002108929562727849,-0.021707239205024542,-0.021707239205024542
34.300000000000004,0.17453289999999999,0.15848906718576419,0.016043832814235798,0.0020909056584570798,-0.021592469037991641,-0.021592469037991641
34.400000000000006,0.17453289999999999,0.15869693039159041,0.015835969608409578,0.0020729774946156836,-0.021477625294672731,-0.021477625294672731
34.5,0.17453289999999999,0.15890300626864354,0.015629893731356453,0.0020551451272932723,-0.021362718559922445,-0.021362718559922445
34.600000000000001,0.17453289999999999,0.15910730439724927,0.015425595602750725,0.002037408603839904,-0.021247759266367544,-0.021247759266367544
34.700000000000003,0.17453289999999999,0.15930983436195079,0.015223065638049205,0.0020197679629921799,-0.021132757695810037,-0.021132757695810037
34.800000000000004,0.17453289999999999,0.15951060575065545,0.015022294249344537,0.0020022232349981776,-0.021017723980622662,-0.021017723980622662
34.900000000000006,0.17453289999999999,0.15970962815379336,0.014823271846206632,0.0019847744417412251,-0.02090266810513542,-0.02090266810513542
35,0.17453289999999999,0.15990691116348871,0.014625988836511283,0.0019674215968625195,-0.020787599907014065,-0.020787599907014065
35.100000000000001,0.17453289999999999,0.16010246437274298,0.014430435627257016,0.0019501647058826075,-0.020672529078629917,-0.020672529078629917
35.200000000000003,0.17453289999999999,0.16029629737463028,0.014236602625369715,0.0019330037663217339,-0.020557465168421496,-0.020557465168421496
35.300000000000004,0.17453289999999999,0.16048841976150496,0.014044480238495027,0.0019159387678190463,-0.020442417582247803,-0.020442417582247803
35.400000000000006,0.17453289999999999,0.16067884112422054,0.013854058875779451,0.0018989696922506953,-0.020327395584733066,-0.020327395584733066
35.5,0.17453289999999999,0.16086757105136087,0.013665328948639116,0.0018820965138468049,-0.02021240830060337,-0.02021240830060337
35.600000000000001,0.17453289999999999,0.16105461912848268,0.013478280871517312,0.0018653191993073428,-0.020097464716014861,-0.020097464716014861
35.700000000000003,0.17453289999999999,0.16123999493736954,0.01329290506263045,0.0018486377079168818,-0.019982573679873425,-0.019982573679873425
35.800000000000004,0.17453289999999999,0.1614237080552976,0.013109191944702392,0.0018320519916582756,-0.019867743905146569,-0.019867743905146569
35.900000000000006,0.17453289999999999,0.16160576805431229,0.012927131945687703,0.0018155619953252359,-0.019752983970166546,-0.019752983970166546
36,0.17453289999999999,0.16178618450051624,0.012746715499483752,0.0017991676566338421,-0.019638302319925409,-0.019638302319925409
36.100000000000001,0.17453289999999999,0.16196496695336859,0.012567933046631397,0.0017828689063329576,-0.019523707267361842,-0.019523707267361842
36.200000000000003,0.17453289999999999,0.16214212496499492,0.012390775035005075,0.0017666656683135997,-0.019409206994639723,-0.019409206994639723
36.300000000000004,0.17453289999999999,0.16231766807950818,0.012215231920491815,0.001750557859717236,-0.019294809554418431,-0.019294809554418431
36.400000000000006,0.17453289999999999,0.16249160583234046,0.012041294167659533,0.0017345453910430312,-0.019180522871115029,-0.019180522871115029
36.5,0.17453289999999999,0.16266394774958529,0.011868952250414705,0.0017186281662540423,-0.019066354742158054,-0.019066354742158054
36.600000000000001,0.17453289999999999,0.16283470334735062,0.011698196652649373,0.0017028060828823848,-0.018952312839233553,-0.018952312839233553
36.700000000000003,0.17453289999999999,0.16300388213112219,0.011529017868877806,0.0016870790321333532,-0.018838404709522551,-0.018838404709522551
36.800000000000004,0.17453289999999999,0.16317149359513713,0.011361406404862856,0.0016714468989885256,-0.018724637776930605,-0.018724637776930605
36.900000000000006,0.17453289999999999,0.16333754722176819,0.011195352778231804,0.0016559095623078389,-0.018611019343309297,-0.018611019343309297
37,0.17453289999999999,0.16350205248091765,0.011030847519082343,0.0016404668949306562,-0.018497556589669468,-0.018497556589669468
37.100000000000001,0.17453289999999999,0.16366501882942144,0.010867881170578547,0.0016251187637758304,-0.018384256577386401,-0.018384256577386401
37.200000000000003,0.17453289999999999,0.16382645571046331,0.010706444289536682,0.0016098650299407682,-0.018271126249397147,-0.018271126249397147
37.300000000000004,0.17453289999999999,0.163986372552999,0.010546527447000992,0.0015947055487994855,-0.018158172431389747,-0.018158172431389747
37.400000000000006,0.17453289999999999,0.16414477877118952,0.010388121228810471,0.0015796401700997047,-0.018045401832984215,-0.018045401832984215
37.5,0.17453289999999999,0.16430168376384482,0.010231216236155166,0.0015646687380589503,-0.01793282104890594,-0.01793282104890594
37.600000000000001,0.17453289999999999,0.16445709691387653,0.010075803086123464,0.0015497910914596771,-0.017820436560150723,-0.017820436560150723
37.700000000000003,0.17453289999999999,0.16461102758776033,0.0099218724122396573,0.0015350070637434325,-0.017708254735142127,-0.017708254735142127
37.800000000000004,0.17453289999999999,0.16476348513500769,0.009769414864992304,0.0015203164831040709,-0.017596281830880973,-0.017596281830880973
37.900000000000006,0.17453289999999999,0.16491447888764676,0.0096184211123532259,0.00150571917257999,-0.017484523994086593,-0.017484523994086593
38,0.17453289999999999,0.16506401815971261,0.0094688818402873798,0.0014912149501454465,-0.017372987262330657,-0.017372987262330657
38.100000000000001,0.17453289999999999,0.16521211224674628,0.0093207877532537065,0.0014768036288009103,-0.017261677565162677,-0.017261677565162677
38.200000000000003,0.17453289999999999,0.16535877042530311,0.0091741295746968765,0.0014624850166625042,-0.017150600725228199,-0.017150600725228199
38.300000000000004,0.17453289999999999,0.16550400195246973,0.0090288980475302649,0.0014482589170505026,-0.017039762459378782,-0.017039762459378782
38.400000000000006,0.17453289999999999,0.16564781606538972,0.0088850839346102661,0.0014341251285769172,-0.016929168379774245,-0.016929168379774245
38.500000000000007,0.17453289999999999,0.16579022198079868,0.0087426780192013109,0.0014200834452321601,-0.016818823994977569,-0.016818823994977569
38.600000000000001,0.17453289999999999,0.16593122889456688,0.0086016711054331119,0.0014061336564708156,-0.016708734711041569,-0.016708734711041569
38.700000000000003,0.17453289999999999,0.16607084598125124,0.0084620540187487492,0.001392275547296493,-0.016598905832588124,-0.016598905832588124
38.800000000000004,0.17453289999999999,0.16620908239365539,0.0083238176063445968,0.0013785088983457906,-0.016489342563879635,-0.016489342563879635
38.900000000000006,0.17453289999999999,0.16634594726239807,0.0081869527376019213,0.0013648334859713825,-0.016380050009882963,-0.016380050009882963
39.000000000000007,0.17453289999999999,0.16648144969548984,0.0080514503045101549,0.0013512490823242057,-0.016271033177325547,-0.016271033177325547
39.100000000000001,0.17453289999999999,0.16661559877791796,0.0079173012220820349,0.001337755455434787,-0.016162296975744131,-0.016162296975744131
39.200000000000003,0.17453289999999999,0.16674840357123957,0.0077844964287604179,0.0013243523692936783,-0.016053846218525791,-0.016053846218525791
39.300000000000004,0.17453289999999999,0.16687987311318231,0.0076530268868176821,0.0013110395839310649,-0.015945685623941486,-0.015945685623941486
39.400000000000006,0.17453289999999999,0.16701001641725335,0.0075228835827466367,0.0012978168554954822,-0.015837819816172043,-0.015837819816172043
39.500000000000007,0.17453289999999999,0.167138842472356,0.0073940575276439935,0.0012846839363316975,-0.015730253326326563,-0.015730253326326563
39.600000000000001,0.17453289999999999,0.16726636024241417,0.0072665397575858159,0.0012716405750577489,-0.015622990593453664,-0.015622990593453664
39.700000000000003,0.17453289999999999,0.16739257866600446,0.0071403213339955307,0.0012586865166411363,-0.015516035965544923,-0.015516035965544923
39.800000000000004,0.17453289999999999,0.16751750665599555,0.0070153933440044447,0.0012458215024741994,-0.015409393700531144,-0.015409393700531144
39.900000000000006,0.17453289999999999,0.16764115309919569,0.0068917469008042964,0.0012330452704486454,-0.015303067967271319,-0.015303067967271319
40.000000000000007,0.17453289999999999,0.1677635268560069,0.0067693731439930904,0.0012203575550292747,-0.015197062846533854,-0.015197062846533854
40.100000000000001,0.17453289999999999,0.16788463676008697,0.0066482632399130215,0.0012077580873268853,-0.015091382331970913,-0.015091382331970913
40.200000000000003,0.17453289999999999,0.1680044916180185,0.0065284083819814875,0.001195246595170372,-0.014986030331085209,-0.014986030331085209
40.300000000000004,0.17453289999999999,0.1681231002089851,0.0064097997910148863,0.0011828228031780282,-0.014881010666189621,-0.014881010666189621
40.400000000000006,0.17453289999999999,0.16824047128445466,0.006292428715545334,0.0011704864328280461,-0.014776327075359495,-0.014776327075359495
40.500000000000007,0.17453289999999999,0.1683566135678698,0.0061762864321301958,0.0011582372025282287,-0.014671983213377919,-0.014671983213377919
40.600000000000001,0.17453289999999999,0.16847153575434506,0.0060613642456549266,0.0011460748276849214,-0.014567982652673658,-0.014567982652673658
40.700000000000003,0.17453289999999999,0.16858524651037102,0.0059476534896289734,0.001133999020771161,-0.014464328884251924,-0.014464328884251924
40.800000000000004,0.17453289999999999,0.16869775447352495,0.005835145526475044,0.0011220094913940613,-0.014361025318618059,-0.014361025318618059
40.900000000000006,0.17453289999999999,0.16880906825218858,0.0057238317478114087,0.0011101059463614266,-0.014258075286694271,-0.014258075286694271
41.000000000000007,0.17453289999999999,0.16891919642527217,0.0056137035747278186,0.001098288089747608,-0.014155482040729125,-0.014155482040729125
41.100000000000001,0.17453289999999999,0.1690281475419452,0.0055047524580547902,0.0010865556229586073,-0.014053248755200143,-0.014053248755200143
41.200000000000003,0.17453289999999999,0.16913593012137357,0.0053969698786264231,0.0010749082447964302,-0.013951378527709321,-0.013951378527709321
41.300000000000004,0.17453289999999999,0.16924255265246296,0.0052903473475370277,0.0010633456515226978,-0.013849874379871532,-0.013849874379871532
41.400000000000006,0.17453289999999999,0.16934802359360904,0.0051848764063909536,0.0010518675369215204,-0.013748739258196415,-0.013748739258196415
41.500000000000007,0.17453289999999999,0.16945235137245321,0.0050805486275467826,0.001040473592361654,-0.01364797603496299,-0.01364797603496299
41.600000000000001,0.17453289999999999,0.16955554438564516,0.0049773556143548336,0.0010291635068579036,-0.013547587509087432,-0.013547587509087432
41.700000000000003,0.17453289999999999,0.16965761099861104,0.0048752890013889494,0.001017936967131843,-0.013447576406984227,-0.013447576406984227
41.800000000000004,0.17453289999999999,0.16975855954532793,0.0047743404546720658,0.0010067936576717903,-0.01334794538342016,-0.01334794538342016
41.900000000000006,0.17453289999999999,0.16985839832810415,0.0046745016718958421,0.00099573326079209598,-0.013248697022361887,-0.013248697022361887
42.000000000000007,0.17453289999999999,0.16995713561736556,0.0045757643826344341,0.00098475545669171952,-0.013149833837816517,-0.013149833837816517
42.100000000000001,0.17453289999999999,0.17005477965144764,0.0044781203485523557,0.00097385992351210282,-0.013051358274665494,-0.013051358274665494
42.200000000000003,0.17453289999999999,0.17015133863639309,0.0043815613636069006,0.00096304633739438387,-0.012953272709492009,-0.012953272709492009
42.300000000000004,0.17453289999999999,0.17024682074575551,0.0042860792542444848,0.00095231437253588333,-0.012855579451401415,-0.012855579451401415
42.400000000000006,0.17453289999999999,0.17034123412040836,0.0041916658795916328,0.00094166370124593537,-0.012758280742835203,-0.012758280742835203
42.500000000000007,0.17453289999999999,0.17043458686835958,0.0040983131316404131,0.00093109399400104502,-0.012661378760378397,-0.012661378760378397
42.600000000000001,0.17453289999999999,0.17052688706457181,0.0040060129354281826,0.00092060491949936846,-0.012564875615560449,-0.012564875615560449
42.700000000000003,0.17453289999999999,0.17061814275078768,0.0039147572492123084,0.00091019614471452872,-0.012468773355649207,-0.012468773355649207
42.800000000000004,0.17453289999999999,0.17070836193536082,0.0038245380646391713,0.00089986733494878978,-0.012373073964439044,-0.012373073964439044
42.900000000000006,0.17453289999999999,0.17079755259309187,0.0037353474069081183,0.00088961815388555676,-0.012277779363031902,-0.012277779363031902
43.000000000000007,0.17453289999999999,0.17088572266506985,0.0036471773349301406,0.00087944826364124156,-0.012182891410612209,-0.012182891410612209
43.100000000000001,0.17453289999999999,0.1709728800585186,0.0035600199414813904,0.00086935732481648552,-0.012088411905215347,-0.012088411905215347
43.200000000000003,0.17453289999999999,0.17105903264664846,0.0034738673533515341,0.00085934499654674037,-0.011994342584489793,-0.011994342584489793
43.300000000000004,0.17453289999999999,0.17114418826851263,0.0033887117314873594,0.00084941093655223105,-0.011900685126452799,-0.011900685126452799
43.400000000000006,0.17453289999999999,0.17122835472886885,0.0033045452711311374,0.00083955480118727598,-0.011807441150239829,-0.011807441150239829
43.500000000000007,0.17453289999999999,0.17131153979804581,0.003221360201954182,0.00082977624548899627,-0.011714612216847751,-0.011714612216847751
43.600000000000001,0.17453289999999999,0.1713937512118143,0.0031391487881856917,0.00082007492322541068,-0.011622199829871701,-0.011622199829871701
43.700000000000003,0.17453289999999999,0.17147499667126334,0.0030579033287366497,0.00081045048694291144,-0.011530205436235756,-0.011530205436235756
43.800000000000004,0.17453289999999999,0.17155528384268087,0.0029776161573191184,0.00080090258801315004,-0.011438630426917583,-0.011438630426917583
43.900000000000006,0.17453289999999999,0.17163462035743918,0.0028982796425608137,0.00079143087667930833,-0.011347476137666736,-0.011347476137666736
44.000000000000007,0.17453289999999999,0.17171301381188483,0.002819886188115156,0.00078203500210178396,-0.011256743849716956,-0.011256743849716956
44.100000000000001,0.17453289999999999,0.17179047176723322,0.0027424282327667693,0.00077271461240328301,-0.011166434790492325,-0.011166434790492325
44.200000000000003,0.17453289999999999,0.17186700174946754,0.0026658982505324558,0.00076346935471332622,-0.011076550134307417,-0.011076550134307417
44.300000000000004,0.17453289999999999,0.17194261124924209,0.0025902887507578964,0.00075429887521218282,-0.010987091003061394,-0.010987091003061394
44.400000000000006,0.17453289999999999,0.17201730772179022,0.0025155922782097717,0.00074520281917422296,-0.010898058466926241,-0.010898058466926241
44.500000000000007,0.17453289999999999,0.17209109858683613,0.0024418014131638577,0.00073618083101070048,-0.010809453545028751,-0.010809453545028751
44.600000000000001,0.17453289999999999,0.17216399122851148,0.0023689087714885149,0.00072723255431197519,-0.010721277206127039,-0.010721277206127039
44.700000000000003,0.17453289999999999,0.17223599299527548,0.0022969070047245133,0.00071835763188917833,-0.010633530369280697,-0.010633530369280697
44.800000000000004,0.17453289999999999,0.17230711119983996,0.0022257888001600279,0.00070955570581530622,-0.010546213904515484,-0.010546213904515484
44.900000000000006,0.17453289999999999,0.17237735311909771,0.002155546880902276,0.00070082641746579077,-0.010459328633481958,-0.010459328633481958
45.000000000000007,0.17453289999999999,0.17244672599405525,0.0020861740059447409,0.00069216940755850167,-0.01037287533010829,-0.01037287533010829
45.100000000000001,0.17453289999999999,0.17251523702976962,0.0020176629702303717,0.00068358431619322416,-0.010286854721247664,-0.010286854721247664
45.200000000000003,0.17453289999999999,0.17258289339528896,0.0019500066047110354,0.0006750707828905838,-0.010201267487319473,-0.010201267487319473
45.300000000000004,0.17453289999999999,0.17264970222359691,0.0018831977764030838,0.00066662844663046509,-0.010116114262945288,-0.010116114262945288
45.400000000000006,0.17453289999999999,0.17271567061156087,0.0018172293884391177,0.00065825694588988093,-0.010031395637578738,-0.010031395637578738
45.500000000000007,0.17453289999999999,0.17278080561988413,0.001752094380115865,0.00064995591868033397,-0.0099471121561301463,-0.0099471121561301463
45.600000000000001,0.17453289999999999,0.17284511427306137,0.0016877857269386176,0.0006417250025846597,-0.0098632643195852576,-0.0098632643195852576
45.700000000000003,0.17453289999999999,0.17290860355933821,0.0016242964406617821,0.00063356383479334986,-0.0097798525856185158,-0.0097798525856185158
45.800000000000004,0.17453289999999999,0.17297128043067422,0.0015616195693257673,0.00062547205214038659,-0.0096968773692011918,-0.0096968773692011918
45.900000000000006,0.17453289999999999,0.17303315180270926,0.0014997481972907345,0.00061744929113854822,-0.0096143390432031333,-0.0096143390432031333
46.000000000000007,0.17453289999999999,0.17309422455473369,0.0014386754452662964,0.00060949518801424419,-0.0095322379389900999,-0.0095322379389900999
46.100000000000001,0.17453289999999999,0.1731545055296618,0.0013783944703381901,0.00060160937874183164,-0.0094505743470147795,-0.0094505743470147795
46.200000000000003,0.17453289999999999,0.17321400153400865,0.0013188984659913416,0.00059379149907746651,-0.0093693485174030557,-0.0093693485174030557
46.300000000000004,0.17453289999999999,0.17327271933787022,0.0012601806621297673,0.00058604118459245041,-0.0092885606605343403,-0.0092885606605343403
46.400000000000006,0.17453289999999999,0.17333066567490724,0.0012022343250927547,0.00057835807070610651,-0.0092082109476171632,-0.0092082109476171632
46.500000000000007,0.17453289999999999,0.17338784724233172,0.001145052757668269,0.00057074179271818216,-0.0091282995112590103,-0.0091282995112590103
46.600000000000001,0.17453289999999999,0.17344427070089707,0.0010886292991029167,0.00056319198584078129,-0.0090488264460311472,-0.0090488264460311472
46.700000000000003,0.17453289999999999,0.17349994267489122,0.0010329573251087742,0.00055570828522981603,-0.0089697918090279136,-0.0089697918090279136
46.800000000000004,0.17453289999999999,0.17355486975213305,0.00097803024786694004,0.00054829032601601182,-0.0088911956204212727,-0.0088911956204212727
46.900000000000006,0.17453289999999999,0.1736090584839716,0.00092384151602839526,0.00054093774333545223,-0.008813037864009745,-0.008813037864009745
47.000000000000007,0.17453289999999999,0.17366251538528846,0.0008703846147115335,0.00053365017235966527,-0.0087353184877624404,-0.0087353184877624404
47.100000000000001,0.17453289999999999,0.17371524693450335,0.00081765306549663741,0.0005264272483252551,-0.0086580374043579537,-0.0086580374043579537
47.200000000000003,0.17453289999999999,0.17376725957358219,0.00076564042641780183,0.00051926860656310511,-0.0085811944917180902,-0.0085811944917180902
47.300000000000004,0.17453289999999999,0.17381855970804841,0.00071434029195158177,0.00051217388252712938,-0.0085047895935367462,-0.0085047895935367462
47.400000000000006,0.17453289999999999,0.17386915370699704,0.00066374629300294807,0.00050514271182258231,-0.0084288225198035326,-0.0084288225198035326
47.500000000000007,0.17453289999999999,0.17391904790311138,0.00061385209688860631,0.00049817473023394828,-0.0083532930473224631,-0.0083532930473224631
47.600000000000001,0.17453289999999999,0.17396824859268289,0.00056465140731709607,0.00049126957375239175,-0.0082782009202259556,-0.0082782009202259556
47.700000000000003,0.17453289999999999,0.17401676203563338,0.00051613796436661419,0.00048442687860279798,-0.008203545850483749,-0.008203545850483749
47.800000000000004,0.17453289999999999,0.17406459445554001,0.00046830554445997929,0.00047764628127037274,-0.0081293275184067294,-0.0081293275184067294
47.900000000000006,0.17453289999999999,0.17411175203966286,0.00042114796033712598,0.00047092741852684583,-0.0080555455731460991,-0.0080555455731460991
48.000000000000007,0.17453289999999999,0.17415824093897544,0.00037465906102454594,0.00046426992745624961,-0.0079821996331879471,-0.0079821996331879471
48.100000000000001,0.17453289999999999,0.17420406726819723,0.0003288327318027584,0.00045767344548029861,-0.0079092892868426173,-0.0079092892868426173
48.200000000000003,0.17453289999999999,0.17424923710582924,0.0002836628941707553,0.00045113761038335432,-0.0078368140927296218,-0.0078368140927296218
48.300000000000004,0.17453289999999999,0.17429375649419143,0.00023914350580855892,0.00044466206033700765,-0.007764773580257579,-0.007764773580257579
48.400000000000006,0.17453289999999999,0.17433763143946332,0.00019526856053667108,0.00043824643392424462,-0.0076931672500997316,-0.0076931672500997316
48.500000000000007,0.17453289999999999,0.17438086791172633,0.00015203208827366255,0.00043189037016323284,-0.0076219945746645286,-0.0076219945746645286
48.600000000000001,0.17453289999999999,0.17442347184500892,0.00010942815499107028,0.00042559350853072327,-0.0075512549985619487,-0.0075512549985619487
48.700000000000003,0.17453289999999999,0.17446544913733375,6.7450862666240674e-05,0.00041935548898505367,-0.0074809479390647252,-0.0074809479390647252
48.800000000000004,0.17453289999999999,0.17450680565076732,2.6094349232674841e-05,0.00041317595198878256,-0.0074110727865654112,-0.0074110727865654112
48.900000000000006,0.17453289999999999,0.17454754721147175,-1.4647211471763288e-05,0.00040705453853094695,-0.0073416289050288082,-0.0073416289050288082
49.000000000000007,0.17453289999999999,0.17458767960975882,-5.477960975883156e-05,0.00040099089014893866,-0.007272615632439727,-0.007272615632439727
49.100000000000001,0.17453289999999999,0.17462720860014602,-9.4308600146031374e-05,0.00039498464895002536,-0.0072040322812464879,-0.0072040322812464879
49.200000000000003,0.17453289999999999,0.17466613990141505,-0.00013323990141506092,0.000389035457632487,-0.0071358781387998267,-0.0071358781387998267
49.300000000000004,0.17453289999999999,0.17470447919667204,-0.0001715791966720448,0.0003831429595064128,-0.0070681524677874748,-0.0070681524677874748
49.400000000000006,0.17453289999999999,0.17474223213341003,-0.00020933213341003953,0.00037730679851412537,-0.0070008545066642964,-0.0070008545066642964
49.500000000000007,0.17453289999999999,0.17477940432357356,-0.00024650432357356533,0.00037152661925025888,-0.0069339834700782249,-0.0069339834700782249
49.600000000000001,0.17453289999999999,0.17481600134362504,-0.0002831013436250529,0.00036580206698147617,-0.0068675385492916238,-0.0068675385492916238
49.700000000000003,0.17453289999999999,0.17485202873461311,-0.00031912873461312219,0.00036013278766585147,-0.0068015189125984485,-0.0068015189125984485
49.800000000000004,0.17453289999999999,0.17488749200224316,-0.00035459200224316478,0.00035451842797190684,-0.006735923705737488,-0.006735923705737488
49.900000000000006,0.17453289999999999,0.17492239661694942,-0.00038949661694942517,0.0003489586352972997,-0.0066707520523008202,-0.0066707520523008202
50.000000000000007,0.17453289999999999,0.17495674801396885,-0.00042384801396885829,0.00034345305778719199,-0.0066060030541383145,-0.0066060030541383145
50.100000000000001,0.17453289999999999,0.17499055159341745,-0.00045765159341745743,0.00033800134435226712,-0.006541675791758266,-0.006541675791758266
50.200000000000003,0.17453289999999999,0.17502381272036752,-0.00049091272036752565,0.00033260314468643146,-0.0064777693247232921,-0.0064777693247232921
50.300000000000004,0.17453289999999999,0.17505653859954912,-0.00052363859954912551,0.00032725792312264832,-0.0064142812157567952,-0.0064142812157567952
50.400000000000006,0.17453289999999999,0.17508873521168952,-0.00055583521168953154,0.00032196526082517858,-0.0063512099065427463,-0.0063512099065427463
50.500000000000007,0.17453289999999999,0.17512040777807147,-0.00058750777807148324,0.00031672481130842067,-0.0062885543816230552,-0.0062885543816230552
50.600000000000001,0.17453289999999999,0.17515156148541547,-0.00061866148541547816,0.00031153622894885305,-0.0062263136064948333,-0.0062263136064948333
50.700000000000003,0.17453289999999999,0.1751822014859673,-0.00064930148596731296,0.00030639916900059705,-0.00616448652797806,-0.00616448652797806
50.800000000000004,0.17453289999999999,0.17521233289758759,-0.00067943289758759517,0.00030131328761067854,-0.0061030720745798087,-0.0061030720745798087
50.900000000000006,0.17453289999999999,0.1752419608038423,-0.00070906080384230963,0.00029627824183398884,-0.0060420691568541084,-0.0060420691568541084
51.000000000000007,0.17453289999999999,0.17527109025409521,-0.00073819025409521677,0.00029129368964794848,-0.0059814766677582891,-0.0059814766677582891
51.100000000000001,0.17453289999999999,0.17529972626360157,-0.00076682626360158324,0.00028635928996687731,-0.0059212934830053746,-0.0059212934830053746
51.200000000000003,0.17453289999999999,0.17532787381360304,-0.00079497381360305042,0.00028147470265607382,-0.0058615184614123792,-0.0058615184614123792
51.300000000000004,0.17453289999999999,0.17535553785142435,-0.00082263785142436263,0.00027663958854560891,-0.0058021504452453231,-0.0058021504452453231
51.400000000000006,0.17453289999999999,0.17538272329057111,-0.00084982329057112227,0.00027185360944383374,-0.0057431882605601297,-0.0057431882605601297
51.500000000000007,0.17453289999999999,0.17540943501082881,-0.00087653501082882168,0.00026711642815060722,-0.005684630717539752,-0.005684630717539752
51.600000000000001,0.17453289999999999,0.17543567785836342,-0.00090277785836342939,0.00026242770847024555,-0.0056264766108278493,-0.0056264766108278493
51.700000000000003,0.17453289999999999,0.17546145664582302,-0.00092855664582303099,0.00025778711522419573,-0.0055687247198585544,-0.0055687247198585544
51.800000000000004,0.17453289999999999,0.17548677615244079,-0.00095387615244080237,0.00025319431426344045,-0.0055113738091827303,-0.0055113738091827303
51.900000000000006,0.17453289999999999,0.17551164112413917,-0.00097874112413917636,0.00024864897248062957,-0.0054544226287905088,-0.0054544226287905088
52.000000000000007,0.17453289999999999,0.17553605627363522,-0.0010031562736352306,0.00024415075782195021,-0.0053978699144303349,-0.0053978699144303349
52.100000000000001,0.17453289999999999,0.17556002628054709,-0.0010271262805471026,0.0002396993392987314,-0.0053417143879242682,-0.0053417143879242682
52.200000000000003,0.17453289999999999,0.17558355579150181,-0.00105065579150182,0.00023529438699878782,-0.0052859547574800004,-0.0052859547574800004
52.300000000000004,0.17453289999999999,0.17560664942024382,-0.0010737494202438247,0.00023093557209751122,-0.0052305897179990265,-0.0052305897179990265
52.400000000000006,0.17453289999999999,0.17562931174774499,-0.0010964117477449964,0.00022662256686870248,-0.0051756179513816405,-0.0051756179513816405
52.500000000000007,0.17453289999999999,0.17565154732231542,-0.0011186473223154247,0.00022235504469515544,-0.0051210381268282229,-0.0051210381268282229
52.600000000000001,0.17453289999999999,0.17567336065971542,-0.001140460659715431,0.00021813268007899283,-0.0050668489011373016,-0.0050668489011373016
52.700000000000003,0.17453289999999999,0.17569475624326852,-0.0011618562432685331,0.0002139551486517538,-0.0050130489190001008,-0.0050130489190001008
52.800000000000004,0.17453289999999999,0.17571573852397523,-0.0011828385239752437,0.00020982212718424206,-0.0049596368132916006,-0.0049596368132916006
52.900000000000006,0.17453289999999999,0.17573631192062805,-0.0012034119206280613,0.00020573329359613302,-0.0049066112053584559,-0.0049066112053584559
53.000000000000007,0.17453289999999999,0.17575648081992726,-0.0012235808199272669,0.00020168832696534266,-0.0048539707053034346,-0.0048539707053034346
53.100000000000001,0.17453289999999999,0.17577624957659765,-0.0012433495765976632,0.00019768690753716413,-0.0048017139122666173,-0.0048017139122666173
53.200000000000003,0.17453289999999999,0.17579562251350619,-0.0012627225135062037,0.00019372871673317045,-0.0047498394147032722,-0.0047498394147032722
53.300000000000004,0.17453289999999999,0.17581460392178047,-0.0012817039217804804,0.00018981343715989129,-0.0046983457906585235,-0.0046983457906585235
53.400000000000006,0.17453289999999999,0.17583319806092809,-0.0013002980609281012,0.0001859407526172608,-0.0046472316080387955,-0.0046472316080387955
53.500000000000007,0.17453289999999999,0.17585140915895675,-0.0013185091589567599,0.00018211034810684365,-0.0045964954248799454,-0.0045964954248799454
53.600000000000001,0.17453289999999999,0.17586924141249533,-0.0013363414124953343,0.00017832190983983889,-0.0045461357896124342,-0.0045461357896124342
53.700000000000003,0.17453289999999999,0.17588669898691539,-0.0013537989869153999,0.00017457512524486648,-0.0044961512413229966,-0.0044961512413229966
53.800000000000004,0.17453289999999999,0.17590378601645404,-0.0013708860164540482,0.00017086968297553871,-0.0044465403100137444,-0.0044465403100137444
53.900000000000006,0.17453289999999999,0.17592050660433689,-0.0013876066043368995,0.0001672052729178169,-0.0043973015168576038,-0.0043973015168576038
54.000000000000007,0.17453289999999999,0.17593686482290211,-0.0014039648229021151,0.00016358158619715862,-0.0043484333744509707,-0.0043484333744509707
54.100000000000001,0.17453289999999999,0.17595286471372495,-0.0014199647137249638,0.00015999831518545793,-0.0042999343870632062,-0.0042999343870632062
54.200000000000003,0.17453289999999999,0.17596851028774332,-0.001435610287743333,0.00015645515350777697,-0.0042518030508833186,-0.0042518030508833186
54.300000000000004,0.17453289999999999,0.17598380552538345,-0.0014509055253834613,0.0001529517960488788,-0.0042040378542632798,-0.0042040378542632798
54.400000000000006,0.17453289999999999,0.17599875437668669,-0.0014658543766866983,0.00014948793895955682,-0.0041566372779587215,-0.0041566372779587215
54.500000000000007,0.17453289999999999,0.17601336076143664,-0.0014804607614366527,0.00014606327966276751,-0.0041095997953664674,-0.0041095997953664674
54.600000000000001,0.17453289999999999,0.17602762856928708,-0.0014947285692870904,0.00014267751685956672,-0.0040629238727592915,-0.0040629238727592915
54.700000000000003,0.17453289999999999,0.17604156165989021,-0.0015086616598902203,0.00013933035053485273,-0.0040166079695175688,-0.0040166079695175688
54.800000000000004,0.17453289999999999,0.17605516386302564,-0.0015222638630256469,0.00013602148196292105,-0.0039706505383582252,-0.0039706505383582252
54.900000000000006,0.17453289999999999,0.17606843897872984,-0.0015355389787298501,0.00013275061371284728,-0.0039250500255611012,-0.0039250500255611012
55.000000000000007,0.17453289999999999,0.17608139077742627,-0.0015484907774262757,0.00012951744965360637,-0.0038798048711911905,-0.0038798048711911905
55.100000000000001,0.17453289999999999,0.17609402300005564,-0.0015611230000556475,0.00012632169495911051,-0.0038349135093196365,-0.0038349135093196365
55.200000000000003,0.17453289999999999,0.17610633935820716,-0.0015734393582071682,0.00012316305611305699,-0.0037903743682421941,-0.0037903743682421941
55.300000000000004,0.17453289999999999,0.17611834353424971,-0.0015854435342497197,0.00012004124091349965,-0.0037461858706927136,-0.0037461858706927136
55.400000000000006,0.17453289999999999,0.17613003918146389,-0.0015971391814638969,0.00011695595847732878,-0.0037023464340558148,-0.0037023464340558148
55.500000000000007,0.17453289999999999,0.17614142992417425,-0.0016085299241742623,0.00011390691924458341,-0.0036588544705767638,-0.0036588544705767638
55.600000000000001,0.17453289999999999,0.17615251935788212,-0.0016196193578821294,0.00011089383498249448,-0.0036157083875670301,-0.0036157083875670301
55.700000000000003,0.17453289999999999,0.17616331104939859,-0.0016304110493985946,0.00010791641878949679,-0.0035729065876095368,-0.0035729065876095368
55.800000000000004,0.17453289999999999,0.17617380853697812,-0.0016409085369781251,0.00010497438509896654,-0.0035304474687595229,-0.0035304474687595229
55.900000000000006,0.17453289999999999,0.17618401533045236,-0.0016511153304523685,0.0001020674496828597,-0.003488329424743843,-0.003488329424743843
56.000000000000007,0.17453289999999999,0.17619393491136429,-0.0016610349113642953,9.9195329655072311e-05,-0.003446550845155597,-0.003446550845155597
56.100000000000001,0.17453289999999999,0.17620357073310283,-0.0016706707331028414,9.6357743474828427e-05,-0.003405110115649753,-0.003405110115649753
56.200000000000003,0.17453289999999999,0.17621292622103762,-0.0016800262210376338,9.3554410949763902e-05,-0.0033640056181333841,-0.0033640056181333841
56.300000000000004,0.17453289999999999,0.17622200477265421,-0.0016891047726542152,9.0785053238840683e-05,-0.0033232357309533472,-0.0033232357309533472
56.400000000000006,0.17453289999999999,0.17623080975768943,-0.0016979097576894364,8.8049392855240753e-05,-0.0032827988290837699,-0.0032827988290837699
56.500000000000007,0.17453289999999999,0.17623934451826717,-0.0017064445182671806,8.5347153668958873e-05,-0.0032426932843084401,-0.0032426932843084401
56.600000000000001,0.17453289999999999,0.17624761236903408,-0.0017147123690340882,8.2678060909388465e-05,-0.0032029174654030807,-0.0032029174654030807
56.700000000000003,0.17453289999999999,0.17625561659729608,-0.0017227165972960867,8.0041841167557051e-05,-0.0031634697383121136,-0.0031634697383121136
56.800000000000004,0.17453289999999999,0.17626336046315441,-0.0017304604631544207,7.7438222398467521e-05,-0.003124348466326836,-0.003124348466326836
56.900000000000006,0.17453289999999999,0.17627084719964253,-0.0017379471996425422,7.4866933923079196e-05,-0.0030855520102579677,-0.0030855520102579677
57.000000000000007,0.17453289999999999,0.17627808001286269,-0.001745180012862696,7.2327706430259613e-05,-0.0030470787286073688,-0.0030470787286073688
57.100000000000001,0.17453289999999999,0.17628506208212302,-0.0017521620821230321,6.9820271978584164e-05,-0.0030089269777375471,-0.0030089269777375471
57.200000000000003,0.17453289999999999,0.17629179656007463,-0.0017588965600746354,6.7344363997967385e-05,-0.0029710951120380481,-0.0029710951120380481
57.300000000000004,0.17453289999999999,0.17629828657284879,-0.0017653865728488038,6.4899717291134478e-05,-0.0029335814840892246,-0.0029335814840892246
57.400000000000006,0.17453289999999999,0.17630453522019457,-0.0017716352201945784,6.2486068035049611e-05,-0.0028963844448254717,-0.0028963844448254717
57.500000000000007,0.17453289999999999,0.17631054557561623,-0.0017776455756162435,6.0103153782142176e-05,-0.0028595023436948025,-0.0028595023436948025
57.600000000000001,0.17453289999999999,0.17631632068651087,-0.0017834206865108837,5.7750713461389917e-05,-0.0028229335288159022,-0.0028229335288159022
57.700000000000003,0.17453289999999999,0.17632186357430632,-0.0017889635743063292,5.5428487379282513e-05,-0.0027866763471334145,-0.0027866763471334145
57.800000000000004,0.17453289999999999,0.17632717723459876,-0.0017942772345987679,5.313621722076951e-05,-0.002750729144572619,-0.002750729144572619
57.900000000000006,0.17453289999999999,0.17633226463729085,-0.0017993646372908567,5.0873646049849677e-05,-0.0027150902661881508,-0.0027150902661881508
58.000000000000007,0.17453289999999999,0.17633712872672958,-0.0018042287267295842,4.8640518310266412e-05,-0.0026797580563143798,-0.0026797580563143798
58.100000000000001,0.17453289999999999,0.17634177242184426,-0.0018088724218442709,4.6436579825952423e-05,-0.0026447308587114146,-0.0026447308587114146
58.200000000000003,0.17453289999999999,0.17634619861628473,-0.0018132986162847364,4.4261577801393369e-05,-0.0026100070167098168,-0.0026100070167098168
58.300000000000004,0.17453289999999999,0.17635041017855926,-0.0018175101785592729,4.2115260821856896e-05,-0.0025755848733526971,-0.0025755848733526971
58.400000000000006,0.17453289999999999,0.17635440995217283,-0.0018215099521728395,3.9997378853541573e-05,-0.0025414627715365876,-0.0025414627715365876
58.500000000000007,0.17453289999999999,0.17635820075576492,-0.0018253007557649248,3.790768324355215e-05,-0.0025076390541488632,-0.0025076390541488632
58.600000000000001,0.17453289999999999,0.17636178538324798,-0.0018288853832479912,3.5845926719808185e-05,-0.0024741120642045385,-0.0024741120642045385
58.700000000000003,0.17453289999999999,0.17636516660394524,-0.001832266603945254,3.381186339084112e-05,-0.0024408801449803943,-0.0024408801449803943
58.800000000000004,0.17453289999999999,0.17636834716272873,-0.0018354471627287372,3.1805248745409901e-05,-0.0024079416401461152,-0.0024079416401461152
58.900000000000006,0.17453289999999999,0.17637132978015735,-0.0018384297801573579,2.9825839652174798e-05,-0.0023752948938965041,-0.0023752948938965041
59.000000000000007,0.17453289999999999,0.17637411715261481,-0.0018412171526148158,2.7873394359059808e-05,-0.0023429382510778921,-0.0023429382510778921
59.100000000000001,0.17453289999999999,0.17637671195244745,-0.001843811952447455,2.5947672492601307e-05,-0.0023108700573142783,-0.0023108700573142783
59.200000000000003,0.17453289999999999,0.17637911682810201,-0.0018462168281020153,2.4048435057208616e-05,-0.0022790886591317703,-0.0022790886591317703
59.300000000000004,0.17453289999999999,0.1763813344042634,-0.0018484344042634104,2.2175444434402292e-05,-0.0022475924040826515,-0.0022475924040826515
59.400000000000006,0.17453289999999999,0.17638336728199219,-0.0018504672819922019,2.0328464381689463e-05,-0.0022163796408626122,-0.0022163796408626122
59.500000000000007,0.17453289999999999,0.17638521803886228,-0.001852318038862294,1.8507260031685916e-05,-0.0021854487194326406,-0.0021854487194326406
59.600000000000001,0.17453289999999999,0.17638688922909815,-0.0018539892290981574,1.6711597890864025e-05,-0.0021547979911337098,-0.0021547979911337098
59.700000000000003,0.17453289999999999,0.17638838338371221,-0.0018554833837122198,1.4941245838326294e-05,-0.0021244258088020931,-0.0021244258088020931
59.800000000000004,0.17453289999999999,0.17638970301064183,-0.0018568030106418387,1.319597312442841e-05,-0.0020943305268815503,-0.0020943305268815503
59.900000000000006,0.17453289999999999,0.17639085059488646,-0.0018579505948864705,1.1475550369365976e-05,-0.0020645105015350581,-0.0020645105015350581
60.000000000000007,0.17453289999999999,0.17639182859864433,-0.0018589285986443382,9.7797495617763415e-06,-0.0020349640907563124,-0.0020349640907563124
60.100000000000001,0.17453289999999999,0.17639263946144923,-0.0018597394614492391,8.1083440569685903e-06,-0.0020056896544746738,-0.0020056896544746738
60.200000000000003,0.17453289999999999,0.17639328560030687,-0.0018603856003068797,6.4611085751761051e-06,-0.0019766855546600494,-0.0019766855546600494
60.300000000000004,0.17453289999999999,0.1763937694098314,-0.001860869409831406,4.8378192000043341e-06,-0.001947950155431484,-0.001947950155431484
60.400000000000006,0.17453289999999999,0.1763940932623814,-0.0018611932623814054,3.2382533763931794e-06,-0.0019194818231564827,-0.0019194818231564827
60.500000000000007,0.17453289999999999,0.1763942595081959,-0.0018613595081959089,1.6621899086054712e-06,-0.0018912789265508074,-0.0018912789265508074
60.600000000000001,0.17453289999999999,0.17639427047553,-0.0018613704755300053,1.0940895819559274e-07,-0.0018633398367775261,-0.0018633398367775261
60.700000000000003,0.17453289999999999,0.17639412847079058,-0.0018612284707905935,-1.420307957585586e-06,-0.0018356629275540529,-0.0018356629275540529
60.800000000000004,0.17453289999999999,0.17639383577867138,-0.0018609357786713854,-2.9271779695733051e-06,-0.0018082465752190659,-0.0018082465752190659
60.900000000000006,0.17453289999999999,0.17639339466228823,-0.0018604946622882423,-4.411416856363688e-06,-0.0017810891588736959,-0.0017810891588736959
61.000000000000007,0.17453289999999999,0.17639280736331386,-0.001859907363313873,-5.8732390490885849e-06,-0.0017541890604302784,-0.0017541890604302784
61.100000000000001,0.17453289999999999,0.17639207610211255,-0.0018591761021125586,-7.3128576327612661e-06,-0.0017275446647228559,-0.0017275446647228559
61.200000000000003,0.17453289999999999,0.17639120307787426,-0.0018583030778742682,-8.7304843489291393e-06,-0.0017011543595935436,-0.0017011543595935436
61.300000000000004,0.17453289999999999,0.17639019046874901,-0.0018572904687490233,-1.0126329598114946e-05,-0.0016750165359829543,-0.0016750165359829543
61.400000000000006,0.17453289999999999,0.1763890404319805,-0.001856140431980513,-1.1500602442786045e-05,-0.0016491295880103642,-0.0016491295880103642
61.500000000000007,0.17453289999999999,0.17638775510403973,-0.0018548551040397376,-1.2853510609752656e-05,-0.0016234919130641897,-0.0016234919130641897
61.600000000000001,0.17453289999999999,0.17638633660075828,-0.0018534366007582903,-1.4185260493266552e-05,-0.0015981019118794923,-0.0015981019118794923
61.700000000000003,0.17453289999999999,0.17638478701746127,-0.0018518870174612789,-1.5496057157578596e-05,-0.0015729579886248641,-0.0015729579886248641
61.800000000000004,0.17453289999999999,0.17638310842910007,-0.0018502084291000809,-1.6786104340110189e-05,-0.0015480585509780975,-0.0015480585509780975
61.900000000000006,0.17453289999999999,0.17638130289038464,-0.0018484028903846539,-1.8055604454324463e-05,-0.0015234020102068136,-0.0015234020102068136
62.000000000000007,0.17453289999999999,0.17637937243591573,-0.0018464724359157358,-1.9304758592759918e-05,-0.0014989867812460573,-0.0014989867812460573
62.100000000000001,0.17453289999999999,0.17637731908031659,-0.0018444190803166005,-2.0533766530229855e-05,-0.0014748112827724631,-0.0014748112827724631
62.200000000000003,0.17453289999999999,0.17637514481836439,-0.0018422448183643969,-2.1742826726964295e-05,-0.0014508739372790396,-0.0014508739372790396
62.300000000000004,0.17453289999999999,0.1763728516251214,-0.0018399516251214054,-2.2932136331830024e-05,-0.0014271731711484651,-0.0014271731711484651
62.400000000000006,0.17453289999999999,0.17637044145606579,-0.0018375414560657943,-2.4101891185662869e-05,-0.0014037074147238626,-0.0014037074147238626
62.500000000000007,0.17453289999999999,0.17636791624722215,-0.0018350162472221543,-2.5252285824617522e-05,-0.0013804751023790388,-0.0013804751023790388
62.600000000000001,0.17453289999999999,0.1763652779152915,-0.0018323779152915054,-2.6383513483568878e-05,-0.0013574746725872656,-0.0013574746725872656
62.700000000000003,0.17453289999999999,0.17636252835778116,-0.0018296283577811656,-2.7495766099597697e-05,-0.0013347045679884071,-0.0013347045679884071
62.800000000000004,0.17453289999999999,0.17635966945313417,-0.0018267694531341749,-2.8589234315537642e-05,-0.0013121632354544974,-0.0013121632354544974
62.900000000000006,0.17453289999999999,0.17635670306085827,-0.0018238030608582756,-2.966410748351536e-05,-0.0012898491261549992,-0.0012898491261549992
63.000000000000007,0.17453289999999999,0.17635363102165469,-0.0018207310216546979,-3.0720573668618757e-05,-0.0012677606956195604,-0.0012677606956195604
63.100000000000001,0.17453289999999999,0.17635045515754655,-0.0018175551575465576,-3.175881965255361e-05,-0.0012458964038005926,-0.0012458964038005926
63.200000000000003,0.17453289999999999,0.17634717727200669,-0.001814277272006698,-3.2779030937396117e-05,-0.001224254715133568,-0.001224254715133568
63.300000000000004,0.17453289999999999,0.17634379915008533,-0.0018108991500853377,-3.3781391749376937e-05,-0.0012028340985965529,-0.0012028340985965529
63.400000000000006,0.17453289999999999,0.17634032255853724,-0.0018074225585372472,-3.4766085042709398e-05,-0.0011816330277684781,-0.0011816330277684781
63.500000000000007,0.17453289999999999,0.1763367492459485,-0.0018038492459485078,-3.5733292503478556e-05,-0.0011606499808858939,-0.0011606499808858939
63.600000000000001,0.17453289999999999,0.1763330809428631,-0.0018001809428631055,-3.6683194553572113e-05,-0.0011398834408988074,-0.0011398834408988074
63.700000000000003,0.17453289999999999,0.17632931936190874,-0.0017964193619087465,-3.7615970354647428e-05,-0.0011193318955250928,-0.0011193318955250928
63.800000000000004,0.17453289999999999,0.17632546619792264,-0.0017925661979226459,-3.853179781213717e-05,-0.0010989938373041769,-0.0010989938373041769
63.900000000000006,0.17453289999999999,0.17632152312807661,-0.0017886231280766218,-3.9430853579328788e-05,-0.0010788677636487036,-0.0010788677636487036
64,0.17453289999999999,0.17631749181200196,-0.0017845918120019677,-4.0313313061465401e-05,-0.0010589521768955903,-0.0010589521768955903
64.099999999999994,0.17453289999999999,0.17631337389191384,-0.001780473891913853,-4.1179350419887145e-05,-0.0010392455843558843,-0.0010392455843558843
64.200000000000003,0.17453289999999999,0.1763091709927353,-0.0017762709927353071,-4.2029138576216339e-05,-0.001019746498363413,-0.001019746498363413
64.299999999999997,0.17453289999999999,0.17630488472222056,-0.0017719847222205654,-4.2862849216581533e-05,-0.0010004534363220977,-0.0010004534363220977
64.399999999999991,0.17453289999999999,0.17630051667107852,-0.0017676166710785257,-4.3680652795873437e-05,-0.00098136492075280384,-0.00098136492075280384
64.5,0.17453289999999999,0.17629606841309514,-0.0017631684130951508,-4.4482718542077528e-05,-0.00096247947933775528,-0.00096247947933775528
64.599999999999994,0.17453289999999999,0.17629154150525594,-0.0017586415052559534,-4.5269214460572242e-05,-0.00094379564496565303,-0.00094379564496565303
64.700000000000003,0.17453289999999999,0.17628693748786764,-0.001754037487867649,-4.6040307338524835e-05,-0.00092531195577420203,-0.00092531195577420203
64.799999999999997,0.17453289999999999,0.17628225788467958,-0.0017493578846795865,-4.6796162749307429e-05,-0.00090702695519205285,-0.00090702695519205285
64.899999999999991,0.17453289999999999,0.1762775042030047,-0.0017446042030047071,-4.7536945056921331e-05,-0.00088893919198012315,-0.00088893919198012315
65,0.17453289999999999,0.17627267793384008,-0.0017397779338400865,-4.8262817420485947e-05,-0.00087104722027133948,-0.00087104722027133948
65.099999999999994,0.17453289999999999,0.17626778055198683,-0.0017348805519868393,-4.8973941798743363e-05,-0.00085334959960945876,-0.00085334959960945876
65.200000000000003,0.17453289999999999,0.17626281351616979,-0.0017299135161698009,-4.9670478954599963e-05,-0.00083584489498700159,-0.00083584489498700159
65.299999999999997,0.17453289999999999,0.17625777826915653,-0.0017248782691565434,-5.0352588459699705e-05,-0.00081853167688194866,-0.00081853167688194866
65.399999999999991,0.17453289999999999,0.1762526762378763,-0.0017197762378763082,-5.1020428699024674e-05,-0.00080140852129386407,-0.00080140852129386407
65.5,0.17453289999999999,0.17624750883353779,-0.0017146088335378007,-5.1674156875521579e-05,-0.0007844740097784123,-0.0007844740097784123
65.599999999999994,0.17453289999999999,0.17624227745174736,-0.0017093774517473737,-5.2313929014767877e-05,-0.00076772672948155181,-0.00076772672948155181
65.700000000000003,0.17453289999999999,0.17623698347262587,-0.001704083472625878,-5.2939899969647575e-05,-0.00075116527317222164,-0.00075116527317222164
65.799999999999997,0.17453289999999999,0.17623162826092578,-0.0016987282609257914,-5.3552223425068626e-05,-0.00073478823927455622,-0.00073478823927455622
65.899999999999991,0.17453289999999999,0.17622621316614734,-0.0016933131661473477,-5.4151051902705804e-05,-0.00071859423189864322,-0.00071859423189864322
66,0.17453289999999999,0.17622073952265443,-0.001687839522654444,-5.4736536765757844e-05,-0.00070258186087080289,-0.00070258186087080289
66.099999999999994,0.17453289999999999,0.17621520864979001,-0.0016823086497900208,-5.5308828223734122e-05,-0.00068674974176280651,-0.00068674974176280651
66.200000000000003,0.17453289999999999,0.17620962185199099,-0.0016767218519909977,-5.5868075337272785e-05,-0.00067109649592008748,-0.00067109649592008748
66.299999999999997,0.17453289999999999,0.17620398041890245,-0.0016710804189024597,-5.6414426022969281e-05,-0.00065562075048901272,-0.00065562075048901272
66.399999999999991,0.17453289999999999,0.17619828562549186,-0.001665385625491872,-5.6948027058240615e-05,-0.00064032113844354082,-0.00064032113844354082
66.5,0.17453289999999999,0.17619253873216234,-0.0016596387321623496,-5.7469024086186972e-05,-0.0006251962986109842,-0.0006251962986109842
66.599999999999994,0.17453289999999999,0.17618674098486559,-0.0016538409848655955,-5.7977561620510349e-05,-0.00061024487569640929,-0.00061024487569640929
66.700000000000003,0.17453289999999999,0.17618089361521438,-0.0016479936152143937,-5.8473783050413926e-05,-0.00059546552030694303,-0.00059546552030694303
66.799999999999997,0.17453289999999999,0.17617499784059454,-0.0016420978405945474,-5.8957830645552177e-05,-0.00058085688897460816,-0.00058085688897460816
66.899999999999991,0.17453289999999999,0.17616905486427631,-0.001636154864276318,-5.9429845560987374e-05,-0.00056641764417854519,-0.00056641764417854519
67,0.17453289999999999,0.17616306587552541,-0.0016301658755254189,-5.9889967842149247e-05,-0.00055214645436673249,-0.00055214645436673249
67.099999999999994,0.17453289999999999,0.17615703204971345,-0.0016241320497134559,-6.0338336429841224e-05,-0.00053804199397631397,-0.00053804199397631397
67.200000000000003,0.17453289999999999,0.17615095454842791,-0.0016180545484279218,-6.0775089165239882e-05,-0.0005241029434536039,-0.0005241029434536039
67.299999999999997,0.17453289999999999,0.1761448345195816,-0.0016119345195816093,-6.1200362794924917e-05,-0.00051032798927296073,-0.00051032798927296073
67.399999999999991,0.17453289999999999,0.1761386730975216,-0.0016057730975216067,-6.1614292975909629e-05,-0.00049671582395523347,-0.00049671582395523347
67.5,0.17453289999999999,0.17613247140313773,-0.0015995714031377395,-6.2017014280700225e-05,-0.00048326514608513539,-0.00048326514608513539
67.599999999999994,0.17453289999999999,0.17612623054397053,-0.0015933305439705392,-6.2408660202365761e-05,-0.00046997466032795547,-0.00046997466032795547
67.700000000000003,0.17453289999999999,0.17611995161431857,-0.0015870516143185742,-6.2789363159603177e-05,-0.00045684307744571712,-0.00045684307744571712
67.799999999999997,0.17453289999999999,0.17611363569534549,-0.0015807356953455032,-6.3159254501849658e-05,-0.00044386911431220939,-0.00044386911431220939
67.899999999999991,0.17453289999999999,0.17610728385518648,-0.0015743838551864897,-6.3518464514376031e-05,-0.00043105149392772121,-0.00043105149392772121
68,0.17453289999999999,0.176100897149054,-0.0015679971490540068,-6.3867122423408532e-05,-0.00041838894543265318,-0.00041838894543265318
68.099999999999994,0.17453289999999999,0.17609447661934319,-0.0015615766193431968,-6.420535640125287e-05,-0.00040588020412064526,-0.00040588020412064526
68.200000000000003,0.17453289999999999,0.176088023295737,-0.0015551232957370098,-6.4533293571436163e-05,-0.00039352401145115895,-0.00039352401145115895
68.299999999999997,0.17453289999999999,0.17608153819531025,-0.001548638195310259,-6.4851060013854027e-05,-0.00038131911506088657,-0.00038131911506088657
68.399999999999991,0.17453289999999999,0.17607502232263364,-0.0015421223226336489,-6.5158780769926321e-05,-0.00036926426877497516,-0.00036926426877497516
68.5,0.17453289999999999,0.17606847666987702,-0.0015355766698770257,-6.5456579847759751e-05,-0.00035735823261735019,-0.00035735823261735019
68.599999999999994,0.17453289999999999,0.17606190221691226,-0.0015290022169122675,-6.5744580227326797e-05,-0.0003455997728203852,-0.0003455997728203852
68.700000000000003,0.17453289999999999,0.1760552999314155,-0.0015223999314155079,-6.602290386564555e-05,-0.00033398766183388804,-0.00033398766183388804
68.799999999999997,0.17453289999999999,0.17604867076896893,-0.0015157707689689437,-6.6291671701966082e-05,-0.00032252067833355423,-0.00032252067833355423
68.899999999999991,0.17453289999999999,0.17604201567316208,-0.0015091156731620869,-6.655100366296859e-05,-0.00031119760722865238,-0.00031119760722865238
69,0.17453289999999999,0.17603533557569251,-0.0015024355756925178,-6.6801018667958672e-05,-0.00030001723966926173,-0.00030001723966926173
69.099999999999994,0.17453289999999999,0.17602863139646607,-0.0014957313964660823,-6.7041834634077547e-05,-0.00028897837305268646,-0.00028897837305268646
69.200000000000003,0.17453289999999999,0.17602190404369658,-0.0014890040436965901,-6.7273568481511666e-05,-0.00027807981102938003,-0.00027807981102938003
69.299999999999997,0.17453289999999999,0.17601515441400498,-0.0014822544140049854,-6.7496336138709036e-05,-0.0002673203635082228,-0.0002673203635082228
69.399999999999991,0.17453289999999999,0.17600838339251798,-0.00147548339251799,-6.7710252547597066e-05,-0.00025669884666124272,-0.00025669884666124272
69.5,0.17453289999999999,0.17600159185296627,-0.0014686918529662751,-6.7915431668804613e-05,-0.00024621408292779205,-0.00024621408292779205
69.599999999999994,0.17453289999999999,0.17599478065778207,-0.0014618806577820775,-6.8111986486891021e-05,-0.00023586490101803917,-0.00023586490101803917
69.700000000000003,0.17453289999999999,0.17598795065819611,-0.001455050658196122,-6.8300029015568465e-05,-0.00022565013591588964,-0.00022565013591588964
69.799999999999997,0.17453289999999999,0.17598110269433442,-0.0014482026943344328,-6.8479670302940221e-05,-0.0002155686288815089,-0.0002155686288815089
69.899999999999991,0.17453289999999999,0.17597423759531422,-0.0014413375953142293,-6.8651020436724392e-05,-0.00020561922745319016,-0.00020561922745319016
70,0.17453289999999999,0.1759673561793394,-0.0014344561793394051,-6.8814188549491052e-05,-0.00019580078544856609,-0.00019580078544856609
70.099999999999994,0.17453289999999999,0.17596045925379561,-0.0014275592537956183,-6.8969282823898209e-05,-0.00018611216296545059,-0.00018611216296545059
70.200000000000003,0.17453289999999999,0.17595354761534465,-0.0014206476153446612,-6.9116410497918948e-05,-0.00017655222638212004,-0.00017655222638212004
70.299999999999997,0.17453289999999999,0.17594662205001849,-0.0014137220500184955,-6.9255677870078022e-05,-0.00016711984835709104,-0.00016711984835709104
70.399999999999991,0.17453289999999999,0.17593968333331267,-0.0014067833333126778,-6.938719030468357e-05,-0.00015781390782837359,-0.00015781390782837359
70.5,0.17453289999999999,0.17593273223027914,-0.0013998322302791466,-6.9511052237063978e-05,-0.0001486332900119949,-0.0001486332900119949
70.599999999999994,0.17453289999999999,0.17592576949561872,-0.0013928694956187315,-6.9627367178792799e-05,-0.00013957688640046104,-0.00013957688640046104
70.700000000000003,0.17453289999999999,0.1759187958737729,-0.0013858958737729132,-6.9736237722915935e-05,-0.0001306435947604264,-0.0001306435947604264
70.799999999999997,0.17453289999999999,0.17591181209901519,-0.0013789120990151948,-6.9837765549185949e-05,-0.00012183231912984765,-0.00012183231912984765
70.899999999999991,0.17453289999999999,0.17590481889554185,-0.0013719188955418626,-6.9932051429275207e-05,-0.00011314196981490891,-0.00011314196981490891
71,0.17453289999999999,0.17589781697756229,-0.0013649169775623027,-7.0019195232002963e-05,-0.00010457146338624943,-0.00010457146338624943
71.099999999999994,0.17453289999999999,0.17589080704938881,-0.0013579070493888179,-7.0099295928550945e-05,-9.6119722674900803e-05,-9.6119722674900803e-05
71.200000000000003,0.17453289999999999,0.17588378980552583,-0.0013508898055258345,-7.0172451597676821e-05,-8.7785676767651631e-05,-8.7785676767651631e-05
71.299999999999997,0.17453289999999999,0.17587676593075852,-0.0013438659307585255,-7.023875943091941e-05,-7.9568261001976021e-05,-7.9568261001976021e-05
71.399999999999991,0.17453289999999999,0.17586973610024118,-0.0013368361002411844,-7.029831573780947e-05,-7.1466416960613887e-05,-7.1466416960613887e-05
71.5,0.17453289999999999,0.17586270097958476,-0.0013298009795847665,-7.0351215951060586e-05,-6.3479092465675924e-05,-6.3479092465675924e-05
71.599999999999994,0.17453289999999999,0.17585566122494414,-0.0013227612249441523,-7.0397554631774099e-05,-5.5605241572218413e-05,-5.5605241572218413e-05
71.700000000000003,0.17453289999999999,0.17584861748310468,-0.0013157174831046892,-7.0437425474619556e-05,-4.7843824561537209e-05,-4.7843824561537209e-05
71.799999999999997,0.17453289999999999,0.17584157039156834,-0.0013086703915683451,-7.0470921313017448e-05,-4.0193807934031092e-05,-4.0193807934031092e-05
71.899999999999991,0.17453289999999999,0.17583452057863944,-0.0013016205786394452,-7.0498134124319996e-05,-3.2654164401685424e-05,-3.2654164401685424e-05
72,0.17453289999999999,0.1758274686635096,-0.0012945686635096043,-7.0519155034979572e-05,-2.5223872879972077e-05,-2.5223872879972077e-05
72.099999999999994,0.17453289999999999,0.17582041525634232,-0.0012875152563423253,-7.0534074325706247e-05,-1.7901918479612967e-05,-1.7901918479612967e-05
72.200000000000003,0.17453289999999999,0.17581336095835706,-0.0012804609583570714,-7.054298143662937e-05,-1.0687292497742716e-05,-1.0687292497742716e-05
72.299999999999997,0.17453289999999999,0.17580630636191288,-0.0012734063619128932,-7.054596497244243e-05,-3.5789924089295148e-06,-3.5789924089295148e-06
72.399999999999991,0.17453289999999999,0.17579925205059135,-0.0012663520505913628,-7.0543112707543878e-05,3.4239781444270114e-06,3.4239781444270114e-06
72.5,0.17453289999999999,0.17579219859927905,-0.0012592985992790628,-7.0534511591168787e-05,1.0322609361975267e-05,1.0322609361975267e-05
72.599999999999994,0.17453289999999999,0.17578514657424971,-0.0012522465742497157,-7.0520247752510072e-05,1.7117885295465495e-05,1.7117885295465495e-05
72.700000000000003,0.17453289999999999,0.17577809653324558,-0.0012451965332455905,-7.0500406505836797e-05,2.3810783859471883e-05,2.3810783859471883e-05
72.799999999999997,0.17453289999999999,0.17577104902555843,-0.0012381490255584382,-7.0475072355594476e-05,3.0402276842262342e-05,3.0402276842262342e-05
72.899999999999991,0.17453289999999999,0.17576400459211006,-0.0012311045921100661,-7.0444329001504038e-05,3.6893329917006557e-05,3.6893329917006557e-05
73,0.17453289999999999,0.17575696376553232,-0.0012240637655323294,-7.0408259343648683e-05,4.3284902653346804e-05,4.3284902653346804e-05
73.099999999999994,0.17453289999999999,0.17574992707024636,-0.0012170270702463737,-7.0366945487548494e-05,4.957794852949917e-05,4.957794852949917e-05
73.200000000000003,0.17453289999999999,0.17574289502254181,-0.001209995022541821,-7.0320468749225542e-05,5.5773414944238755e-05,5.5773414944238755e-05
73.299999999999997,0.17453289999999999,0.17573586813065512,-0.0012029681306551243,-7.0268909660263116e-05,6.1872243229611724e-05,6.1872243229611724e-05
73.399999999999991,0.17453289999999999,0.17572884689484752,-0.0011959468948475327,-7.0212347972846865e-05,6.7875368663710897e-05,6.7875368663710897e-05
73.5,0.17453289999999999,0.17572183180748244,-0.0011889318074824462,-7.0150862664800038e-05,7.3783720483954407e-05,7.3783720483954407e-05
73.599999999999994,0.17453289999999999,0.17571482335310237,-0.0011819233531023821,-7.0084531944607247e-05,7.9598221900548452e-05,7.9598221900548452e-05
73.700000000000003,0.17453289999999999,0.17570782200850549,-0.0011749220085054968,-7.0013433256426824e-05,8.5319790110185978e-05,8.5319790110185978e-05
73.799999999999997,0.17453289999999999,0.17570082824282135,-0.0011679282428213589,-6.9937643285083613e-05,9.0949336310146072e-05,9.0949336310146072e-05
73.899999999999991,0.17453289999999999,0.17569384251758663,-0.0011609425175866384,-6.9857237961065368e-05,9.6487765712538216e-05,9.6487765712538216e-05
74,0.17453289999999999,0.17568686528681968,-0.0011539652868196859,-6.9772292465492453e-05,0.00010193597755917818,0.00010193597755917818
74.099999999999994,0.17453289999999999,0.17567989699709533,-0.0011469969970953342,-6.9682881235080745e-05,0.00010729486513611918,0.00010729486513611918
74.200000000000003,0.17453289999999999,0.17567293808761852,-0.0011400380876185334,-6.9589077967097501e-05,0.00011256531578922161,0.00011256531578922161
74.299999999999997,0.17453289999999999,0.17566598899029809,-0.0011330889902980978,-6.9490955624290854e-05,0.00011774821093913745,0.00011774821093913745
74.399999999999991,0.17453289999999999,0.17565905012981939,-0.0011261501298193977,-6.9388586439821028e-05,0.00012284442609738089,0.00012284442609738089
74.5,0.17453289999999999,0.17565212192371699,-0.0011192219237169954,-6.9282041922167037e-05,0.00012785483088201136,0.00012785483088201136
74.599999999999994,0.17453289999999999,0.17564520478244655,-0.0011123047824465604,-6.9171392860027732e-05,0.0001327802890339388,0.0001327802890339388
74.700000000000003,0.17453289999999999,0.17563829910945636,-0.0011053991094563675,-6.905670932720152e-05,0.00013762165843325984,0.00013762165843325984
74.799999999999997,0.17453289999999999,0.17563140530125826,-0.001098505301258268,-6.8938060687460424e-05,0.00014237979111601969,0.00014237979111601969
74.899999999999991,0.17453289999999999,0.17562452374749835,-0.0010916237474983548,-6.8815515599404816e-05,0.00014705553329093192,0.00014705553329093192
75,0.17453289999999999,0.17561765483102676,-0.0010847548310267685,-6.8689142021303564e-05,0.00015164972535669573,0.00015164972535669573
75.099999999999994,0.17453289999999999,0.17561079892796738,-0.0010778989279673912,-6.8559007215923977e-05,0.0001561632019192404,0.0001561632019192404
75.200000000000003,0.17453289999999999,0.17560395640778687,-0.0010710564077868745,-6.842517775534363e-05,0.00016059679180931087,0.00016059679180931087
75.299999999999997,0.17453289999999999,0.1755971276333633,-0.0010642276333633072,-6.8287719525745699e-05,0.00016495131810011546,0.00016495131810011546
75.399999999999991,0.17453289999999999,0.17559031296105415,-0.0010574129610541605,-6.8146697732205137e-05,0.00016922759812553205,0.00016922759812553205
75.5,0.17453289999999999,0.17558351274076409,-0.0010506127407640953,-6.8002176903455593e-05,0.00017342644349810539,0.00017342644349810539
75.599999999999994,0.17453289999999999,0.17557672731601207,-0.0010438273160120748,-6.7854220896640597e-05,0.00017754866012745598,0.00017754866012745598
75.700000000000003,0.17453289999999999,0.17556995702399794,-0.0010370570239979504,-6.770289290205058e-05,0.00018159504823896003,0.00018159504823896003
75.799999999999997,0.17453289999999999,0.17556320219566873,-0.0010303021956687419,-6.7548255447844692e-05,0.00018556640239246252,0.00018556640239246252
75.899999999999991,0.17453289999999999,0.17555646315578441,-0.0010235631557844183,-6.739037040475738e-05,0.00018946351150121461,0.00018946351150121461
76,0.17453289999999999,0.17554974022298314,-0.0010168402229831508,-6.7229298990786749e-05,0.00019328715885101079,0.00019328715885101079
76.099999999999994,0.17453289999999999,0.17554303370984606,-0.0010101337098460672,-6.7065101775867298e-05,0.00019703812211954415,0.00019703812211954415
76.200000000000003,0.17453289999999999,0.17553634392296166,-0.0010034439229616721,-6.6897838686528517e-05,0.0002007171733958413,0.0002007171733958413
76.299999999999997,0.17453289999999999,0.1755296711629897,-0.00099677116298971247,-6.6727569010533718e-05,0.00020432507919989447,0.00020432507919989447
76.399999999999991,0.17453289999999999,0.17552301572472442,-0.00099011572472443299,-6.655435140150719e-05,0.00020786260050269646,0.00020786260050269646
76.5,0.17453289999999999,0.17551637789715774,-0.00098347789715774736,-6.6378243883539781e-05,0.00021133049274596862,0.00021133049274596862
76.599999999999994,0.17453289999999999,0.17550975796354168,-0.00097685796354168852,-6.6199303855779887e-05,0.0002147295058623495,0.0002147295058623495
76.700000000000003,0.17453289999999999,0.17550315620145032,-0.00097025620145033131,-6.6017588097007766e-05,0.00021806038429580846,0.00021806038429580846
76.799999999999997,0.17453289999999999,0.17549657288284143,-0.00096367288284143759,-6.5833152770193378e-05,0.00022132386702204319,0.00022132386702204319
76.900000000000006,0.17453289999999999,0.17549000827411765,-0.00095710827411765731,-6.5646053427033117e-05,0.00022452068756893882,0.00022452068756893882
77,0.17453289999999999,0.17548346263618703,-0.00095056263618703563,-6.5456345012476275e-05,0.00022765157403753728,0.00022765157403753728
77.099999999999994,0.17453289999999999,0.17547693622452343,-0.00094403622452343683,-6.5264081869227439e-05,0.00023071724912265704,0.00023071724912265704
77.200000000000003,0.17453289999999999,0.17547042928922618,-0.00093752928922619105,-6.5069317742234186e-05,0.00023371843013402427,0.00023371843013402427
77.299999999999997,0.17453289999999999,0.1754639420750794,-0.00093104207507940795,-6.4872105783158571e-05,0.00023665582901744638,0.00023665582901744638
77.400000000000006,0.17453289999999999,0.17545747482161095,-0.00092457482161095728,-6.4672498554827162e-05,0.0002395301523759317,0.0002395301523759317
77.5,0.17453289999999999,0.17545102776315083,-0.00091812776315083888,-6.4470548035668222e-05,0.00024234210149118914,0.00024234210149118914
77.599999999999994,0.17453289999999999,0.17544460112888915,-0.0009117011288891641,-6.4266305624126278e-05,0.00024509237234510888,0.00024509237234510888
77.700000000000003,0.17453289999999999,0.17543819514293382,-0.00090529514293383184,-6.4059822143060774e-05,0.00024778165564126207,0.00024778165564126207
77.799999999999997,0.17453289999999999,0.17543181002436742,-0.00089891002436742751,-6.3851147844127263e-05,0.00025041063682686333,0.00025041063682686333
77.900000000000006,0.17453289999999999,0.1754254459873042,-0.0008925459873042052,-6.3640332412138336e-05,0.00025297999611428477,0.00025297999611428477
78,0.17453289999999999,0.17541910324094609,-0.00088620324094609848,-6.3427424969409856e-05,0.00025549040850327887,0.00025549040850327887
78.099999999999994,0.17453289999999999,0.17541278198963864,-0.00087988198963864783,-6.3212474080083652e-05,0.00025794254380285793,0.00025794254380285793
78.200000000000003,0.17453289999999999,0.17540648243292628,-0.00087358243292628979,-6.2995527754435858e-05,0.00026033706665355575,0.00026033706665355575
78.299999999999997,0.17453289999999999,0.17540020476560747,-0.00086730476560747949,-6.2776633453167494e-05,0.00026267463654953537,0.00026267463654953537
78.400000000000006,0.17453289999999999,0.175393949177789,-0.00086104917778900836,-6.2555838091671082e-05,0.00026495590786107114,0.00026495590786107114
78.5,0.17453289999999999,0.17538771585494026,-0.00085481585494026624,-6.2333188044282932e-05,0.00026718152985682662,0.00026718152985682662
78.599999999999994,0.17453289999999999,0.17538150497794694,-0.00084860497794694845,-6.2108729148517845e-05,0.00026935214672637285,0.00026935214672637285
78.700000000000003,0.17453289999999999,0.17537531672316423,-0.00084241672316423544,-6.188250670927949e-05,0.00027146839760279528,0.00027146839760279528
78.799999999999997,0.17453289999999999,0.17536915126246957,-0.00083625126246958392,-6.165456550305827e-05,0.00027353091658546499,0.00027353091658546499
78.900000000000006,0.17453289999999999,0.17536300876331523,-0.00083010876331524042,-6.142494978210469e-05,0.00027554033276264395,0.00027554033276264395
79,0.17453289999999999,0.17535688938878027,-0.00082398938878028294,-6.1193703278588315e-05,0.00027749727023430675,0.00027749727023430675
79.099999999999994,0.17453289999999999,0.1753507932976221,-0.00081789329762210761,-6.0960869208733824e-05,0.00027940234813510125,0.00027940234813510125
79.200000000000003,0.17453289999999999,0.17534472064432763,-0.00081182064432763767,-6.0726490276940852e-05,0.00028125618065729763,0.00028125618065729763
79.299999999999997,0.17453289999999999,0.17533867157916413,-0.00080577157916414399,-6.049060867988213e-05,0.00028305937707373443,0.00028305937707373443
79.400000000000006,0.17453289999999999,0.17533264624822958,-0.00079974624822959361,-6.0253266110586163e-05,0.00028481254176095723,0.00028481254176095723
79.5,0.17453289999999999,0.1753266447935026,-0.00079374479350260985,-6.0014503762495862e-05,0.00028651627422231576,0.00028651627422231576
79.599999999999994,0.17453289999999999,0.17532066735289206,-0.00078776735289207145,-5.9774362333511123e-05,0.00028817116911112879,0.00028817116911112879
79.700000000000003,0.17453289999999999,0.17531471406028609,-0.00078181406028610123,-5.9532882030010457e-05,0.00028977781625408707,0.00028977781625408707
79.799999999999997,0.17453289999999999,0.17530878504560093,-0.00077588504560094362,-5.9290102570855018e-05,0.00029133680067444678,0.00029133680067444678
79.900000000000006,0.17453289999999999,0.17530288043482936,-0.0007699804348293704,-5.9046063191371349e-05,0.00029284870261531387,0.00029284870261531387
80,0.17453289999999999,0.17529700035008849,-0.00076410035008850352,-5.8800802647314416e-05,0.00029431409756315607,0.00029431409756315607
80.099999999999994,0.17453289999999999,0.17529114490966752,-0.000758244909667527,-5.8554359218813612e-05,0.00029573355627111799,0.00029573355627111799
80.200000000000003,0.17453289999999999,0.1752853142280747,-0.00075241422807470482,-5.8306770714296183e-05,0.00029710764478262639,0.00029710764478262639
80.299999999999997,0.17453289999999999,0.17527950841608417,-0.00074660841608417683,-5.8058074474393455e-05,0.00029843692445490544,0.00029843692445490544
80.400000000000006,0.17453289999999999,0.17527372758078252,-0.00074082758078253264,-5.7808307375825814e-05,0.00029972195198233213,0.00029972195198233213
80.5,0.17453289999999999,0.17526797182561463,-0.00073507182561463602,-5.7557505835268506e-05,0.00030096327942019706,0.00030096327942019706
80.599999999999994,0.17453289999999999,0.17526224125042925,-0.00072934125042925513,-5.7305705813198389e-05,0.00030216145420831593,0.00030216145420831593
80.700000000000003,0.17453289999999999,0.17525653595152435,-0.00072363595152435956,-5.7052942817720571e-05,0.00030331701919461074,0.00030331701919461074
80.799999999999997,0.17453289999999999,0.17525085602169199,-0.00071795602169200112,-5.6799251908374561e-05,0.00030443051265874104,0.00030443051265874104
80.900000000000006,0.17453289999999999,0.17524520155026271,-0.00071230155026272279,-5.6544667699921292e-05,0.00030550246833586057,0.00030550246833586057
81,0.17453289999999999,0.17523957262314965,-0.00070667262314966228,-5.6289224366111975e-05,0.00030653341544035323,0.00030653341544035323
81.099999999999994,0.17453289999999999,0.17523396932289231,-0.0007010693228923226,-5.6032955643433658e-05,0.00030752387868948324,0.00030752387868948324
81.200000000000003,0.17453289999999999,0.17522839172869986,-0.00069549172869987075,-5.5775894834838023e-05,0.00030847437832721373,0.00030847437832721373
81.299999999999997,0.17453289999999999,0.17522283991649418,-0.00068993991649418662,-5.5518074813449746e-05,0.00030938543014790874,0.00030938543014790874
81.400000000000006,0.17453289999999999,0.17521731395895243,-0.00068441395895244006,-5.5259528026253439e-05,0.00031025754552012189,0.00031025754552012189
81.5,0.17453289999999999,0.17521181392554938,-0.00067891392554939034,-5.500028649776349e-05,0.00031109123141035257,0.00031109123141035257
81.599999999999994,0.17453289999999999,0.17520633988259907,-0.00067343988259907506,-5.4740381833671318e-05,0.00031188699040700873,0.00031188699040700873
81.700000000000003,0.17453289999999999,0.17520089189329666,-0.00066799189329666553,-5.4479845224474257e-05,0.0003126453207438712,0.0003126453207438712
81.799999999999997,0.17453289999999999,0.17519547001775929,-0.00066257001775929525,-5.4218707449085046e-05,0.00031336671632423564,0.00031336671632423564
81.900000000000006,0.17453289999999999,0.17519007431306705,-0.00065717431306705487,-5.3956998878420281e-05,0.00031405166674451017,0.00031405166674451017
82,0.17453289999999999,0.17518470483330337,-0.00065180483330337657,-5.369474947897002e-05,0.00031470065731808376,0.00031470065731808376
82.099999999999994,0.17453289999999999,0.17517936162959508,-0.00064646162959508535,-5.3431988816346814e-05,0.00031531416909915734,0.00031531416909915734
82.200000000000003,0.17453289999999999,0.17517404475015222,-0.00064114475015222827,-5.316874605881478e-05,0.00031589267890643781,0.00031589267890643781
82.299999999999997,0.17453289999999999,0.17516875424030734,-0.00063585424030734861,-5.2905049980800466e-05,0.00031643665934705982,0.00031643665934705982
82.400000000000006,0.17453289999999999,0.17516349014255464,-0.00063059014255464896,-5.2640928966381444e-05,0.00031694657884021699,0.00031694657884021699
82.5,0.17453289999999999,0.17515825249658853,-0.00062535249658854375,-5.237641101275744e-05,0.00031742290164109017,0.00031742290164109017
82.599999999999994,0.17453289999999999,0.17515304133934204,-0.00062014133934204518,-5.2111523733699865e-05,0.00031786608786455242,0.00031786608786455242
82.700000000000003,0.17453289999999999,0.17514785670502486,-0.00061495670502487165,-5.1846294362982745e-05,0.00031827659350881776,0.00031827659350881776
82.799999999999997,0.17453289999999999,0.17514269862516091,-0.00060979862516091776,-5.158074975779289e-05,0.00031865487047935421,0.00031865487047935421
82.900000000000006,0.17453289999999999,0.17513756712862572,-0.00060466712862572436,-5.1314916402121298e-05,0.000319001366612459,0.000319001366612459
83,0.17453289999999999,0.17513246224168344,-0.00059956224168344896,-5.1048820410134206e-05,0.00031931652569896672,0.00031931652569896672
83.099999999999994,0.17453289999999999,0.17512738398802338,-0.00059448398802339208,-5.0782487529524349e-05,0.00031960078750804615,0.00031960078750804615
83.200000000000003,0.17453289999999999,0.17512233238879643,-0.00058943238879644033,-5.0515943144842993e-05,0.00031985458781073352,0.00031985458781073352
83.299999999999997,0.17453289999999999,0.175117307462651,-0.00058440746265100985,-5.0249212280811791e-05,0.00032007835840360238,0.00032007835840360238
83.400000000000006,0.17453289999999999,0.17511230922576856,-0.00057940922576857345,-4.9982319605614825e-05,0.00032027252713249339,0.00032027252713249339
83.5,0.17453289999999999,0.17510733769189929,-0.00057443769189929883,-4.971528943417216e-05,0.0003204375179158,0.0003204375179158
83.599999999999994,0.17453289999999999,0.17510239287239673,-0.00056949287239674296,-4.9448145731392067e-05,0.00032057375076831427,0.00032057375076831427
83.700000000000003,0.17453289999999999,0.17509747477625265,-0.00056457477625265762,-4.9180912115404825e-05,0.00032068164182462921,0.00032068164182462921
83.799999999999997,0.17453289999999999,0.17509258341013131,-0.00055968341013132306,-4.8913611860776696e-05,0.0003207616033626575,0.0003207616033626575
83.900000000000006,0.17453289999999999,0.17508771877840359,-0.00055481877840360405,-4.8646267901704301e-05,0.00032081404382707337,0.00032081404382707337
84,0.17453289999999999,0.17508288088318069,-0.00054998088318070071,-4.8378902835189594e-05,0.000320839367852712,0.000320839367852712
84.099999999999994,0.17453289999999999,0.17507806972434742,-0.00054516972434742739,-4.81115389241943e-05,0.00032083797628807006,0.00032083797628807006
84.200000000000003,0.17453289999999999,0.17507328529959543,-0.00054038529959543613,-4.7844198100776944e-05,0.00032081026621854887,0.00032081026621854887
84.299999999999997,0.17453289999999999,0.17506852760445596,-0.00053562760445596824,-4.7576901969208889e-05,0.00032075663098979172,0.00032075663098979172
84.400000000000006,0.17453289999999999,0.17506379663233226,-0.0005308966323322728,-4.7309671809070936e-05,0.00032067746023100403,0.00032067746023100403
84.5,0.17453289999999999,0.17505909237453182,-0.00052619237453183088,-4.7042528578331422e-05,0.00032057313987813468,0.00032057313987813468
84.599999999999994,0.17453289999999999,0.1750544148202981,-0.00052151482029810792,-4.6775492916404455e-05,0.00032044405219717228,0.00032044405219717228
84.700000000000003,0.17453289999999999,0.17504976395684216,-0.00051686395684216735,-4.6508585147189182e-05,0.00032029057580723792,0.00032029057580723792
84.799999999999997,0.17453289999999999,0.17504513976937405,-0.00051223976937406213,-4.6241825282089331e-05,0.00032011308570354584,0.00032011308570354584
84.900000000000006,0.17453289999999999,0.1750405422411335,-0.00050764224113350465,-4.5975233023013658e-05,0.00031991195328074122,0.00031991195328074122
85,0.17453289999999999,0.17503597135342069,-0.00050307135342070319,-4.5708827765358038e-05,0.0003196875463557415,0.0003196875463557415
85.099999999999994,0.17453289999999999,0.17503142708562672,-0.00049852708562672654,-4.5442628600966807e-05,0.00031944022919067603,0.00031944022919067603
85.200000000000003,0.17453289999999999,0.17502690941526344,-0.00049400941526345221,-4.5176654321076422e-05,0.00031917036251592344,0.00031917036251592344
85.299999999999997,0.17453289999999999,0.17502241831799339,-0.00048951831799340373,-4.491092341923996e-05,0.00031887830355291553,0.00031887830355291553
85.400000000000006,0.17453289999999999,0.1750179537676593,-0.0004850537676593103,-4.4645454094231276e-05,0.00031856440603685271,0.00031856440603685271
85.5,0.17453289999999999,0.17501351573631307,-0.00048061573631308363,-4.4380264252931947e-05,0.00031822902023969138,0.00031822902023969138
85.599999999999994,0.17453289999999999,0.17500910419424487,-0.00047620419424487803,-4.4115371513197966e-05,0.00031787249299268538,0.00031787249299268538
85.700000000000003,0.17453289999999999,0.17500471911001175,-0.00047181911001176191,-4.3850793206708631e-05,0.0003174951677089935,0.0003174951677089935
85.799999999999997,0.17453289999999999,0.17500036045046585,-0.00046746045046586193,-4.3586546381795567e-05,0.00031709738440645829,0.00031709738440645829
85.900000000000006,0.17453289999999999,0.17499602818078255,-0.00046312818078256268,-4.3322647806253508e-05,0.00031667947973000046,0.00031667947973000046
86,0.17453289999999999,0.1749917222644882,-0.00045882226448820673,-4.3059113970132467e-05,0.00031624178697417765,0.00031624178697417765
86.099999999999994,0.17453289999999999,0.17498744266348767,-0.00045454266348768368,-4.2795961088510838e-05,0.00031578463610551142,0.00031578463610551142
86.200000000000003,0.17453289999999999,0.17498318933809151,-0.00045028933809151961,-4.253320510425056e-05,0.00031530835378499049,0.00031530835378499049
86.299999999999997,0.17453289999999999,0.17497896224704299,-0.00044606224704299424,-4.2270861690732277e-05,0.00031481326339018677,0.00031481326339018677
86.400000000000006,0.17453289999999999,0.17497476134754464,-0.00044186134754464756,-4.2008946254574007e-05,0.00031429968503768454,0.00031429968503768454
86.5,0.17453289999999999,0.17497058659528472,-0.00043768659528473086,-4.1747473938329092e-05,0.00031376793560519277,0.00031376793560519277
86.599999999999994,0.17453289999999999,0.17496643794446345,-0.0004335379444634635,-4.1486459623167904e-05,0.00031321832875355875,0.00031321832875355875
86.700000000000003,0.17453289999999999,0.17496231534781875,-0.00042941534781876234,-4.1225917931539277e-05,0.0003126511749489446,0.0003126511749489446
86.799999999999997,0.17453289999999999,0.17495821875665191,-0.00042531875665191565,-4.0965863229814769e-05,0.00031206678148475023,0.00031206678148475023
86.900000000000006,0.17453289999999999,0.17495414812085289,-0.0004212481208528962,-4.0706309630914698e-05,0.00031146545250356839,0.00031146545250356839
87,0.17453289999999999,0.17495010338892544,-0.00041720338892545228,-4.0447270996914952e-05,0.00031084748901901685,0.00031084748901901685
87.099999999999994,0.17453289999999999,0.174946084508012,-0.00041318450801200446,-4.0188760941636608e-05,0.00031021318893745449,0.00031021318893745449
87.200000000000003,0.17453289999999999,0.17494209142391812,-0.00040919142391812602,-3.9930792833217466e-05,0.00030956284707978835,0.00030956284707978835
87.299999999999997,0.17453289999999999,0.17493812408113688,-0.00040522408113688457,-3.967337979666469e-05,0.00030889675520307989,0.00030889675520307989
87.400000000000006,0.17453289999999999,0.17493418242287287,-0.00040128242287287841,-3.9416534716390533e-05,0.00030821520202215121,0.00030821520202215121
87.5,0.17453289999999999,0.17493026639106612,-0.00039736639106613403,-3.916027023872947e-05,0.00030751847323099639,0.00030751847323099639
87.599999999999994,0.17453289999999999,0.17492637592641549,-0.00039347592641550411,-3.8904598774437048e-05,0.0003068068515243627,0.0003068068515243627
87.700000000000003,0.17453289999999999,0.17492251096840214,-0.00038961096840214871,-3.8649532501172946e-05,0.00030608061661896435,0.00030608061661896435
87.799999999999997,0.17453289999999999,0.17491867145531248,-0.00038577145531248913,-3.8395083365963154e-05,0.00030534004527484765,0.00030534004527484765
87.900000000000006,0.17453289999999999,0.17491485732426107,-0.00038195732426107853,-3.8141263087647045e-05,0.00030458541131656827,0.00030458541131656827
88,0.17453289999999999,0.1749110685112131,-0.00037816851121311168,-3.7888083159306779e-05,0.00030381698565441035,0.00030381698565441035
88.099999999999994,0.17453289999999999,0.17490730495100684,-0.00037440495100685145,-3.7635554850676399e-05,0.00030303503630532377,0.00030303503630532377
88.200000000000003,0.17453289999999999,0.17490356657737563,-0.00037066657737563902,-3.7383689210537475e-05,0.00030223982841403555,0.00030223982841403555
88.299999999999997,0.17453289999999999,0.17489985332296984,-0.00036695332296984851,-3.713249706909372e-05,0.00030143162427383847,0.00030143162427383847
88.400000000000006,0.17453289999999999,0.17489616511937839,-0.00036326511937839756,-3.6881989040330227e-05,0.0003006106833475465,0.0003006106833475465
88.5,0.17453289999999999,0.17489250189715025,-0.00035960189715025792,-3.6632175524355519e-05,0.00029977726228814139,0.00029977726228814139
88.599999999999994,0.17453289999999999,0.17488886358581543,-0.00035596358581543863,-3.6383066709724916e-05,0.00029893161495960982,0.00029893161495960982
88.700000000000003,0.17453289999999999,0.17488525011390604,-0.00035235011390605253,-3.6134672575747913e-05,0.00029807399245740992,0.00029807399245740992
88.799999999999997,0.17453289999999999,0.17488166140897701,-0.0003487614089770219,-3.588700289477834e-05,0.00029720464312898824,0.00029720464312898824
88.900000000000006,0.17453289999999999,0.17487809739762647,-0.00034519739762647883,-3.5640067234487466e-05,0.00029632381259429559,0.00029632381259429559
89,0.17453289999999999,0.17487455800551599,-0.00034165800551599901,-3.5393874960119078e-05,0.00029543174376614446,0.00029543174376614446
89.099999999999994,0.17453289999999999,0.17487104315739066,-0.00033814315739066902,-3.514843523672935e-05,0.00029452867687045927,0.00029452867687045927
89.200000000000003,0.17453289999999999,0.17486755277709887,-0.00033465277709887609,-3.4903757031409119e-05,0.00029361484946648802,0.00029361484946648802
89.299999999999997,0.17453289999999999,0.17486408678761181,-0.00033118678761182019,-3.4659849115488542e-05,0.00029269049646697362,0.00029269049646697362
89.400000000000006,0.17453289999999999,0.17486064511104299,-0.00032774511104299853,-3.4416720066726416e-05,0.00029175585015807695,0.00029175585015807695
89.5,0.17453289999999999,0.17485722766866718,-0.00032432766866719032,-3.417437827148279e-05,0.00029081114021949994,0.00029081114021949994
89.599999999999994,0.17453289999999999,0.17485383438093952,-0.00032093438093952487,-3.3932831926873175e-05,0.00028985659374419228,0.00028985659374419228
89.700000000000003,0.17453289999999999,0.1748504651675141,-0.00031756516751410557,-3.3692089042908519e-05,0.00028889243525824775,0.00028889243525824775
89.799999999999997,0.17453289999999999,0.17484711994726246,-0.00031421994726246738,-3.3452157444617976e-05,0.00028791888674065623,0.00028791888674065623
89.900000000000006,0.17453289999999999,0.174843798638292,-0.00031089863829200648,-3.3213044774154865e-05,0.00028693616764278106,0.00028693616764278106
90,0.17453289999999999,0.17484050115796393,-0.00030760115796393817,-3.297475849288673e-05,0.00028594449490802298,0.00028594449490802298
90.099999999999994,0.17453289999999999,0.17483722742291125,-0.0003043274229112547,-3.2737305883469096e-05,0.00028494408299118898,0.00028494408299118898
90.200000000000003,0.17453289999999999,0.17483397734905631,-0.00030107734905632233,-3.2500694051902603e-05,0.00028393514387792457,0.00028393514387792457
90.299999999999997,0.17453289999999999,0.1748307508516283,-0.00029785085162831182,-3.2264929929576196e-05,0.00028291788710405974,0.00028291788710405974
90.400000000000006,0.17453289999999999,0.17482754784518059,-0.00029464784518060116,-3.2030020275290097e-05,0.00028189251977462054,0.00028189251977462054
90.5,0.17453289999999999,0.17482436824360764,-0.000291468243607651,-3.1795971677268523e-05,0.00028085924658318242,0.00028085924658318242
90.599999999999994,0.17453289999999999,0.17482121196016204,-0.00028831196016204652,-3.156279055515083e-05,0.00027981826983066837,0.00027981826983066837
90.700000000000003,0.17453289999999999,0.174818078907471,-0.00028517890747101204,-3.1330483161970556e-05,0.00027876978944445794,0.00027876978944445794
90.799999999999997,0.17453289999999999,0.17481496899755292,-0.00028206899755292558,-3.1099055586118168e-05,0.00027771400299720142,0.00027771400299720142
90.900000000000006,0.17453289999999999,0.17481188214183363,-0.00027898214183363912,-3.0868513753287162e-05,0.00027665110572552983,0.00027665110572552983
91,0.17453289999999999,0.17480881825116243,-0.00027591825116243807,-3.0638863428404892e-05,0.00027558129054884996,0.00027558129054884996
91.099999999999994,0.17453289999999999,0.17480577723582802,-0.00027287723582802847,-3.0410110217548472e-05,0.00027450474808784402,0.00027450474808784402
91.200000000000003,0.17453289999999999,0.17480275900557421,-0.00026985900557421894,-3.0182259569845354e-05,0.00027342166668299747,0.00027342166668299747
91.299999999999997,0.17453289999999999,0.1747997634696154,-0.00026686346961540819,-2.9955316779357137e-05,0.00027233223241302027,0.00027233223241302027
91.400000000000006,0.17453289999999999,0.1747967905366519,-0.0002638905366519062,-2.9729286986949893e-05,0.00027123662911319188,0.00027123662911319188
91.5,0.17453289999999999,0.17479384011488502,-0.00026094011488503321,-2.9504175182148167e-05,0.00027013503839363377,0.00027013503839363377
91.599999999999994,0.17453289999999999,0.17479091211203215,-0.00025801211203216323,-2.927998620497438e-05,0.00026902763965737559,0.00026902763965737559
91.700000000000003,0.17453289999999999,0.17478800643534134,-0.00025510643534135125,-2.9056724747772566e-05,0.00026791461011855492,0.00026791461011855492
91.799999999999997,0.17453289999999999,0.17478512299160606,-0.00025222299160607142,-2.8834395357017864e-05,0.00026679612482025019,0.00026679612482025019
91.900000000000006,0.17453289999999999,0.17478226168717956,-0.00024936168717956675,-2.8613002435110699e-05,0.0002656723566524258,0.0002656723566524258
92,0.17453289999999999,0.17477942242798897,-0.00024652242798897661,-2.8392550242156331e-05,0.00026454347636983735,0.00026454347636983735
92.099999999999994,0.17453289999999999,0.17477660511954954,-0.00024370511954954766,-2.8173042897729002e-05,0.00026340965260957438,0.00026340965260957438
92.200000000000003,0.17453289999999999,0.17477380966697845,-0.00024090966697845606,-2.7954484382622419e-05,0.00026227105190874749,0.00026227105190874749
92.299999999999997,0.17453289999999999,0.17477103597500845,-0.00023813597500846329,-2.7736878540584828e-05,0.00026112783872206358,0.00026112783872206358
92.400000000000006,0.17453289999999999,0.17476828394800148,-0.00023538394800148854,-2.7520229080040582e-05,0.00025998017543924195,0.00025998017543924195
92.5,0.17453289999999999,0.17476555348996201,-0.00023265348996201474,-2.7304539575795284e-05,0.00025882822240230036,0.00025882822240230036
92.599999999999994,0.17453289999999999,0.17476284450455018,-0.00022994450455018911,-2.7089813470728323e-05,0.00025767213792292072,0.00025767213792292072
92.700000000000003,0.17453289999999999,0.17476015689509489,-0.00022725689509489611,-2.6876054077470703e-05,0.00025651207829957654,0.00025651207829957654
92.799999999999997,0.17453289999999999,0.17475749056460663,-0.00022459056460663596,-2.6663264580068736e-05,0.00025534819783460132,0.00025534819783460132
92.900000000000006,0.17453289999999999,0.17475484541579014,-0.00022194541579015348,-2.6451448035632423e-05,0.00025418064885123013,0.00025418064885123013
93,0.17453289999999999,0.17475222135105703,-0.00021932135105703909,-2.6240607375971376e-05,0.00025300958171044566,0.00025300958171044566
93.099999999999994,0.17453289999999999,0.17474961827253807,-0.00021671827253808007,-2.6030745409215729e-05,0.00025183514482780307,0.00025183514482780307
93.200000000000003,0.17453289999999999,0.17474703608209544,-0.00021413608209544521,-2.5821864821423678e-05,0.000250657484690181,0.000250657484690181
93.299999999999997,0.17453289999999999,0.17474447468133472,-0.00021157468133473079,-2.5613968178174053e-05,0.00024947674587240214,0.00024947674587240214
93.400000000000006,0.17453289999999999,0.17474193397161686,-0.00020903397161686765,-2.5407057926146822e-05,0.00024829307105377513,0.00024829307105377513
93.5,0.17453289999999999,0.17473941385406988,-0.00020651385406988965,-2.5201136394688632e-05,0.00024710660103450572,0.00024710660103450572
93.599999999999994,0.17453289999999999,0.17473691422960039,-0.00020401422960039661,-2.4996205797365158e-05,0.00024591747475217622,0.00024591747475217622
93.700000000000003,0.17453289999999999,0.17473443499890509,-0.00020153499890510074,-2.4792268233499203e-05,0.00024472582929788492,0.00024472582929788492
93.799999999999997,0.17453289999999999,0.17473197606248206,-0.00019907606248206755,-2.458932568969692e-05,0.00024353179993247698,0.00024353179993247698
93.900000000000006,0.17453289999999999,0.17472953732064173,-0.00019663732064173489,-2.4387380041358642e-05,0.00024233552010272065,0.00024233552010272065
94,0.17453289999999999,0.17472711867351809,-0.00019421867351809841,-2.4186433054177728e-05,0.00024113712145710072,0.00024113712145710072
94.099999999999994,0.17453289999999999,0.1747247200210793,-0.00019182002107931417,-2.3986486385625966e-05,0.0002399367338619532,0.0002399367338619532
94.200000000000003,0.17453289999999999,0.17472234126313849,-0.00018944126313849563,-2.3787541586425586e-05,0.0002387344854171649,0.0002387344854171649
94.299999999999997,0.17453289999999999,0.1747199822993642,-0.00018708229936420517,-2.3589600102007428e-05,0.00023753050247192855,0.00023753050247192855
94.400000000000006,0.17453289999999999,0.17471764302929083,-0.00018474302929083475,-2.339266327395779e-05,0.00023632490964040548,0.00023632490964040548
94.5,0.17453289999999999,0.17471532335232887,-0.00018242335232887541,-2.3196732341450899e-05,0.00023511782981724077,0.00023511782981724077
94.599999999999994,0.17453289999999999,0.17471302316777496,-0.00018012316777496484,-2.3001808442668836e-05,0.00023390938419307419,0.00023390938419307419
94.700000000000003,0.17453289999999999,0.17471074237482187,-0.00017784237482187937,-2.2807892616208745e-05,0.00023269969226987803,0.00023269969226987803
94.799999999999997,0.17453289999999999,0.17470848087256841,-0.00017558087256841493,-2.2614985802477718e-05,0.00023148887187618401,0.00023148887187618401
94.900000000000006,0.17453289999999999,0.17470623856002895,-0.00017333856002896275,-2.2423088845073908e-05,0.00023027703918236761,0.00023027703918236761
95,0.17453289999999999,0.17470401533614308,-0.00017111533614308505,-2.2232202492156675e-05,0.00022906430871573512,0.00022906430871573512
95.099999999999994,0.17453289999999999,0.17470181109978497,-0.00016891109978497965,-2.2042327397802821e-05,0.00022785079337547115,0.00022785079337547115
95.200000000000003,0.17453289999999999,0.17469962574977263,-0.00016672574977263932,-2.1853464123350455e-05,0.0002266366044476689,0.0002266366044476689
95.299999999999997,0.17453289999999999,0.17469745918487711,-0.00016455918487712218,-2.1665613138731854e-05,0.00022542185162005118,0.00022542185162005118
95.400000000000006,0.17453289999999999,0.17469531130383148,-0.00016241130383148894,-2.1478774823792193e-05,0.00022420664299677053,0.00022420664299677053
95.5,0.17453289999999999,0.17469318200533965,-0.00016028200533965697,-2.1292949469597842e-05,0.00022299108511310419,0.00022299108511310419
95.599999999999994,0.17453289999999999,0.17469107118808519,-0.00015817118808519881,-2.110813727973054e-05,0.00022177528294995091,0.00022177528294995091
95.700000000000003,0.17453289999999999,0.17468897875073996,-0.00015607875073997413,-2.0924338371571822e-05,0.00022055933994831868,0.00022055933994831868
95.799999999999997,0.17453289999999999,0.17468690459197259,-0.0001540045919725952,-2.0741552777573786e-05,0.00021934335802373294,0.00021934335802373294
95.900000000000006,0.17453289999999999,0.17468484861045674,-0.00015194861045675356,-2.0559780446517956e-05,0.00021812743758056963,0.00021812743758056963
96,0.17453289999999999,0.17468281070487951,-0.00014991070487951896,-2.0379021244763262e-05,0.00021691167752621978,0.00021691167752621978
96.099999999999994,0.17453289999999999,0.17468079077394949,-0.00014789077394949945,-2.0199274957481856e-05,0.00021569617528517394,0.00021569617528517394
96.200000000000003,0.17453289999999999,0.17467878871640466,-0.00014588871640466849,-2.0020541289882476e-05,0.00021448102681321607,0.00021448102681321607
96.299999999999997,0.17453289999999999,0.17467680443102046,-0.00014390443102046957,-1.984281986842361e-05,0.00021326632661115543,0.00021326632661115543
96.400000000000006,0.17453289999999999,0.17467483781661733,-0.00014193781661733795,-1.9666110242013951e-05,0.00021205216773891315,0.00021205216773891315
96.5,0.17453289999999999,0.17467288877206857,-0.00013998877206858329,-1.9490411883201365e-05,0.00021083864182904128,0.00021083864182904128
96.599999999999994,0.17453289999999999,0.17467095719630768,-0.00013805719630768931,-1.9315724189351743e-05,0.00020962583910064206,0.00020962583910064206
96.700000000000003,0.17453289999999999,0.17466904298833577,-0.00013614298833578009,-1.9142046483814916e-05,0.00020841384837288839,0.00020841384837288839
96.799999999999997,0.17453289999999999,0.17466714604722902,-0.00013424604722903077,-1.8969378017079791e-05,0.00020720275707840547,0.00020720275707840547
96.900000000000006,0.17453289999999999,0.17466526627214563,-0.00013236627214563423,-1.8797717967919922e-05,0.00020599265127692437,0.00020599265127692437
97,0.17453289999999999,0.17466340356233304,-0.00013050356233304528,-1.8627065444524674e-05,0.00020478361566839885,0.00020478361566839885
97.099999999999994,0.17453289999999999,0.17466155781713477,-0.00012865781713478075,-1.8457419485622494e-05,0.00020357573360642414,0.00020357573360642414
97.200000000000003,0.17453289999999999,0.17465972893599732,-0.00012682893599733069,-1.8288779061591773e-05,0.00020236908711132124,0.00020236908711132124
97.299999999999997,0.17453289999999999,0.17465791681847689,-0.00012501681847690294,-1.812114307556083e-05,0.000201163756883192,0.000201163756883192
97.400000000000006,0.17453289999999999,0.17465612136424599,-0.00012322136424600116,-1.7954510364496979e-05,0.00019995982231494448,0.00019995982231494448
97.5,0.17453289999999999,0.17465434247309991,-0.00012144247309991973,-1.7788879700285849e-05,0.00019875736150522553,0.00019875736150522553
97.599999999999994,0.17453289999999999,0.17465258004496315,-0.00011968004496315521,-1.7624249790798688e-05,0.00019755645127122117,0.00019755645127122117
97.700000000000003,0.17453289999999999,0.17465083397989575,-0.00011793397989576238,-1.7460619280949748e-05,0.00019635716716133309,0.00019635716716133309
97.799999999999997,0.17453289999999999,0.17464910417809942,-0.00011620417809943273,-1.7297986753742837e-05,0.00019515958346793833,0.00019515958346793833
97.900000000000006,0.17453289999999999,0.17464739053992367,-0.00011449053992368396,-1.7136350731307932e-05,0.00019396377323985882,0.00019396377323985882
98,0.17453289999999999,0.17464569296587176,-0.0001127929658717719,-1.6975709675927232e-05,0.00019276980829491827,0.00019276980829491827
98.099999999999994,0.17453289999999999,0.17464401135660659,-0.00011111135660660243,-1.6816061991049666e-05,0.00019157775923229158,0.00019157775923229158
98.200000000000003,0.17453289999999999,0.17464234561295661,-0.0001094456129566157,-1.6657406022297238e-05,0.0001903876954447346,0.0001903876954447346
98.299999999999997,0.17453289999999999,0.17464069563592124,-0.00010779563592125396,-1.6499740058460147e-05,0.00018919968513102871,0.00018919968513102871
98.400000000000006,0.17453289999999999,0.1746390613266767,-0.00010616132667670697,-1.6343062332480316e-05,0.0001880137953079387,0.0001880137953079387
98.5,0.17453289999999999,0.17463744258658137,-0.00010454258658137983,-1.6187371022428373e-05,0.00018683009182233091,0.00018683009182233091
98.599999999999994,0.17453289999999999,0.17463583931718121,-0.00010293931718122207,-1.6032664252466855e-05,0.00018564863936318133,0.00018564863936318133
98.700000000000003,0.17453289999999999,0.17463425142021508,-0.00010135142021508448,-1.5878940093805986e-05,0.00018446950147342326,0.00018446950147342326
98.799999999999997,0.17453289999999999,0.17463267879761987,-9.9778797619881621e-05,-1.5726196565649017e-05,0.00018329274056180068,0.00018329274056180068
98.900000000000006,0.17453289999999999,0.17463112135153569,-9.8221351535698886e-05,-1.5574431636126655e-05,0.00018211841791458092,0.00018211841791458092
99,0.17453289999999999,0.17462957898431086,-9.6678984310871741e-05,-1.5423643223224508e-05,0.00018094659370716939,0.00018094659370716939
99.099999999999994,0.17453289999999999,0.17462805159850683,-9.515159850684296e-05,-1.5273829195696939e-05,0.00017977732701570195,0.00017977732701570195
99.200000000000003,0.17453289999999999,0.17462653909690296,-9.3639096902964347e-05,-1.5124987373975977e-05,0.00017861067582860326,0.00017861067582860326
99.299999999999997,0.17453289999999999,0.17462504138250132,-9.2141382501326197e-05,-1.4977115531065584e-05,0.0001774466970578543,0.0001774466970578543
99.400000000000006,0.17453289999999999,0.17462355835853138,-9.065835853139248e-05,-1.4830211393431684e-05,0.00017628544655037782,0.00017628544655037782
99.5,0.17453289999999999,0.17462208992845452,-8.9189928454525003e-05,-1.4684272641879071e-05,0.00017512697909929828,0.00017512697909929828
99.599999999999994,0.17453289999999999,0.17462063599596847,-8.7735995968479807e-05,-1.453929691241997e-05,0.00017397134845507966,0.00017397134845507966
99.700000000000003,0.17453289999999999,0.17461919646501173,-8.6296465011737045e-05,-1.439528179713483e-05,0.00017281860733668988,0.00017281860733668988
99.799999999999997,0.17453289999999999,0.17461777123976799,-8.4871239767997375e-05,-1.4252224845022148e-05,0.00017166880744240128,0.00017166880744240128
99.900000000000006,0.17453289999999999,0.1746163602246702,-8.3460224670206529e-05,-1.4110123562839289e-05,0.00017052199946090068,0.00017052199946090068
100,0.17453289999999999,0.17461496332440482,-8.2063324404829663e-05,-1.3968975415936052e-05,0.00016937823308201927,0.00016937823308201927
100.09999999999999,0.17453289999999999,0.17461358044391584,-8.0680443915848166e-05,-1.3828777829076988e-05,0.0001682375570075376,0.0001682375570075376
100.2,0.17453289999999999,0.17461221148840866,-7.9311488408673192e-05,-1.3689528187256521e-05,0.00016710001896194421,0.00016710001896194421
100.3,0.17453289999999999,0.17461085636335411,-7.7956363354114711e-05,-1.3551223836504138e-05,0.00016596566570295976,0.00016596566570295976
100.40000000000001,0.17453289999999999,0.17460951497449229,-7.661497449229504e-05,-1.3413862084681873e-05,0.00016483454303197866,0.00016483454303197866
100.5,0.17453289999999999,0.17460818722783619,-7.5287227836201565e-05,-1.3277440202271668e-05,0.00016370669580468845,0.00016370669580468845
100.59999999999999,0.17453289999999999,0.17460687302967545,-7.3973029675461488e-05,-1.3141955423155288e-05,0.0001625821679413337,0.0001625821679413337
100.7,0.17453289999999999,0.17460557228657991,-7.2672286579922307e-05,-1.3007404945385244e-05,0.00016146100243701208,0.00016146100243701208
100.8,0.17453289999999999,0.17460428490540308,-7.1384905403093502e-05,-1.2873785931947295e-05,0.00016034324137195781,0.00016034324137195781
100.90000000000001,0.17453289999999999,0.17460301079328563,-7.0110793285643735e-05,-1.274109551151438e-05,0.0001592289259216151,0.0001592289259216151
101,0.17453289999999999,0.17460174985765869,-6.8849857658703773e-05,-1.2609330779192003e-05,0.00015811809636675229,0.00015811809636675229
101.09999999999999,0.17453289999999999,0.17460050200624716,-6.7602006247169388e-05,-1.2478488797255494e-05,0.00015701079210342949,0.00015701079210342949
101.2,0.17453289999999999,0.17459926714707294,-6.6367147072948773e-05,-1.234856659587925e-05,0.00015590705165287772,0.00015590705165287772
101.3,0.17453289999999999,0.17459804518845809,-6.5145188458098913e-05,-1.2219561173857562e-05,0.0001548069126713372,0.0001548069126713372
101.40000000000001,0.17453289999999999,0.1745968360390277,-6.3936039027712166e-05,-1.2091469499316964e-05,0.00015371041195999318,0.00015371041195999318
101.5,0.17453289999999999,0.17459563960771324,-6.2739607713246937e-05,-1.1964288510421019e-05,0.00015261758547433142,0.00015261758547433142
101.59999999999999,0.17453289999999999,0.17459445580375521,-6.1555803755219962e-05,-1.1838015116066911e-05,0.00015152846833398444,0.00015152846833398444
101.7,0.17453289999999999,0.17459328453670608,-6.0384536706092895e-05,-1.1712646196574476e-05,0.00015044309483224768,0.00015044309483224768
101.8,0.17453289999999999,0.17459212571643304,-5.9225716433047859e-05,-1.1588178604366045e-05,0.00014936149844554095,0.00014936149844554095
101.90000000000001,0.17453289999999999,0.17459097925312081,-5.8079253120818519e-05,-1.1464609164639981e-05,0.00014828371184270113,0.00014828371184270113
102,0.17453289999999999,0.17458984505727421,-5.6945057274215838e-05,-1.1341934676035789e-05,0.00014720976689442837,0.00014720976689442837
102.09999999999999,0.17453289999999999,0.17458872303972078,-5.5823039720792611e-05,-1.1220151911291542e-05,0.00014613969468245516,0.00014613969468245516
102.2,0.17453289999999999,0.17458761311161336,-5.4713111613369225e-05,-1.1099257617893721e-05,0.00014507352550871774,0.00014507352550871774
102.3,0.17453289999999999,0.17458651518443244,-5.3615184432448393e-05,-1.0979248518719033e-05,0.0001440112889044942,0.0001440112889044942
102.40000000000001,0.17453289999999999,0.17458542916998868,-5.2529169988685398e-05,-1.0860121312670068e-05,0.00014295301363937584,0.00014295301363937584
102.5,0.17453289999999999,0.17458435498042513,-5.1454980425136299e-05,-1.0741872675301257e-05,0.00014189872773028633,0.00014189872773028633
102.59999999999999,0.17453289999999999,0.17458329252821961,-5.039252821961715e-05,-1.0624499259440046e-05,0.00014084845845030368,0.00014084845845030368
102.7,0.17453289999999999,0.17458224172618683,-4.9341726186841184e-05,-1.0507997695798521e-05,0.0001398022323375322,0.0001398022323375322
102.8,0.17453289999999999,0.1745812024874806,-4.83024874806115e-05,-1.0392364593579079e-05,0.00013876007520381191,0.00013876007520381191
102.90000000000001,0.17453289999999999,0.17458017472559589,-4.7274725595902733e-05,-1.0277596541071635e-05,0.0001377220121433867,0.0001377220121433867
103,0.17453289999999999,0.17457915835437091,-4.6258354370914967e-05,-1.0163690106245728e-05,0.00013668806754150813,0.00013668806754150813
103.09999999999999,0.17453289999999999,0.17457815328798892,-4.5253287988933355e-05,-1.0050641837333026e-05,0.00013565826508306111,0.00013565826508306111
103.2,0.17453289999999999,0.17457715944098043,-4.4259440980437548e-05,-9.9384482634046029e-06,0.00013463262776084529,0.00013463262776084529
103.3,0.17453289999999999,0.17457617672822481,-4.3276728224822536e-05,-9.8271058949409205e-06,0.00013361117788411402,0.00013361117788411402
103.40000000000001,0.17453289999999999,0.17457520506495225,-4.2305064952258276e-05,-9.7166112243931608e-06,0.00013259393708681862,0.00013259393708681862
103.5,0.17453289999999999,0.17457424436674535,-4.1344366745355021e-05,-9.6069607267404793e-06,0.0001315809263359736,0.0001315809263359736
103.59999999999999,0.17453289999999999,0.17457329454954099,-4.0394549540995195e-05,-9.4981508600387941e-06,0.00013057216593970311,0.00013057216593970311
103.7,0.17453289999999999,0.17457235552963182,-3.9455529631832187e-05,-9.3901780659625842e-06,0.00012956767555549433,0.00012956767555549433
103.8,0.17453289999999999,0.17457142722366795,-3.852722366795569e-05,-9.2830387703402461e-06,0.00012856747419816875,0.00012856747419816875
103.90000000000001,0.17453289999999999,0.17457050954865841,-3.7609548658418257e-05,-9.1767293836837353e-06,0.00012757158024788898,0.00012757158024788898
104,0.17453289999999999,0.17456960242197267,-3.6702421972678589e-05,-9.0712463017104419e-06,0.00012658001145810936,0.00012658001145810936
104.09999999999999,0.17453289999999999,0.17456870576134201,-3.5805761342017073e-05,-8.9665859058586371e-06,0.00012559278496343841,0.00012559278496343841
104.2,0.17453289999999999,0.17456781948486105,-3.4919484861062333e-05,-8.8627445637968994e-06,0.00012460991728728186,0.00012460991728728186
104.3,0.17453289999999999,0.17456694351098889,-3.404351098890146e-05,-8.7597186299275891e-06,0.00012363142434979515,0.00012363142434979515
104.40000000000001,0.17453289999999999,0.17456607775855049,-3.317775855049554e-05,-8.6575044458821539e-06,0.00012265732147538323,0.00012265732147538323
104.5,0.17453289999999999,0.17456522214673786,-3.2322146737873148e-05,-8.5560983410117839e-06,0.00012168762340033896,0.00012168762340033896
104.59999999999999,0.17453289999999999,0.17456437659511129,-3.147659511129608e-05,-8.4554966328714049e-06,0.00012072234428038922,0.00012072234428038922
104.7,0.17453289999999999,0.17456354102360039,-3.0641023600397332e-05,-8.3556956276968453e-06,0.00011976149769814587,0.00011976149769814587
104.8,0.17453289999999999,0.17456271535250528,-2.9815352505291326e-05,-8.2566916208766687e-06,0.00011880509667048871,0.00011880509667048871
104.90000000000001,0.17453289999999999,0.17456189950249756,-2.8999502497573104e-05,-8.1584808974173284e-06,0.00011785315365593881,0.00011785315365593881
105,0.17453289999999999,0.17456109339462128,-2.819339462128978e-05,-8.0610597324022753e-06,0.00011690568056195119,0.00011690568056195119
105.09999999999999,0.17453289999999999,0.17456029695029399,-2.7396950293995248e-05,-7.9644243914449655e-06,0.00011596268875201413,0.00011596268875201413
105.2,0.17453289999999999,0.17455951009130757,-2.661009130758285e-05,-7.868571131136999e-06,0.00011502418905288313,0.00011502418905288313
105.3,0.17453289999999999,0.17455873273982911,-2.5832739829118045e-05,-7.7734961994887377e-06,0.00011409019176167922,0.00011409019176167922
105.40000000000001,0.17453289999999999,0.17455796481840163,-2.5064818401643318e-05,-7.6791958363654403e-06,0.00011316070665293461,0.00011316070665293461
105.5,0.17453289999999999,0.17455720624994508,-2.4306249945094116e-05,-7.5856662739160424e-06,0.00011223574298539464,0.00011223574298539464
105.59999999999999,0.17453289999999999,0.17455645695775679,-2.3556957756798447e-05,-7.4929037369983053e-06,0.00011131530950917105,0.00011131530950917105
105.7,0.17453289999999999,0.17455571686551236,-2.2816865512365059e-05,-7.4009044435961078e-06,0.00011039941447236489,0.00011039941447236489
105.8,0.17453289999999999,0.17455498589726617,-2.2085897266183041e-05,-7.3096646052325248e-06,0.00010948806562800241,0.00010948806562800241
105.90000000000001,0.17453289999999999,0.17455426397745216,-2.1363977452171223e-05,-7.219180427376837e-06,0.00010858127024061185,0.00010858127024061185
106,0.17453289999999999,0.17455355103088419,-2.065103088419451e-05,-7.1294481098458816e-06,0.00010767903509303136,0.00010767903509303136
106.09999999999999,0.17453289999999999,0.17455284698275672,-1.9946982756730014e-05,-7.0404638472001636e-06,0.00010678136649287293,0.00010678136649287293
106.2,0.17453289999999999,0.17455215175864522,-1.9251758645227879e-05,-6.9522238291340608e-06,0.00010588827027918521,0.00010588827027918521
106.3,0.17453289999999999,0.17455146528450663,-1.8565284506638635e-05,-6.8647242408612796e-06,0.0001049997518288644,0.0001049997518288644
106.40000000000001,0.17453289999999999,0.17455078748667982,-1.7887486679829534e-05,-6.7779612634945613e-06,0.00010411581606307257,0.00010411581606307257
106.5,0.17453289999999999,0.17455011829188588,-1.7218291885889858e-05,-6.6919310744199667e-06,0.00010323646745366954,0.00010323646745366954
106.59999999999999,0.17453289999999999,0.17454945762722854,-1.6557627228547256e-05,-6.6066298476661473e-06,0.00010236171002944339,0.00010236171002944339
106.7,0.17453289999999999,0.17454880542019435,-1.590542019436203e-05,-6.5220537542683607e-06,0.00010149154738246846,0.00010149154738246846
106.8,0.17453289999999999,0.17454816159865311,-1.5261598653115716e-05,-6.4381989626273887e-06,0.00010062598267417728,0.00010062598267417728
106.90000000000001,0.17453289999999999,0.17454752609085794,-1.4626090857949858e-05,-6.3550616388629939e-06,9.9765018641584036e-05,9.9765018641584036e-05
107,0.17453289999999999,0.17454689882544558,-1.3998825445588059e-05,-6.2726379471623394e-06,9.8908657603334046e-05,9.8908657603334046e-05
107.09999999999999,0.17453289999999999,0.17454627973143641,-1.337973143641924e-05,-6.1909240501244623e-06,9.8056901465821083e-05,9.8056901465821083e-05
107.2,0.17453289999999999,0.17454566873823485,-1.2768738234858468e-05,-6.1099161090981428e-06,9.7209751728908109e-05,9.7209751728908109e-05
107.3,0.17453289999999999,0.17454506577562917,-1.216577562918042e-05,-6.0296102845156197e-06,9.6367209492100731e-05,9.6367209492100731e-05
107.40000000000001,0.17453289999999999,0.17454447077379168,-1.1570773791685918e-05,-5.9500027362222534e-06,9.5529275460314646e-05,9.5529275460314646e-05
107.5,0.17453289999999999,0.17454388366327872,-1.0983663278729683e-05,-5.8710896237992397e-06,9.469594994965663e-05,9.469594994965663e-05
107.59999999999999,0.17453289999999999,0.17454330437503066,-1.0404375030664825e-05,-5.7928671068838831e-06,9.3867232893245068e-05,9.3867232893245068e-05
107.7,0.17453289999999999,0.17454273284037189,-9.8328403718983548e-06,-5.7153313454837217e-06,9.3043123846808632e-05,9.3043123846808632e-05
107.8,0.17453289999999999,0.17454216899101069,-9.268991010696892e-06,-5.6384785002857396e-06,9.2223621994446428e-05,9.2223621994446428e-05
107.90000000000001,0.17453289999999999,0.17454161275903923,-8.7127590392421794e-06,-5.5623047329621412e-06,9.1408726154076366e-05,9.1408726154076366e-05
108,0.17453289999999999,0.1745410640769334,-8.1640769334090368e-06,-5.486806206470639e-06,9.0598434783062461e-05,9.0598434783062461e-05
108.09999999999999,0.17453289999999999,0.17454052287755253,-7.6228775525433168e-06,-5.411979085350378e-06,8.9792745983763487e-05,8.9792745983763487e-05
108.2,0.17453289999999999,0.17453998909413937,-7.0890941393786377e-06,-5.337819536012723e-06,8.8991657508850374e-05,8.8991657508850374e-05
108.3,0.17453289999999999,0.17453946266031983,-6.5626603198420952e-06,-5.26432372702927e-06,8.8195166766684763e-05,8.8195166766684763e-05
108.40000000000001,0.17453289999999999,0.17453894351010274,-6.0435101027489502e-06,-5.1914878294130285e-06,8.7403270826685557e-05,8.7403270826685557e-05
108.5,0.17453289999999999,0.17453843157787946,-5.5315778794695625e-06,-5.1193080168979419e-06,8.6615966424693388e-05,8.6615966424693388e-05
108.59999999999999,0.17453289999999999,0.17453792679842378,-5.0267984237906127e-06,-5.0477804662110004e-06,8.5833249968007396e-05,8.5833249968007396e-05
108.7,0.17453289999999999,0.17453742910689146,-4.5291068914710131e-06,-4.9769013573427844e-06,8.5055117540699102e-05,8.5055117540699102e-05
108.8,0.17453289999999999,0.1745369384388199,-4.0384388199088406e-06,-4.9066668738123135e-06,8.42815649087128e-05,8.42815649087128e-05
108.90000000000001,0.17453289999999999,0.17453645473012774,-3.5547301277527588e-06,-4.8370732029273298e-06,8.3512587524939177e-05,8.3512587524939177e-05
109,0.17453289999999999,0.1745359779171145,-3.0779171145134399e-06,-4.7681165360421068e-06,8.2748180534244483e-05,8.2748180534244483e-05
109.09999999999999,0.17453289999999999,0.17453550793646017,-2.6079364601749866e-06,-4.6997930688087209e-06,8.198833877838199e-05,8.198833877838199e-05
109.2,0.17453289999999999,0.17453504472522466,-2.1447252246675763e-06,-4.6320990014264931e-06,8.1233056801009303e-05,8.1233056801009303e-05
109.3,0.17453289999999999,0.17453458822084741,-1.6882208474233718e-06,-4.5650305388860472e-06,8.0482328852525472e-05,8.0482328852525472e-05
109.40000000000001,0.17453289999999999,0.17453413836114692,-1.2383611469324318e-06,-4.4985838912094015e-06,7.9736148894836792e-05,7.9736148894836792e-05
109.5,0.17453289999999999,0.17453369508432007,-7.9508432007657781e-07,-4.4327552736868057e-06,7.8994510606285927e-05,7.8994510606285927e-05
109.59999999999999,0.17453289999999999,0.17453325832894173,-3.5832894174081531e-07,-4.367540907108928e-06,7.8257407386219885e-05,7.8257407386219885e-05
109.7,0.17453289999999999,0.17453282803396408,7.1966035908310744e-08,-4.3029370179953847e-06,7.7524832359825228e-05,7.7524832359825228e-05
109.8,0.17453289999999999,0.17453240413871601,4.9586128397782758e-07,-4.2389398388194172e-06,7.6796778382727334e-05,7.6796778382727334e-05
109.90000000000001,0.17453289999999999,0.17453198658290264,9.1341709734793497e-07,-4.1755456082285205e-06,7.6073238045461301e-05,7.6073238045461301e-05
110,0.17453289999999999,0.17453157530660454,1.3246933954491613e-06,-4.1127505712619358e-06,7.5354203678164013e-05,7.5354203678164013e-05
110.09999999999999,0.17453289999999999,0.17453117025027709,1.7297497229007419e-06,-4.050550979563459e-06,7.4639667355043e-05,7.4639667355043e-05
110.2,0.17453289999999999,0.17453077135474987,2.1286452501212416e-06,-3.9889430915915074e-06,7.392962089876837e-05,7.392962089876837e-05
110.3,0.17453289999999999,0.17453037856122586,2.5214387741334665e-06,-3.9279231728244535e-06,7.3224055884973626e-05,7.3224055884973626e-05
110.40000000000001,0.17453289999999999,0.17452999181128084,2.908188719147331e-06,-3.867487495963405e-06,7.2522963646488622e-05,7.2522963646488622e-05
110.5,0.17453289999999999,0.17452961104686254,3.2889531374480363e-06,-3.8076323411306575e-06,7.1826335277799867e-05,7.1826335277799867e-05
110.59999999999999,0.17453289999999999,0.17452923621028985,3.6637897101454708e-06,-3.7483539960648103e-06,7.1134161639312056e-05,7.1134161639312056e-05
110.7,0.17453289999999999,0.17452886724425221,4.032755747784833e-06,-3.6896487563123024e-06,7.0446433361406272e-05,7.0446433361406272e-05
110.8,0.17453289999999999,0.17452850409180867,4.3959081913180764e-06,-3.6315129254154888e-06,6.9763140848796875e-05,6.9763140848796875e-05
110.90000000000001,0.17453289999999999,0.17452814669638711,4.7533036128810657e-06,-3.5739428150975966e-06,6.9084274284637799e-05,6.9084274284637799e-05
111,0.17453289999999999,0.17452779500178336,5.1049982166262442e-06,-3.5169347454434775e-06,6.8409823634608841e-05,6.8409823634608841e-05
111.09999999999999,0.17453289999999999,0.17452744895216046,5.4510478395275452e-06,-3.460485045077927e-06,6.7739778650930229e-05,6.7739778650930229e-05
111.2,0.17453289999999999,0.17452710849204772,5.7915079522685708e-06,-3.4045900513398948e-06,6.7074128876386683e-05,6.7074128876386683e-05
111.3,0.17453289999999999,0.17452677356633972,6.1264336602695479e-06,-3.3492461104537638e-06,6.6412863648437299e-05,6.6412863648437299e-05
111.40000000000001,0.17453289999999999,0.17452644412029558,6.4558797044089733e-06,-3.2944495776973537e-06,6.5755972102961343e-05,6.5755972102961343e-05
111.5,0.17453289999999999,0.17452612009953802,6.7799004619673031e-06,-3.2401968175662772e-06,6.5103443178160297e-05,6.5103443178160297e-05
111.59999999999999,0.17453289999999999,0.17452580145005231,7.0985499476816649e-06,-3.186484203936153e-06,6.4455265618532423e-05,6.4455265618532423e-05
111.7,0.17453289999999999,0.17452548811818538,7.4118818146062804e-06,-3.1333081202199045e-06,6.3811427978564564e-05,6.3811427978564564e-05
111.8,0.17453289999999999,0.17452518005064485,7.7199493551394216e-06,-3.0806649595239196e-06,6.3171918626569976e-05,6.3171918626569976e-05
111.90000000000001,0.17453289999999999,0.17452487719449805,8.0228055019393452e-06,-3.0285511247992949e-06,6.2536725748326655e-05,6.2536725748326655e-05
112,0.17453289999999999,0.17452457949717101,8.320502828979004e-06,-2.9769630289916975e-06,6.1905837350829555e-05,6.1905837350829555e-05
112.09999999999999,0.17453289999999999,0.1745242869064475,8.6130935524897367e-06,-2.9258970951867551e-06,6.1279241265851326e-05,6.1279241265851326e-05
112.2,0.17453289999999999,0.17452399937046792,8.9006295320714912e-06,-2.8753497567526945e-06,6.0656925153619996e-05,6.0656925153619996e-05
112.3,0.17453289999999999,0.17452371683772827,9.1831622717197803e-06,-2.8253174574813273e-06,6.0038876506383672e-05,6.0038876506383672e-05
112.40000000000001,0.17453289999999999,0.17452343925707917,9.4607429208248828e-06,-2.7757966517244821e-06,5.9425082651865557e-05,5.9425082651865557e-05
112.5,0.17453289999999999,0.17452316657772463,9.7334222753653332e-06,-2.726783804528272e-06,5.8815530756874227e-05,5.8815530756874227e-05
112.59999999999999,0.17453289999999999,0.17452289874922117,1.0001250778823856e-05,-2.6782753917642927e-06,5.8210207830581128e-05,5.8210207830581128e-05
112.7,0.17453289999999999,0.17452263572147664,1.0264278523353099e-05,-2.6302679002583832e-06,5.7609100728003999e-05,5.7609100728003999e-05
112.8,0.17453289999999999,0.17452237744474905,1.0522555250941368e-05,-2.5827578279158676e-06,5.7012196153426986e-05,5.7012196153426986e-05
112.90000000000001,0.17453289999999999,0.17452212386964547,1.077613035452285e-05,-2.5357416838449525e-06,5.6419480663731991e-05,5.6419480663731991e-05
113,0.17453289999999999,0.17452187494712096,1.1025052879032327e-05,-2.4892159884762229e-06,5.5830940671604337e-05,5.5830940671604337e-05
113.09999999999999,0.17453289999999999,0.17452163062847739,1.1269371522598659e-05,-2.4431772736804552e-06,5.5246562448846855e-05,5.5246562448846855e-05
113.2,0.17453289999999999,0.17452139086536236,1.1509134637627261e-05,-2.3976220828832775e-06,5.4666332129526255e-05,5.4666332129526255e-05
113.3,0.17453289999999999,0.17452115560976786,1.1744390232132362e-05,-2.3525469711772499e-06,5.4090235713322862e-05,5.4090235713322862e-05
113.40000000000001,0.17453289999999999,0.1745209248140292,1.1975185970791724e-05,-2.3079485054311313e-06,5.3518259068552091e-05,5.3518259068552091e-05
113.5,0.17453289999999999,0.17452069843082391,1.2201569176084615e-05,-2.2638232643972558e-06,5.2950387935235218e-05,5.2950387935235218e-05
113.59999999999999,0.17453289999999999,0.17452047641317031,1.2423586829679589e-05,-2.2201678388147592e-06,5.2386607928345254e-05,5.2386607928345254e-05
113.7,0.17453289999999999,0.17452025871442653,1.2641285573461447e-05,-2.1769788315126786e-06,5.1826904540689659e-05,5.1826904540689659e-05
113.8,0.17453289999999999,0.17452004528828921,1.2854711710780231e-05,-2.1342528575084261e-06,5.1271263145931902e-05,5.1271263145931902e-05
113.90000000000001,0.17453289999999999,0.17451983608879218,1.3063911207811252e-05,-2.0919865441044467e-06,5.0719669001691291e-05,5.0719669001691291e-05
114,0.17453289999999999,0.17451963107030538,1.3268929694609799e-05,-2.0501765309830691e-06,5.0172107252305039e-05,5.0172107252305039e-05
114.09999999999999,0.17453289999999999,0.17451943018753352,1.3469812466471165e-05,-2.0088194702979864e-06,4.9628562931834922e-05,4.9628562931834922e-05
114.2,0.17453289999999999,0.17451923339551478,1.3666604485207401e-05,-1.9679120267640814e-06,4.9089020966960864e-05,4.9089020966960864e-05
114.3,0.17453289999999999,0.17451904064961971,1.3859350380285296e-05,-1.9274508777443283e-06,4.8553466179683202e-05,4.8553466179683202e-05
114.40000000000001,0.17453289999999999,0.17451885190554972,1.4048094450269666e-05,-1.8874327133349015e-06,4.8021883290297892e-05,4.8021883290297892e-05
114.5,0.17453289999999999,0.17451866711933603,1.4232880663961334e-05,-1.847854236447447e-06,4.7494256920015376e-05,4.7494256920015376e-05
114.59999999999999,0.17453289999999999,0.17451848624733823,1.4413752661757151e-05,-1.8087121628894657e-06,4.6970571593767536e-05,4.6970571593767536e-05
114.7,0.17453289999999999,0.17451830924624306,1.4590753756926755e-05,-1.7700032214423671e-06,4.6450811742889361e-05,4.6450811742889361e-05
114.8,0.17453289999999999,0.1745181360730631,1.4763926936889327e-05,-1.7317241539368707e-06,4.5934961707752995e-05,4.5934961707752995e-05
114.90000000000001,0.17453289999999999,0.17451796668513536,1.4933314864629121e-05,-1.6938717153272726e-06,4.5423005740520027e-05,4.5423005740520027e-05
115,0.17453289999999999,0.17451780104012002,1.5098959879972229e-05,-1.6564426737620656e-06,4.4914928007689408e-05,4.4914928007689408e-05
115.09999999999999,0.17453289999999999,0.17451763909599921,1.5260904000780062e-05,-1.6194338106537019e-06,4.44107125925467e-05,4.44107125925467e-05
115.2,0.17453289999999999,0.1745174808110756,1.5419188924392646e-05,-1.582841920745621e-06,4.3910343497813823e-05,4.3910343497813823e-05
115.3,0.17453289999999999,0.17451732614397095,1.5573856029044153e-05,-1.5466638121772041e-06,4.3413804648233825e-05,4.3413804648233825e-05
115.40000000000001,0.17453289999999999,0.17451717505362493,1.5724946375056392e-05,-1.5108963065469732e-06,4.292107989290191e-05,4.292107989290191e-05
115.5,0.17453289999999999,0.17451702749929365,1.5872500706337611e-05,-1.4755362389732017e-06,4.2432153007855243e-05,4.2432153007855243e-05
115.59999999999999,0.17453289999999999,0.17451688344054841,1.6016559451575985e-05,-1.4405804581531546e-06,4.1947007698332772e-05,4.1947007698332772e-05
115.7,0.17453289999999999,0.17451674283727422,1.6157162725766172e-05,-1.4060258264197604e-06,4.1465627601321861e-05,4.1465627601321861e-05
115.8,0.17453289999999999,0.1745166056496685,1.6294350331486074e-05,-1.371869219796929e-06,4.0987996287830798e-05,4.0987996287830798e-05
115.90000000000001,0.17453289999999999,0.17451647183823971,1.642816176028461e-05,-1.3381075280521088e-06,4.0514097265222568e-05,4.0514097265222568e-05
116,0.17453289999999999,0.17451634136380595,1.6558636194041743e-05,-1.3047376547477526e-06,4.0043913979501291e-05,4.0043913979501291e-05
116.09999999999999,0.17453289999999999,0.17451621418749358,1.6685812506411768e-05,-1.2717565172907074e-06,3.95774298176445e-05,3.95774298176445e-05
116.2,0.17453289999999999,0.17451609027073584,1.6809729264155582e-05,-1.2391610469789408e-06,3.9114628109776517e-05,3.9114628109776517e-05
116.3,0.17453289999999999,0.17451596957527141,1.693042472858397e-05,-1.2069481890474983e-06,3.8655492131438942e-05,3.8655492131438942e-05
116.40000000000001,0.17453289999999999,0.17451585206314307,1.7047936856917634e-05,-1.1751149027123776e-06,3.8200005105740429e-05,3.8200005105740429e-05
116.5,0.17453289999999999,0.17451573769669632,1.7162303303674964e-05,-1.143658161211593e-06,3.7748150205483636e-05,3.7748150205483636e-05
116.59999999999999,0.17453289999999999,0.17451562643857785,1.7273561422143091e-05,-1.1125749518461823e-06,3.7299910555374369e-05,3.7299910555374369e-05
116.7,0.17453289999999999,0.17451551825173425,1.7381748265737906e-05,-1.0818622760186162e-06,3.6855269234072996e-05,3.6855269234072996e-05
116.8,0.17453289999999999,0.17451541309941057,1.7486900589419596e-05,-1.0515171492684587e-06,3.6414209276251853e-05,3.6414209276251853e-05
116.90000000000001,0.17453289999999999,0.17451531094514885,1.7589054851135932e-05,-1.0215366013080862e-06,3.5976713674681481e-05,3.5976713674681481e-05
117,0.17453289999999999,0.17451521175278678,1.7688247213210051e-05,-9.9191767605602312e-07,3.5542765382218466e-05,3.5542765382218466e-05
117.09999999999999,0.17453289999999999,0.17451511548645623,1.7784513543755986e-05,-9.6265743166785919e-07,3.5112347313777454e-05,3.5112347313777454e-05
117.2,0.17453289999999999,0.17451502211058181,1.7877889418177473e-05,-9.3375294056719553e-07,3.4685442348386989e-05,3.4685442348386989e-05
117.3,0.17453289999999999,0.17451493158987949,1.7968410120500211e-05,-9.0520128947270944e-07,3.4262033331008978e-05,3.4262033331008978e-05
117.40000000000001,0.17453289999999999,0.17451484388935506,1.8056110644926182e-05,-8.7699957942579773e-07,3.3842103074590542e-05,3.3842103074590542e-05
117.5,0.17453289999999999,0.17451475897430282,1.8141025697165913e-05,-8.4914492581591239e-07,3.342563436185234e-05,3.342563436185234e-05
117.59999999999999,0.17453289999999999,0.17451467681030414,1.8223189695854014e-05,-8.2163445840371004e-07,3.3012609947120794e-05,3.3012609947120794e-05
117.7,0.17453289999999999,0.17451459736322594,1.8302636774047976e-05,-7.9446532134266185e-07,3.2603012558215887e-05,3.2603012558215887e-05
117.8,0.17453289999999999,0.17451452059921921,1.8379400780782484e-05,-7.6763467320092782e-07,3.2196824898399182e-05,3.2196824898399182e-05
117.90000000000001,0.17453289999999999,0.17451444648471773,1.8453515282262911e-05,-7.4113968697947698e-07,3.1794029647893496e-05,3.1794029647893496e-05
118,0.17453289999999999,0.17451437498643652,1.8525013563475135e-05,-7.1497755012987484e-07,3.1394609465812878e-05,3.1394609465812878e-05
118.09999999999999,0.17453289999999999,0.17451430607137042,1.859392862957332e-05,-6.8914546457027558e-07,3.0998546991838282e-05,3.0998546991838282e-05
118.2,0.17453289999999999,0.17451423970679256,1.8660293207434231e-05,-6.636406467006819e-07,3.0605824848046503e-05,3.0605824848046503e-05
118.3,0.17453289999999999,0.17451417586025308,1.8724139746906232e-05,-6.3846032741611752e-07,3.0216425640396345e-05,3.0216425640396345e-05
118.40000000000001,0.17453289999999999,0.17451411449957749,1.8785500422502377e-05,-6.1360175211848915e-07,2.9830331960635179e-05,2.9830331960635179e-05
118.5,0.17453289999999999,0.17451405559286534,1.884440713464941e-05,-5.8906218072692021e-07,2.9447526387733973e-05,2.9447526387733973e-05
118.59999999999999,0.17453289999999999,0.1745139991084888,1.8900891511186568e-05,-5.6483888768745046e-07,2.9067991489560678e-05,2.9067991489560678e-05
118.7,0.17453289999999999,0.17451394501509104,1.8954984908947647e-05,-5.409291619805158e-07,2.8691709824596931e-05,2.8691709824596931e-05
118.8,0.17453289999999999,0.1745138932815849,1.9006718415093271e-05,-5.173303071275595e-07,2.8318663943389344e-05,2.8318663943389344e-05
118.90000000000001,0.17453289999999999,0.17451384387715144,1.905612284855418e-05,-4.9403964119674338e-07,2.794883639009556e-05,2.794883639009556e-05
119,0.17453289999999999,0.17451379677123852,1.9103228761474522e-05,-4.7105449680702814e-07,2.7582209704001029e-05,2.7582209704001029e-05
119.09999999999999,0.17453289999999999,0.17451375193355914,1.9148066440849432e-05,-4.4837222113002612e-07,2.7218766421189902e-05,2.7218766421189902e-05
119.2,0.17453289999999999,0.17451370933409024,1.9190665909746274e-05,-4.2599017589226897e-07,2.6858489075807115e-05,2.6858489075807115e-05
119.3,0.17453289999999999,0.1745136689430711,1.9231056928886714e-05,-4.0390573737565431e-07,2.6501360201648493e-05,2.6501360201648493e-05
119.40000000000001,0.17453289999999999,0.17451363073100193,1.926926899806225e-05,-3.8211629641626332e-07,2.6147362333554991e-05,2.6147362333554991e-05
119.5,0.17453289999999999,0.17451359466864236,1.9305331357633015e-05,-3.606192584022602e-07,2.5796478008873699e-05,2.5796478008873699e-05
119.59999999999999,0.17453289999999999,0.17451356072701005,1.9339272989943312e-05,-3.3941204327062903e-07,2.5448689768814634e-05,2.5448689768814634e-05
119.7,0.17453289999999999,0.17451352887737925,1.9371122620737147e-05,-3.1849208550307466e-07,2.5103980159792489e-05,2.5103980159792489e-05
119.8,0.17453289999999999,0.17451349909127922,1.9400908720768051e-05,-2.9785683412023723e-07,2.4762331734932321e-05,2.4762331734932321e-05
119.90000000000001,0.17453289999999999,0.17451347134049294,1.9428659507048085e-05,-2.775037526754499e-07,2.4423727055206184e-05,2.4423727055206184e-05
120,0.17453289999999999,0.17451344559705562,1.9454402944374394e-05,-2.5743031924649198e-07,2.4088148690811248e-05,2.4088148690811248e-05
120.09999999999999,0.17453289999999999,0.17451342183325308,1.9478166746911274e-05,-2.3763402642699255e-07,2.3755579222597141e-05,2.3755579222597141e-05
120.2,0.17453289999999999,0.17451340002162052,1.9499978379466931e-05,-2.181123813171147e-07,2.3426001243174996e-05,2.3426001243174996e-05
120.3,0.17453289999999999,0.17451338013494097,1.9519865059020036e-05,-1.9886290551216848e-07,2.3099397358239069e-05,2.3099397358239069e-05
120.40000000000001,0.17453289999999999,0.1745133621462438,1.9537853756190771e-05,-1.7988313509047343e-07,2.2775750187819293e-05,2.2775750187819293e-05
120.5,0.17453289999999999,0.17451334602880342,1.9553971196573094e-05,-1.6117062060088441e-07,2.2455042367389014e-05,2.2455042367389014e-05
120.59999999999999,0.17453289999999999,0.17451333175613767,1.9568243862316814e-05,-1.4272292704823228e-07,2.2137256549184994e-05,2.2137256549184994e-05
120.7,0.17453289999999999,0.17451331930200648,1.9580697993515361e-05,-1.2453763387950593e-07,2.1822375403346469e-05,2.1822375403346469e-05
120.8,0.17453289999999999,0.17451330864041037,1.9591359589621327e-05,-1.0661233496687847e-07,2.151038161902514e-05,2.151038161902514e-05
120.90000000000001,0.17453289999999999,0.17451329974558902,1.9600254410973017e-05,-8.8944638591234904e-08,2.1201257905615246e-05,2.1201257905615246e-05
121,0.17453289999999999,0.17451329259201986,1.9607407980126723e-05,-7.1532167424935669e-08,2.0894986993775565e-05,2.0894986993775565e-05
121.09999999999999,0.17453289999999999,0.17451328715441666,1.9612845583327765e-05,-5.4372558512346802e-08,2.0591551636550007e-05,2.0591551636550007e-05
121.2,0.17453289999999999,0.17451328340772798,1.9616592272009292e-05,-3.7463463251693724e-08,2.0290934610539778e-05,2.0290934610539778e-05
121.3,0.17453289999999999,0.17451328132713581,1.9618672864180065e-05,-2.0802547373092184e-08,1.9993118716895723e-05,1.9993118716895723e-05
121.40000000000001,0.17453289999999999,0.17451328088805421,1.9619111945784473e-05,-4.3874909164171694e-09,1.9698086782279981e-05,1.9698086782279981e-05
121.5,0.17453289999999999,0.17451328206612773,1.9617933872256854e-05,1.1784011797681478e-08,1.9405821659898589e-05,1.9405821659898589e-05
121.59999999999999,0.17453289999999999,0.17451328483723011,1.9615162769881511e-05,2.7714252157972419e-08,1.9116306231038006e-05,1.9116306231038006e-05
121.7,0.17453289999999999,0.17451328917746278,1.961082253720825e-05,4.3405507335139303e-08,1.8829523405175743e-05,1.8829523405175743e-05
121.8,0.17453289999999999,0.1745132950631535,1.9604936846495669e-05,5.8860040274572022e-08,1.8545456121553372e-05,1.8545456121553372e-05
121.90000000000001,0.17453289999999999,0.17451330247085484,1.9597529145154446e-05,7.4080099729269044e-08,1.8264087350027605e-05,1.8264087350027605e-05
122,0.17453289999999999,0.17451331137734288,1.9588622657107368e-05,8.906792028727329e-08,1.798540009193645e-05,1.798540009193645e-05
122.09999999999999,0.17453289999999999,0.17451332175961573,1.957824038426037e-05,1.0382572239843002e-07,1.7709377381088631e-05,1.7709377381088631e-05
122.2,0.17453289999999999,0.17451333359489218,1.956640510780705e-05,1.183557124028772e-07,1.743600228455526e-05,1.743600228455526e-05
122.3,0.17453289999999999,0.17451334686061015,1.9553139389838492e-05,1.3266008255712693e-07,1.7165257903810208e-05,1.7165257903810208e-05
122.40000000000001,0.17453289999999999,0.17451336153442545,1.9538465574536756e-05,1.4674101106532428e-07,1.6897127375360921e-05,1.6897127375360921e-05
122.5,0.17453289999999999,0.17451337759421029,1.9522405789701436e-05,1.6060066210878869e-07,1.6631593871743239e-05,1.6631593871743239e-05
122.59999999999999,0.17453289999999999,0.17451339501805191,1.9504981948081923e-05,1.7424118587653406e-07,1.6368640602304309e-05,1.6368640602304309e-05
122.7,0.17453289999999999,0.17451341378425114,1.9486215748848457e-05,1.8766471859738792e-07,1.6108250814095474e-05,1.6108250814095474e-05
122.8,0.17453289999999999,0.17451343387132107,1.9466128678924388e-05,2.0087338257116772e-07,1.5850407792643368e-05,1.5850407792643368e-05
122.90000000000001,0.17453289999999999,0.17451345525798562,1.9444742014373961e-05,2.1386928620149937e-07,1.5595094862746973e-05,1.5595094862746973e-05
123,0.17453289999999999,0.17451347792317823,1.9422076821762335e-05,2.26654524029958e-07,1.5342295389223091e-05,1.5342295389223091e-05
123.09999999999999,0.17453289999999999,0.17451350184604028,1.9398153959709896e-05,2.392311767686458e-07,1.5091992777874271e-05,1.5091992777874271e-05
123.2,0.17453289999999999,0.17451352700591993,1.9372994080057993e-05,2.5160131133704039e-07,1.4844170475991266e-05,1.4844170475991266e-05
123.3,0.17453289999999999,0.17451355338237065,1.9346617629339979e-05,2.6376698089531e-07,1.45988119732244e-05,1.45988119732244e-05
123.40000000000001,0.17453289999999999,0.17451358095514982,1.9319044850168998e-05,2.7573022488128634e-07,1.4355900802305844e-05,1.4355900802305844e-05
123.5,0.17453289999999999,0.17451360970421742,1.9290295782570244e-05,2.8749306904621312e-07,1.4115420539738408e-05,1.4115420539738408e-05
123.59999999999999,0.17453289999999999,0.17451363960973468,1.9260390265313232e-05,2.9905752549246692e-07,1.3877354806448828e-05,1.3877354806448828e-05
123.7,0.17453289999999999,0.17451367065206258,1.9229347937410601e-05,3.1042559271083371e-07,1.3641687268615594e-05,1.3641687268615594e-05
123.8,0.17453289999999999,0.17451370281176068,1.9197188239311602e-05,3.215992556188542e-07,1.3408401638172227e-05,1.3408401638172227e-05
123.90000000000001,0.17453289999999999,0.17451373606958567,1.9163930414317631e-05,3.3258048559939227e-07,1.317748167352857e-05,1.317748167352857e-05
124,0.17453289999999999,0.17451377040648999,1.9129593509997767e-05,3.4337124054005268e-07,1.2948911180276818e-05,1.2948911180276818e-05
124.09999999999999,0.17453289999999999,0.17451380580362055,1.9094196379437767e-05,3.5397346487280324e-07,1.2722674011727308e-05,1.2722674011727308e-05
124.2,0.17453289999999999,0.17451384224231734,1.9057757682655607e-05,3.643890896145291e-07,1.2498754069594084e-05,1.2498754069594084e-05
124.3,0.17453289999999999,0.17451387970411214,1.902029588785048e-05,3.7462003240765865e-07,1.2277135304512624e-05,1.2277135304512624e-05
124.40000000000001,0.17453289999999999,0.17451391817072712,1.898182927287384e-05,3.846681975615696e-07,1.2057801716765586e-05,1.2057801716765586e-05
124.5,0.17453289999999999,0.17451395762407362,1.8942375926367383e-05,3.9453547609433177e-07,1.1840737356669411e-05,1.1840737356669411e-05
124.59999999999999,0.17453289999999999,0.17451399804625067,1.8901953749317357e-05,4.0422374577492073e-07,1.1625926325368785e-05,1.1625926325368785e-05
124.7,0.17453289999999999,0.17451403941954383,1.8860580456164788e-05,4.1373487116602616e-07,1.1413352775176317e-05,1.1413352775176317e-05
124.8,0.17453289999999999,0.17451408172642377,1.8818273576221012e-05,4.2307070366712934e-07,1.1203000910212683e-05,1.1203000910212683e-05
124.90000000000001,0.17453289999999999,0.17451412494954499,1.8775050454999942e-05,4.322330815581593e-07,1.0994854986953074e-05,1.0994854986953074e-05
125,0.17453289999999999,0.17451416907174455,1.8730928255439316e-05,4.4122383004342643e-07,1.0788899314657641e-05,1.0788899314657641e-05
125.09999999999999,0.17453289999999999,0.17451421407604065,1.8685923959343986e-05,4.5004476129630174e-07,1.0585118256010556e-05,1.0585118256010556e-05
125.2,0.17453289999999999,0.17451425994563147,1.8640054368523895e-05,4.5869767450378542e-07,1.0383496227455757e-05,1.0383496227455757e-05
125.3,0.17453289999999999,0.17451430666389378,1.8593336106209613e-05,4.671843559119775e-07,1.0184017699794017e-05,1.0184017699794017e-05
125.40000000000001,0.17453289999999999,0.17451435421438169,1.8545785618301336e-05,4.7550657887164659e-07,9.9866671986116978e-06,9.9866671986116978e-06
125.5,0.17453289999999999,0.1745144025808254,1.8497419174590135e-05,4.8366610388426215e-07,9.7914293046734161e-06,9.7914293046734161e-06
125.59999999999999,0.17453289999999999,0.17451445174712987,1.8448252870117976e-05,4.9166467864839512e-07,9.5982886544468639e-06,9.5982886544468639e-06
125.7,0.17453289999999999,0.17451450169737351,1.8398302626482232e-05,4.9950403810655905e-07,9.4072299405641698e-06,9.4072299405641698e-06
125.8,0.17453289999999999,0.17451455241580696,1.8347584193029176e-05,5.0718590449220872e-07,9.2182379121694189e-06,9.2182379121694189e-06
125.90000000000001,0.17453289999999999,0.17451460388685186,1.8296113148130733e-05,5.1471198737720832e-07,9.031297375340983e-06,9.031297375340983e-06
126,0.17453289999999999,0.1745146560950995,1.8243904900488994e-05,5.2208398371979089e-07,8.846393193532759e-06,8.846393193532759e-06
126.09999999999999,0.17453289999999999,0.17451470902530966,1.8190974690329709e-05,5.2930357791242952e-07,8.663510287905977e-06,8.663510287905977e-06
126.2,0.17453289999999999,0.17451476266240926,1.8137337590734548e-05,5.3637244183045158e-07,8.48263363778642e-06,8.48263363778642e-06
126.3,0.17453289999999999,0.17451481699149121,1.8083008508779086e-05,5.4329223488069059e-07,8.3037482809266553e-06,8.3037482809266553e-06
126.40000000000001,0.17453289999999999,0.17451487199781304,1.8028002186948333e-05,5.5006460405061103e-07,8.1268393140373346e-06,8.1268393140373346e-06
126.5,0.17453289999999999,0.17451492766679583,1.7972333204163693e-05,5.5669118395751791e-07,7.95189189292837e-06,7.95189189292837e-06
126.59999999999999,0.17453289999999999,0.17451498398402282,1.7916015977170741e-05,5.6317359689833212e-07,7.7788912330007624e-06,7.7788912330007624e-06
126.7,0.17453289999999999,0.17451504093523831,1.7859064761677201e-05,5.6951345289929265e-07,7.6078226094899336e-06,7.6078226094899336e-06
126.8,0.17453289999999999,0.17451509850634636,1.7801493653629707e-05,5.7571234976626694e-07,7.4386713578369031e-06,7.4386713578369031e-06
126.90000000000001,0.17453289999999999,0.17451515668340958,1.7743316590407288e-05,5.8177187313514434e-07,7.2714228739746899e-06,7.2714228739746899e-06
127,0.17453289999999999,0.17451521545264792,1.7684547352070368e-05,5.8769359652240033e-07,7.1060626146671618e-06,7.1060626146671618e-06
127.09999999999999,0.17453289999999999,0.17451527480043752,1.7625199562470995e-05,5.934790813760975e-07,6.9425760977012402e-06,6.9425760977012402e-06
127.2,0.17453289999999999,0.17451533471330943,1.7565286690557347e-05,5.9912987712700409e-07,6.7809489022712736e-06,6.7809489022712736e-06
127.3,0.17453289999999999,0.17451539517794845,1.750482205153947e-05,6.0464752123989499e-07,6.6211666692213605e-06,6.6211666692213605e-06
127.40000000000001,0.17453289999999999,0.17451545618119196,1.7443818808027256e-05,6.1003353926528256e-07,6.4632151012521709e-06,6.4632151012521709e-06
127.5,0.17453289999999999,0.17451551771002868,1.7382289971307197e-05,6.1528944489105081e-07,6.307079963268282e-06,6.307079963268282e-06
127.59999999999999,0.17453289999999999,0.17451557975159751,1.7320248402480365e-05,6.2041673999453767e-07,6.1527470825786869e-06,6.1527470825786869e-06
127.7,0.17453289999999999,0.17451564229318642,1.7257706813572637e-05,6.2541691469475403e-07,6.0002023490670644e-06,6.0002023490670644e-06
127.8,0.17453289999999999,0.17451570532223115,1.7194677768839206e-05,6.3029144740470527e-07,5.8494317155545112e-06,5.8494317155545112e-06
127.90000000000001,0.17453289999999999,0.17451576882631417,1.713117368581929e-05,6.3504180488403249e-07,5.7004211979067049e-06,5.7004211979067049e-06
128,0.17453289999999999,0.17451583279316341,1.7067206836585136e-05,6.3966944229172524e-07,5.5531568753340825e-06,5.5531568753340825e-06
128.09999999999999,0.17453289999999999,0.17451589721065122,1.7002789348768976e-05,6.4417580323901153e-07,5.4076248904667685e-06,5.4076248904667685e-06
128.19999999999999,0.17453289999999999,0.17451596206679312,1.6937933206867539e-05,6.4856231984250749e-07,5.2638114497024044e-06,5.2638114497024044e-06
128.30000000000001,0.17453289999999999,0.17451602734974678,1.6872650253213495e-05,6.5283041277730966e-07,5.1217028232219203e-06,5.1217028232219203e-06
128.40000000000001,0.17453289999999999,0.17451609304781066,1.6806952189335478e-05,6.5698149133055123e-07,4.9812853453855564e-06,4.9812853453855564e-06
128.5,0.17453289999999999,0.17451615914942309,1.6740850576901778e-05,6.6101695345484662e-07,4.8425454147145388e-06,4.8425454147145388e-06
128.59999999999999,0.17453289999999999,0.1745162256431611,1.6674356838886073e-05,6.6493818582186432e-07,4.7054694940925152e-06,4.7054694940925152e-06
128.69999999999999,0.17453289999999999,0.17451629251773923,1.660748226076092e-05,6.6874656387627314e-07,4.5700441109880034e-06,4.5700441109880034e-06
128.80000000000001,0.17453289999999999,0.17451635976200841,1.654023799158022e-05,6.7244345188946557e-07,4.4362558575698394e-06,4.4362558575698394e-06
128.90000000000001,0.17453289999999999,0.17451642736495498,1.6472635045006179e-05,6.7603020301376814e-07,4.3040913907583523e-06,4.3040913907583523e-06
129,0.17453289999999999,0.17451649531569938,1.6404684300613814e-05,6.7950815933646326e-07,4.1735374325574758e-06,4.1735374325574758e-06
129.09999999999999,0.17453289999999999,0.17451656360349527,1.6336396504723627e-05,6.8287865193403087e-07,4.0445807699110722e-06,4.0445807699110722e-06
129.19999999999999,0.17453289999999999,0.1745166322177282,1.6267782271789377e-05,6.8614300092651387e-07,3.917208255112128e-06,3.917208255112128e-06
129.30000000000001,0.17453289999999999,0.1745167011479147,1.6198852085286264e-05,6.8930251553197738e-07,3.7914068057106706e-06,3.7914068057106706e-06
129.40000000000001,0.17453289999999999,0.1745167703837012,1.6129616298793392e-05,6.9235849412095422e-07,3.6671634046162157e-06,3.6671634046162157e-06
129.5,0.17453289999999999,0.17451683991486283,1.6060085137159508e-05,6.9531222427104823e-07,3.5444651002806395e-06,3.5444651002806395e-06
129.59999999999999,0.17453289999999999,0.17451690973130238,1.5990268697613219e-05,6.9816498282166121e-07,3.4232990068233168e-06,3.4232990068233168e-06
129.69999999999999,0.17453289999999999,0.17451697982304928,1.5920176950706688e-05,7.0091803592866916e-07,3.3036523039906437e-06,3.3036523039906437e-06
129.80000000000001,0.17453289999999999,0.17451705018025851,1.5849819741481364e-05,7.0357263911928478e-07,3.1855122373342371e-06,3.1855122373342371e-06
129.90000000000001,0.17453289999999999,0.17451712079320952,1.5779206790467182e-05,7.0613003734686869e-07,3.0688661182235452e-06,3.0688661182235452e-06
130,0.17453289999999999,0.17451719165230531,1.5708347694681768e-05,7.0859146504587376e-07,2.9537013238560403e-06,2.9537013238560403e-06
130.09999999999999,0.17453289999999999,0.17451726274807114,1.5637251928851681e-05,7.1095814618677209e-07,2.8400052974897824e-06,2.8400052974897824e-06
130.19999999999999,0.17453289999999999,0.17451733407115372,1.5565928846272836e-05,7.1323129433107894e-07,2.7277655483134144e-06,2.7277655483134144e-06
130.30000000000001,0.17453289999999999,0.17451740561232001,1.549438767997624e-05,7.1541211268643747e-07,2.6169696516203667e-06,2.6169696516203667e-06
130.40000000000001,0.17453289999999999,0.17451747736245632,1.542263754367168e-05,7.1750179416163089e-07,2.5076052487623245e-06,2.5076052487623245e-06
130.5,0.17453289999999999,0.17451754931256722,1.5350687432774679e-05,7.195015214216698e-07,2.3996600471846232e-06,2.3996600471846232e-06
130.59999999999999,0.17453289999999999,0.17451762145377447,1.527854622551672e-05,7.21412466942986e-07,2.2931218205429719e-06,2.2931218205429719e-06
130.69999999999999,0.17453289999999999,0.17451769377731613,1.5206222683861181e-05,7.2323579306852745e-07,2.1879784086276875e-06,2.1879784086276875e-06
130.80000000000001,0.17453289999999999,0.17451776627454552,1.5133725454474778e-05,7.2497265206287933e-07,2.0842177173429493e-06,2.0842177173429493e-06
130.90000000000001,0.17453289999999999,0.17451783893693004,1.506106306994881e-05,7.2662418616750269e-07,1.9818277189337617e-06,1.9818277189337617e-06
131,0.17453289999999999,0.17451791175605044,1.4988243949548563e-05,7.2819152765582706e-07,1.8807964517436769e-06,1.8807964517436769e-06
131.09999999999999,0.17453289999999999,0.17451798472359967,1.4915276400323529e-05,7.2967579888849284e-07,1.7811120203306577e-06,1.7811120203306577e-06
131.19999999999999,0.17453289999999999,0.17451805783138194,1.4842168618051099e-05,7.3107811236841411e-07,1.6827625954196448e-06,1.6827625954196448e-06
131.30000000000001,0.17453289999999999,0.17451813107131173,1.4768928688263516e-05,7.3239957079594606e-07,1.5857364139364879e-06,1.5857364139364879e-06
131.40000000000001,0.17453289999999999,0.17451820443541277,1.4695564587219323e-05,7.3364126712410392e-07,1.4900217789854527e-06,1.4900217789854527e-06
131.5,0.17453289999999999,0.1745182779158172,1.4622084182791539e-05,7.3480428461358327e-07,1.3956070597470408e-06,1.3956070597470408e-06
131.59999999999999,0.17453289999999999,0.17451835150476441,1.4548495235577885e-05,7.3588969688786885e-07,1.3024806915962453e-06,1.3024806915962453e-06
131.69999999999999,0.17453289999999999,0.17451842519460034,1.4474805399650181e-05,7.3689856798829017e-07,1.2106311758609582e-06,1.2106311758609582e-06
131.80000000000001,0.17453289999999999,0.1745184989777763,1.4401022223692328e-05,7.3783195242906573e-07,1.1200470799691443e-06,1.1200470799691443e-06
131.90000000000001,0.17453289999999999,0.17451857284684805,1.4327153151943994e-05,7.3869089525231642e-07,1.0307170374022983e-06,1.0307170374022983e-06
132,0.17453289999999999,0.17451864679447501,1.4253205524977774e-05,7.3947643208296225e-07,9.4262974748445425e-07,9.4262974748445425e-07
132.09999999999999,0.17453289999999999,0.17451872081341918,1.4179186580809411e-05,7.4018958918371166e-07,8.5577397550260104e-07,8.5577397550260104e-07
132.19999999999999,0.17453289999999999,0.17451879489654426,1.4105103455730461e-05,7.4083138350986829e-07,7.7013855255283101e-07,7.7013855255283101e-07
132.30000000000001,0.17453289999999999,0.17451886903681471,1.4030963185279743e-05,7.4140282276415085e-07,6.8571237552502888e-07,6.8571237552502888e-07
132.40000000000001,0.17453289999999999,0.17451894322729486,1.3956772705131515e-05,7.4190490545149392e-07,6.0248440700462441e-07,6.0248440700462441e-07
132.5,0.17453289999999999,0.17451901746114798,1.3882538852011406e-05,7.4233862093369489e-07,5.2044367520489755e-07,5.2044367520489755e-07
132.59999999999999,0.17453289999999999,0.17451909173163532,1.3808268364667864e-05,7.4270494948408066e-07,4.3957927395441182e-07,4.3957927395441182e-07
132.69999999999999,0.17453289999999999,0.17451916603211534,1.3733967884649312e-05,7.4300486234204808e-07,3.5988036249244575e-07,3.5988036249244575e-07
132.80000000000001,0.17453289999999999,0.17451924035604266,1.3659643957331102e-05,7.4323932176759359e-07,2.8133616551441747e-07,2.8133616551441747e-07
132.90000000000001,0.17453289999999999,0.17451931469696724,1.3585303032748186e-05,7.4340928109575797e-07,2.0393597302454343e-07,2.0393597302454343e-07
133,0.17453289999999999,0.17451938904853351,1.351095146648329e-05,7.4351568479095332e-07,1.2766914024612907e-07,1.2766914024612907e-07
133.09999999999999,0.17453289999999999,0.17451946340447944,1.3436595520555095e-05,7.4355946850124096e-07,5.2525087532757439e-08,5.2525087532757439e-08
133.19999999999999,0.17453289999999999,0.17451953775863571,1.336224136427866e-05,7.4354155911251948e-07,-2.1506699746690435e-08,-2.1506699746690435e-08
133.30000000000001,0.17453289999999999,0.17451961210492484,1.32878950751536e-05,7.434628748026451e-07,-9.4436671294012797e-08,-9.4436671294012797e-08
133.40000000000001,0.17453289999999999,0.17451968643736021,1.3213562639780019e-05,7.4332432509542184e-07,-1.6627521193757439e-07,-1.6627521193757439e-07
133.5,0.17453289999999999,0.17451976075004538,1.3139249954607912e-05,7.4312681091458359e-07,-2.370326418545933e-07,-2.370326418545933e-07
133.59999999999999,0.17453289999999999,0.17451983503717314,1.3064962826853099e-05,7.4287122463754839e-07,-3.0671921662277102e-07,-3.0671921662277102e-07
133.69999999999999,0.17453289999999999,0.17451990929302463,1.2990706975357647e-05,7.4255845014919706e-07,-3.7534512732790121e-07,-3.7534512732790121e-07
133.80000000000001,0.17453289999999999,0.1745199835119686,1.2916488031394779e-05,7.421893628954608e-07,-4.4292050072351507e-07,-4.4292050072351507e-07
133.90000000000001,0.17453289999999999,0.17452005768846041,1.2842311539584816e-05,7.4176482993690117e-07,-5.0945539927940445e-07,-5.0945539927940445e-07
134,0.17453289999999999,0.17452013181704137,1.2768182958616814e-05,7.4128571000211943e-07,-5.7495982142133562e-07,-5.7495982142133562e-07
134.09999999999999,0.17453289999999999,0.17452020589233777,1.2694107662220011e-05,7.40752853541031e-07,-6.39443701518547e-07,-6.39443701518547e-07
134.19999999999999,0.17453289999999999,0.17452027990906022,1.2620090939774453e-05,7.4016710277809761e-07,-7.0291691023130375e-07,-7.0291691023130375e-07
134.30000000000001,0.17453289999999999,0.17452035386200265,1.2546137997337947e-05,7.3952929176534978e-07,-7.6538925443834939e-07,-7.6538925443834939e-07
134.40000000000001,0.17453289999999999,0.1745204277460416,1.2472253958395463e-05,7.3884024643543371e-07,-8.268704774423435e-07,-8.268704774423435e-07
134.5,0.17453289999999999,0.17452050155613544,1.2398443864553021e-05,7.3810078465438363e-07,-8.8737025922588418e-07,-8.8737025922588418e-07
134.59999999999999,0.17453289999999999,0.17452057528732345,1.2324712676536898e-05,7.3731171627438971e-07,-9.4689821640211754e-07,-9.4689821640211754e-07
134.69999999999999,0.17453289999999999,0.17452064893472521,1.2251065274776485e-05,7.3647384318635545e-07,-1.0054639025779133e-06,-1.0054639025779133e-06
134.80000000000001,0.17453289999999999,0.17452072249353956,1.2177506460431253e-05,7.3558795937241206e-07,-1.0630768082721633e-06,-1.0630768082721633e-06
134.90000000000001,0.17453289999999999,0.17452079595904407,1.2104040955918105e-05,7.3465485095817812e-07,-1.1197463613291015e-06,-1.1197463613291015e-06
135,0.17453289999999999,0.17452086932659411,1.2030673405882819e-05,7.3367529626502869e-07,-1.1754819268876972e-06,-1.1754819268876972e-06
135.09999999999999,0.17453289999999999,0.17452094259162201,1.1957408377977208e-05,7.3265006586216933e-07,-1.2302928075418408e-06,-1.2302928075418408e-06
135.19999999999999,0.17453289999999999,0.17452101574963655,1.1884250363441984e-05,7.3157992261853705e-07,-1.284188243691683e-06,-1.284188243691683e-06
135.30000000000001,0.17453289999999999,0.17452108879622191,1.1811203778078205e-05,7.3046562175455828e-07,-1.3371774135038446e-06,-1.3371774135038446e-06
135.40000000000001,0.17453289999999999,0.17452116172703711,1.1738272962885654e-05,7.2930791089387911e-07,-1.3892694332041696e-06,-1.3892694332041696e-06
135.5,0.17453289999999999,0.1745212345378151,1.1665462184895503e-05,7.2810753011482099e-07,-1.440473357171275e-06,-1.440473357171275e-06
135.59999999999999,0.17453289999999999,0.17452130722436215,1.159277563783645e-05,7.268652120017579e-07,-1.4907981781951921e-06,-1.4907981781951921e-06
135.69999999999999,0.17453289999999999,0.17452137978255708,1.1520217442911873e-05,7.2558168169626767e-07,-1.5402528276209459e-06,-1.5402528276209459e-06
135.80000000000001,0.17453289999999999,0.17452145220835036,1.1447791649632499e-05,7.2425765694830179e-07,-1.588846175436932e-06,-1.588846175436932e-06
135.90000000000001,0.17453289999999999,0.17452152449776362,1.1375502236371515e-05,7.2289384816702221e-07,-1.6365870306348845e-06,-1.6365870306348845e-06
136,0.17453289999999999,0.17452159664688874,1.1303353111252745e-05,7.2149095847157788e-07,-1.6834841412356573e-06,-1.6834841412356573e-06
136.09999999999999,0.17453289999999999,0.17452166865188717,1.1231348112816786e-05,7.2004968374171468e-07,-1.7295461945340778e-06,-1.7295461945340778e-06
136.19999999999999,0.17453289999999999,0.17452174050898928,1.1159491010714895e-05,7.1857071266822254e-07,-1.7747818173131107e-06,-1.7747818173131107e-06
136.30000000000001,0.17453289999999999,0.17452181221449356,1.1087785506430636e-05,7.1705472680317789e-07,-1.8191995760265651e-06,-1.8191995760265651e-06
136.40000000000001,0.17453289999999999,0.17452188376476599,1.1016235234001526e-05,7.1550240061013794e-07,-1.8628079769809568e-06,-1.8628079769809568e-06
136.5,0.17453289999999999,0.17452195515623925,1.0944843760740675e-05,7.1391440151401082e-07,-1.9056154665115207e-06,-1.9056154665115207e-06
136.59999999999999,0.17453289999999999,0.17452202638541212,1.0873614587875169e-05,7.1229138995091502e-07,-1.9476304312413008e-06,-1.9476304312413008e-06
136.69999999999999,0.17453289999999999,0.17452209744884867,1.0802551151323225e-05,7.1063401941779156e-07,-1.988861198197023e-06,-1.988861198197023e-06
136.80000000000001,0.17453289999999999,0.17452216834317763,1.0731656822360325e-05,7.0894293652184991e-07,-2.0293160350329742e-06,-2.0293160350329742e-06
136.90000000000001,0.17453289999999999,0.17452223906509173,1.0660934908257591e-05,7.0721878102990601e-07,-2.0690031502807175e-06,-2.0690031502807175e-06
137,0.17453289999999999,0.17452230961134702,1.059038865297568e-05,7.0546218591745569e-07,-2.1079306935385232e-06,-2.1079306935385232e-06
137.09999999999999,0.17453289999999999,0.1745223799787621,1.0520021237886423e-05,7.0367377741765955e-07,-2.1461067556314492e-06,-2.1461067556314492e-06
137.19999999999999,0.17453289999999999,0.17452245016421764,1.0449835782355699e-05,7.0185417507005683e-07,-2.1835393689053241e-06,-2.1835393689053241e-06
137.30000000000001,0.17453289999999999,0.17452252016465547,1.0379835344520583e-05,7.0000399176924498e-07,-2.2202365073258264e-06,-2.2202365073258264e-06
137.40000000000001,0.17453289999999999,0.17452258997707815,1.0310022921844464e-05,6.9812383381326554e-07,-2.2562060867943161e-06,-2.2562060867943161e-06
137.5,0.17453289999999999,0.17452265959854815,1.0240401451838688e-05,6.962143009518538e-07,-2.2914559652946813e-06,-2.2914559652946813e-06
137.59999999999999,0.17453289999999999,0.17452272902618732,1.0170973812673179e-05,6.9427598643449676e-07,-2.3259939431477632e-06,-2.3259939431477632e-06
137.69999999999999,0.17453289999999999,0.17452279825717612,1.010174282387033e-05,6.9230947705831027e-07,-2.3598277631792549e-06,-2.3598277631792549e-06
137.80000000000001,0.17453289999999999,0.17452286728875313,1.0032711246860115e-05,6.9031535321576701e-07,-2.3929651110236915e-06,-2.3929651110236915e-06
137.90000000000001,0.17453289999999999,0.17452293611821432,9.9638817856739781e-06,6.8829418894219247e-07,-2.4254136152854862e-06,-2.4254136152854862e-06
138,0.17453289999999999,0.17452300474291238,9.8952570876109647e-06,6.8624655196309698e-07,-2.4571808477247811e-06,-2.4571808477247811e-06
138.09999999999999,0.17453289999999999,0.17452307316025614,9.8268397438483479e-06,6.8417300374138862e-07,-2.4882743234966481e-06,-2.4882743234966481e-06
138.19999999999999,0.17453289999999999,0.17452314136770999,9.7586322899967382e-06,6.8207409952427852e-07,-2.5187015014402754e-06,-2.5187015014402754e-06
138.30000000000001,0.17453289999999999,0.17452320936279328,9.6906372067107061e-06,6.799503883900632e-07,-2.5484697843104316e-06,-2.5484697843104316e-06
138.40000000000001,0.17453289999999999,0.17452327714307958,9.6228569204104275e-06,6.7780241329472571e-07,-2.5775865188946355e-06,-2.5775865188946355e-06
138.5,0.17453289999999999,0.17452334470619618,9.5552938038090396e-06,6.7563071111830145e-07,-2.6060589963203871e-06,-2.6060589963203871e-06
138.59999999999999,0.17453289999999999,0.17452341204982341,9.4879501765787744e-06,6.7343581271114089e-07,-2.6338944522217618e-06,-2.6338944522217618e-06
138.69999999999999,0.17453289999999999,0.17452347917169414,9.4208283058505593e-06,6.7121824293992178e-07,-2.6611000670680322e-06,-2.6611000670680322e-06
138.80000000000001,0.17453289999999999,0.17452354606959314,9.3539304068523954e-06,6.6897852073341192e-07,-2.687682966349019e-06,-2.687682966349019e-06
138.90000000000001,0.17453289999999999,0.17452361274135642,9.2872586435754911e-06,6.6671715912818001e-07,-2.7136502207317486e-06,-2.7136502207317486e-06
139,0.17453289999999999,0.1745236791848708,9.220815129190596e-06,6.6443466531391413e-07,-2.7390088464598589e-06,-2.7390088464598589e-06
139.09999999999999,0.17453289999999999,0.17452374539807317,9.1546019268251566e-06,6.6213154067878673e-07,-2.7637658053930039e-06,-2.7637658053930039e-06
139.19999999999999,0.17453289999999999,0.17452381137894993,9.0886210500629172e-06,6.5980828085446999e-07,-2.7879280053175432e-06,-2.7879280053175432e-06
139.30000000000001,0.17453289999999999,0.17452387712553666,9.0228744633324975e-06,6.5746537576093589e-07,-2.8115023003643482e-06,-2.8115023003643482e-06
139.40000000000001,0.17453289999999999,0.17452394263591717,8.957364082823327e-06,6.5510330965113437e-07,-2.8344954908970918e-06,-2.8344954908970918e-06
139.5,0.17453289999999999,0.17452400790822323,8.8920917767632002e-06,6.5272256115545703e-07,-2.8569143240350269e-06,-2.8569143240350269e-06
139.59999999999999,0.17453289999999999,0.17452407294063388,8.8270593661121666e-06,6.5032360332598572e-07,-2.8787654937555758e-06,-2.8787654937555758e-06
139.69999999999999,0.17453289999999999,0.17452413773137496,8.7622686250343751e-06,6.4790690368053001e-07,-2.9000556412151658e-06,-2.9000556412151658e-06
139.80000000000001,0.17453289999999999,0.17452420227871845,8.6977212815364524e-06,6.4547292424650156e-07,-2.9207913549005754e-06,-2.9207913549005754e-06
139.90000000000001,0.17453289999999999,0.17452426658098205,8.6334190179393477e-06,6.4302212160457116e-07,-2.9409791709429331e-06,-2.9409791709429331e-06
140,0.17453289999999999,0.17452433063652853,8.5693634714611999e-06,6.4055494693207166e-07,-2.9606255733160902e-06,-2.9606255733160902e-06
140.09999999999999,0.17453289999999999,0.17452439444376527,8.5055562347169378e-06,6.3807184604629789e-07,-2.9797369941164236e-06,-2.9797369941164236e-06
140.19999999999999,0.17453289999999999,0.17452445800114369,8.4419988563011472e-06,6.3557325944753175e-07,-2.9983198137544238e-06,-2.9983198137544238e-06
140.30000000000001,0.17453289999999999,0.17452452130715873,8.378692841259916e-06,6.3305962236189778e-07,-3.0163803612542436e-06,-3.0163803612542436e-06
140.40000000000001,0.17453289999999999,0.17452458436034832,8.3156396516737008e-06,6.3053136478399876e-07,-3.0339249144382763e-06,-3.0339249144382763e-06
140.5,0.17453289999999999,0.17452464715929289,8.2528407071014165e-06,6.2798891151933726e-07,-3.0509597002466535e-06,-3.0509597002466535e-06
140.59999999999999,0.17453289999999999,0.17452470970261483,8.1902973851633032e-06,6.254326822265803e-07,-3.0674908949151421e-06,-3.0674908949151421e-06
140.69999999999999,0.17453289999999999,0.17452477198897798,8.128011022012771e-06,6.2286309145953003e-07,-3.08352462425877e-06,-3.08352462425877e-06
140.80000000000001,0.17453289999999999,0.17452483401708713,8.0659829128637561e-06,6.2028054870900699e-07,-3.0990669638983701e-06,-3.0990669638983701e-06
140.90000000000001,0.17453289999999999,0.17452489578568756,8.0042143124348097e-06,6.1768545844440379e-07,-3.1141239395644586e-06,-3.1141239395644586e-06
141,0.17453289999999999,0.1745249572935644,7.9427064355874766e-06,6.1507822015516662e-07,-3.1287015272055227e-06,-3.1287015272055227e-06
141.09999999999999,0.17453289999999999,0.1745250185395423,7.8814604576871172e-06,6.1245922839193842e-07,-3.1428056533677748e-06,-3.1428056533677748e-06
141.19999999999999,0.17453289999999999,0.17452507952248494,7.8204775150469974e-06,6.0982887280754383e-07,-3.1564421954887912e-06,-3.1564421954887912e-06
141.30000000000001,0.17453289999999999,0.17452514024129437,7.7597587056221773e-06,6.0718753819783311e-07,-3.1696169819388189e-06,-3.1696169819388189e-06
141.40000000000001,0.17453289999999999,0.17452520069491065,7.6993050893425785e-06,6.0453560454223733e-07,-3.1823357924176934e-06,-3.1823357924176934e-06
141.5,0.17453289999999999,0.17452526088231141,7.6391176885848289e-06,6.0187344704413342e-07,-3.1946043582095718e-06,-3.1946043582095718e-06
141.59999999999999,0.17453289999999999,0.17452532080251126,7.5791974887273739e-06,5.9920143617104363e-07,-3.2064283623514116e-06,-3.2064283623514116e-06
141.69999999999999,0.17453289999999999,0.17452538045456148,7.5195454385112992e-06,5.9651993769456927e-07,-3.2178134399909482e-06,-3.2178134399909482e-06
141.80000000000001,0.17453289999999999,0.17452543983754942,7.4601624505676867e-06,5.9382931273008762e-07,-3.2287651785738911e-06,-3.2287651785738911e-06
141.90000000000001,0.17453289999999999,0.17452549895059805,7.4010494019449702e-06,5.9112991777639362e-07,-3.2392891180301156e-06,-3.2392891180301156e-06
142,0.17453289999999999,0.1745255577928656,7.3422071343864914e-06,5.8842210475493578e-07,-3.2493907512023526e-06,-3.2493907512023526e-06
142.09999999999999,0.17453289999999999,0.17452561636354494,7.2836364550521449e-06,5.8570622104901258e-07,-3.2590755238300814e-06,-3.2590755238300814e-06
142.19999999999999,0.17453289999999999,0.17452567466186331,7.2253381366849112e-06,5.8298260954268436e-07,-3.2683488350834081e-06,-3.2683488350834081e-06
142.30000000000001,0.17453289999999999,0.17452573268708177,7.1673129182214801e-06,5.8025160865939777e-07,-3.2772160376476806e-06,-3.2772160376476806e-06
142.40000000000001,0.17453289999999999,0.17452579043849475,7.1095615052363392e-06,5.7751355240059334e-07,-3.2856824379743406e-06,-3.2856824379743406e-06
142.5,0.17453289999999999,0.17452584791542969,7.0520845703025969e-06,5.7476877038392911e-07,-3.2937532966081261e-06,-3.2937532966081261e-06
142.59999999999999,0.17453289999999999,0.1745259051172465,6.9948827534915825e-06,5.7201758788137499e-07,-3.3014338283731677e-06,-3.3014338283731677e-06
142.69999999999999,0.17453289999999999,0.17452596204333726,6.9379566627336686e-06,5.6926032585709333e-07,-3.3087292026940122e-06,-3.3087292026940122e-06
142.80000000000001,0.17453289999999999,0.17452601869312567,6.8813068743178718e-06,5.6649730100504996e-07,-3.3156445437730272e-06,-3.3156445437730272e-06
142.90000000000001,0.17453289999999999,0.17452607506606668,6.824933933308186e-06,5.6372882578653008e-07,-3.3221849308493558e-06,-3.3221849308493558e-06
143,0.17453289999999999,0.17452613116164606,6.7688383539321606e-06,5.6095520846736043e-07,-3.3283553984803265e-06,-3.3283553984803265e-06
143.09999999999999,0.17453289999999999,0.17452618697938002,6.7130206199694786e-06,5.5817675315494071e-07,-3.3341609368194543e-06,-3.3341609368194543e-06
143.19999999999999,0.17453289999999999,0.17452624251881477,6.6574811852238014e-06,5.5539375983503783e-07,-3.3396064918068795e-06,-3.3396064918068795e-06
143.30000000000001,0.17453289999999999,0.17452629777952608,6.6022204739113466e-06,5.5260652440844422e-07,-3.3446969654406497e-06,-3.3446969654406497e-06
143.40000000000001,0.17453289999999999,0.17452635276111891,6.547238881077222e-06,5.498153387273516e-07,-3.349437216015106e-06,-3.349437216015106e-06
143.5,0.17453289999999999,0.17452640746322701,6.4925367729840033e-06,5.4702049063163481e-07,-3.3538320583854229e-06,-3.3538320583854229e-06
143.59999999999999,0.17453289999999999,0.17452646188551252,6.4381144874725571e-06,5.4422226398470332e-07,-3.3578862642521031e-06,-3.3578862642521031e-06
143.69999999999999,0.17453289999999999,0.17452651602766558,6.3839723344061294e-06,5.4142093870939671e-07,-3.3616045623630116e-06,-3.3616045623630116e-06
143.80000000000001,0.17453289999999999,0.17452656988940396,6.3301105960311688e-06,5.3861679082348378e-07,-3.3649916387915399e-06,-3.3649916387915399e-06
143.90000000000001,0.17453289999999999,0.17452662347047254,6.2765295274491706e-06,5.3581009247508066e-07,-3.3680521371022821e-06,-3.3680521371022821e-06
144,0.17453289999999999,0.17452667677064315,6.223229356838722e-06,5.3300111197781889e-07,-3.3707906587620186e-06,-3.3707906587620186e-06
144.09999999999999,0.17453289999999999,0.17452672978971398,6.1702102860106134e-06,5.3019011384572719e-07,-3.3732117632124763e-06,-3.3732117632124763e-06
144.19999999999999,0.17453289999999999,0.17452678252750936,6.1174724906298827e-06,5.2737735882805343e-07,-3.3753199682750783e-06,-3.3753199682750783e-06
144.30000000000001,0.17453289999999999,0.17452683498387928,6.0650161207154163e-06,5.2456310394374326e-07,-3.3771197502719629e-06,-3.3771197502719629e-06
144.40000000000001,0.17453289999999999,0.17452688715869907,6.0128413009175041e-06,5.2174760251581618e-07,-3.3786155443671869e-06,-3.3786155443671869e-06
144.5,0.17453289999999999,0.17452693905186908,5.9609481309064183e-06,5.1893110420541987e-07,-3.3798117447911386e-06,-3.3798117447911386e-06
144.59999999999999,0.17453289999999999,0.17452699066331423,5.9093366857609908e-06,5.1611385504577799e-07,-3.3807127050630128e-06,-3.3807127050630128e-06
144.69999999999999,0.17453289999999999,0.17452704199298363,5.8580070163571918e-06,5.1329609747593241e-07,-3.3813227382095909e-06,-3.3813227382095909e-06
144.80000000000001,0.17453289999999999,0.17452709304085032,5.8069591496734407e-06,5.1047807037423259e-07,-3.3816461170627459e-06,-3.3816461170627459e-06
144.90000000000001,0.17453289999999999,0.17452714380691089,5.7561930890959179e-06,5.0766000909161647e-07,-3.3816870745531782e-06,-3.3816870745531782e-06
145,0.17453289999999999,0.17452719429118513,5.7057088148626534e-06,5.0484214548469397e-07,-3.3814498038618381e-06,-3.3814498038618381e-06
145.09999999999999,0.17453289999999999,0.17452724449371562,5.6555062843688386e-06,5.0202470794864309e-07,-3.3809384587067377e-06,-3.3809384587067377e-06
145.19999999999999,0.17453289999999999,0.17452729441456746,5.6055854325276488e-06,4.9920792144994206e-07,-3.3801571535713078e-06,-3.3801571535713078e-06
145.30000000000001,0.17453289999999999,0.17452734405382789,5.5559461721033099e-06,4.9639200755878715e-07,-3.3791099639548588e-06,-3.3791099639548588e-06
145.40000000000001,0.17453289999999999,0.17452739341160597,5.5065883940164095e-06,4.9357718448141272e-07,-3.3778009266490198e-06,-3.3778009266490198e-06
145.5,0.17453289999999999,0.17452744248803231,5.4575119676769646e-06,4.9076366709212483e-07,-3.3762340399812829e-06,-3.3762340399812829e-06
145.59999999999999,0.17453289999999999,0.17452749128325865,5.4087167413452431e-06,4.8795166696518677e-07,-3.3744132640281182e-06,-3.3744132640281182e-06
145.69999999999999,0.17453289999999999,0.17452753979745747,5.3602025425203426e-06,4.8514139240648162e-07,-3.372342520796327e-06,-3.372342520796327e-06
145.80000000000001,0.17453289999999999,0.17452758803082191,5.311969178078968e-06,4.8233304848496612e-07,-3.3700256946504224e-06,-3.3700256946504224e-06
145.90000000000001,0.17453289999999999,0.17452763598356513,5.2640164348582985e-06,4.7952683706398632e-07,-3.3674666322934559e-06,-3.3674666322934559e-06
146,0.17453289999999999,0.17452768365592031,5.2163440796837435e-06,4.7672295683230535e-07,-3.364669143297753e-06,-3.364669143297753e-06
146.09999999999999,0.17453289999999999,0.17452773104814007,5.1689518599240536e-06,4.739216033349301e-07,-3.3616370001046879e-06,-3.3616370001046879e-06
146.19999999999999,0.17453289999999999,0.17452777816049636,5.121839503630099e-06,4.7112296900381871e-07,-3.3583739384386386e-06,-3.3583739384386386e-06
146.30000000000001,0.17453289999999999,0.17452782499328001,5.0750067199789584e-06,4.6832724318830137e-07,-3.3548836574104656e-06,-3.3548836574104656e-06
146.40000000000001,0.17453289999999999,0.17452787154680052,5.028453199468208e-06,4.6553461218539096e-07,-3.3511698198688289e-06,-3.3511698198688289e-06
146.5,0.17453289999999999,0.17452791782138569,4.9821786143044999e-06,4.627452592697686e-07,-3.3472360525513344e-06,-3.3472360525513344e-06
146.59999999999999,0.17453289999999999,0.17452796381738134,4.9361826186533619e-06,4.5995936472373462e-07,-3.3430859463738616e-06,-3.3430859463738616e-06
146.69999999999999,0.17453289999999999,0.17452800953515102,4.8904648489722646e-06,4.5717710586682213e-07,-3.3387230566305344e-06,-3.3387230566305344e-06
146.80000000000001,0.17453289999999999,0.17452805497507576,4.845024924232666e-06,4.5439865708526503e-07,-3.3341509033021041e-06,-3.3341509033021041e-06
146.90000000000001,0.17453289999999999,0.17452810013755368,4.7998624463085893e-06,4.5162418986130711e-07,-3.3293729711949389e-06,-3.3293729711949389e-06
147,0.17453289999999999,0.17452814502299985,4.7549770001431568e-06,4.4885387280219305e-07,-3.3243927102963183e-06,-3.3243927102963183e-06
147.09999999999999,0.17453289999999999,0.1745281896318458,4.710368154192679e-06,4.4608787166914126e-07,-3.3192135358518644e-06,-3.3192135358518644e-06
147.19999999999999,0.17453289999999999,0.17452823396453945,4.6660354605376764e-06,4.4332634940595714e-07,-3.3138388287695525e-06,-3.3138388287695525e-06
147.30000000000001,0.17453289999999999,0.17452827802154466,4.6219784553269694e-06,4.4056946616756181e-07,-3.3082719356891423e-06,-3.3082719356891423e-06
147.40000000000001,0.17453289999999999,0.17452832180334113,4.5781966588609446e-06,4.3781737934826401e-07,-3.3025161694078072e-06,-3.3025161694078072e-06
147.5,0.17453289999999999,0.17452836531042393,4.5346895760633998e-06,4.3507024360983384e-07,-3.2965748089136089e-06,-3.2965748089136089e-06
147.59999999999999,0.17453289999999999,0.17452840854330334,4.4914566966480773e-06,4.3232821090949509e-07,-3.2904510997228349e-06,-3.2904510997228349e-06
147.69999999999999,0.17453289999999999,0.17452845150250462,4.4484974953684642e-06,4.2959143052753034e-07,-3.2841482541270816e-06,-3.2841482541270816e-06
147.80000000000001,0.17453289999999999,0.17452849418856764,4.405811432350859e-06,4.2686004909488248e-07,-3.2776694513570263e-06,-3.2776694513570263e-06
147.90000000000001,0.17453289999999999,0.1745285366020467,4.3633979532886613e-06,4.2413421062045661e-07,-3.2710178378795581e-06,-3.2710178378795581e-06
148,0.17453289999999999,0.17452857874351027,4.3212564897199268e-06,4.2141405651823986e-07,-3.2641965276083905e-06,-3.2641965276083905e-06
148.09999999999999,0.17453289999999999,0.17452862061354063,4.2793864593604347e-06,4.1869972563425596e-07,-3.2572086020561723e-06,-3.2572086020561723e-06
148.19999999999999,0.17453289999999999,0.17452866221273372,4.237787266270221e-06,4.1599135427337369e-07,-3.2500571106505053e-06,-3.2500571106505053e-06
148.30000000000001,0.17453289999999999,0.17452870354169892,4.1964583010756229e-06,4.1328907622579903e-07,-3.2427450709887599e-06,-3.2427450709887599e-06
148.40000000000001,0.17453289999999999,0.17452874460105866,4.1553989413301018e-06,4.1059302279351066e-07,-3.2352754689530905e-06,-3.2352754689530905e-06
148.5,0.17453289999999999,0.17452878539144823,4.1146085517640429e-06,4.079033228164725e-07,-3.2276512589324618e-06,-3.2276512589324618e-06
148.59999999999999,0.17453289999999999,0.17452882591351565,4.0740864843402669e-06,4.0522010269860464e-07,-3.2198753642346166e-06,-3.2198753642346166e-06
148.69999999999999,0.17453289999999999,0.17452886616792135,4.0338320786426074e-06,4.0254348643357329e-07,-3.2119506771617118e-06,-3.2119506771617118e-06
148.80000000000001,0.17453289999999999,0.17452890615533781,3.9938446621812229e-06,3.9987359563046871e-07,-3.2038800591672142e-06,-3.2038800591672142e-06
148.90000000000001,0.17453289999999999,0.17452894587644951,3.9541235504758632e-06,3.9721054953927255e-07,-3.195666341231043e-06,-3.195666341231043e-06
149,0.17453289999999999,0.17452898533195266,3.914668047333425e-06,3.9455446507605561e-07,-3.1873123240355764e-06,-3.1873123240355764e-06
149.09999999999999,0.17453289999999999,0.17452902452255484,3.8754774451532636e-06,3.9190545684812403e-07,-3.1788207781129685e-06,-3.1788207781129685e-06
149.19999999999999,0.17453289999999999,0.1745290634489749,3.8365510250937263e-06,3.8926363717888022e-07,-3.1701944441261176e-06,-3.1701944441261176e-06
149.30000000000001,0.17453289999999999,0.17452910211194272,3.7978880572664409e-06,3.8662911613255259e-07,-3.1614360331195058e-06,-3.1614360331195058e-06
149.40000000000001,0.17453289999999999,0.17452914051219892,3.7594878010693833e-06,3.8400200153874636e-07,-3.1525482266280513e-06,-3.1525482266280513e-06
149.5,0.17453289999999999,0.17452917865049472,3.721349505270144e-06,3.8138239901674908e-07,-3.1435336770313391e-06,-3.1435336770313391e-06
149.59999999999999,0.17453289999999999,0.17452921652759168,3.6834724083112391e-06,3.7877041199974023e-07,-3.1343950076840852e-06,-3.1343950076840852e-06
149.69999999999999,0.17453289999999999,0.17452925414426146,3.6458557385321555e-06,3.7616614175876612e-07,-3.1251348131256344e-06,-3.1251348131256344e-06
149.80000000000001,0.17453289999999999,0.17452929150128565,3.6084987143358838e-06,3.735696874265856e-07,-3.1157556593426571e-06,-3.1157556593426571e-06
149.90000000000001,0.17453289999999999,0.17452932859945555,3.5714005444387187e-06,3.7098114602126215e-07,-3.106260083944e-06,-3.106260083944e-06
